cultivar_id,fruit_group,species_slug,cultivar_name,species_scientific,type_label,description_text,synonyms,availability_text,held_in_nfc,images,source_url,source_licence,nfc_id,acc4,flower_10pct_mmdd,flower_full_mmdd,petal_fall_90pct_mmdd,picking_window_text,bloom_week,bloom_band,harvest_band,self_fertile,triploid,pollination_notes,disease_scab,disease_mildew,disease_fire_blight,wet_climate_suitability,drought_suitability,enrichment_sources,trait_size,trait_shape,trait_ribbing,trait_crown,trait_ground_colour,trait_over_colour_amount,trait_over_colour,trait_over_colour_pattern,trait_russet,trait_crunch,trait_flesh_colour,trait_height,trait_width,trait_firmness,trait_skin_colour,trait_juice_colour,trait_weight,trait_stone,trait_flavour,trait_veining,trait_hairiness,trait_bristles
apple-white-transparent,apple,fruit-apple,White Transparent,Malus domestica Borkh.,Culinary / Dessert,"Introduced to Western Europe in the mid 1800s from Russia or the Baltic States. Fruits have white, rather coarse-textured flesh with an acid and a little sweet flavour. Soon becomes woolly and dry.",Alebastrovoe|Belui nalif|Belui naliv|Bely naliv|Belya naliv|Belyi naliv nastoiascii|Biala prozracina|Biali Nalew|Bjalij naliv|Charlottentaler|Charlottenthaler|Clar Alb|de Revel|Durchsichtiger Sommerapfel|Feher Clar|Fransk Gylling|Franzosischer Sommerapfel|Grand Sultan|Grand-Sultan|Gustav I's Munapple|Hvit Astrakan|Hvit Klarann|Hvitt Klarapple|Inflancka|Inflanckie|Jaune Transparente|Jellow Transparent|Klarapfel|Klargylling|Kornapfel|Livlander Klarapfel|Naliv beli|Naliv Belui|Naliv skvoznoi|Naliv Transparent|Nalivnoe beloe|Nalivnoie Beloie|Nalivnoje Beloje|Naliw Bjelyi|Naliwjoje heloje|Oogstappel|Paperovka|Paperuvka|Papierdwka biala|Papierowka biela|Papierowka letnia|Papirovka|Papirowka|Pipierowka letnia|Pipka Alebastrovaya|Polnischer Papierapfel|Pomme d'Aout|Pomme d'Astracan Blanche|Pomme d'Or|Pomme de Revel|Pomme Transparente|Pomme Transparente Blanche|Pomme Transparente Jaune|Prozracinoe beloe|Prusvitne Zlute|Scharlottenthaler Golba|Sen Vitgul Astrakan|Sklenene zlute|Transparent Blanch|Transparent Blanche|Transparent de St. Leger|Transparent de Zurich|Transparent Jaune|Transparente|Transparente Blanche|Transparente Blanche de St. Leger|Transparente d'Astracan|Transparente d'Ete|Transparente de Moskovie|Transparente de Muscovie d'EtT|Transparente de Saint-Leger|Transparente de St. Leger|Transparente de Zurich|Transparente Jaune|Vinapple|Vitt Klarapple|Weisser Klarapfel|Weisser Transparent|Weisser Transparentapfel|Weisser Transparente|White Transparente|Yellow Transparent|Yellow Transparente,Material available from the National Fruit Collection. Mother to: Milton Early McIntosh Wrixparent Father to: Lodi Accession No. 2000 - 096 fingerprint check_circle Accession name White Transparent,True,,https://www.nationalfruitcollection.org.uk/full2.php?id=6741&&fruit=apple,Open Government Licence (Crown Copyright; excluding logos),6741.0,,05-06,05-14,,Late July,20.0,,,,,,,,,,,,medium,Truncate conical,weak-medium,medium,Whitish yellow,absent,,,very low,crisp,White,,,,,,,,,,,
apple-gala,apple,fruit-apple,Gala,Malus domestica Borkh.,Dessert,"Raised in about 1934 by J.H.Kidd at Greytown Wairarapa, New Zealand. It was named in 1965. Fruits have firm, crisp, fine-textured, juicy flesh with a sweet and good aromatic flavour.",,Material available from the National Fruit Collection.,True,,https://www.nationalfruitcollection.org.uk/full2.php?id=2183&&fruit=apple,Open Government Licence (Crown Copyright; excluding logos),2183.0,,04-30,05-08,,Early October,19.0,,,,,,,,,,,,medium,Globose conical,weak-medium,medium,Yellow,medium,Orange,striped/mottled,low,crisp,Yellowish,59.79 mm,65.08 mm,,,,,,,,,
apple-fuji,apple,fruit-apple,Fuji,Malus domestica Borkh.,Dessert,"Raised in 1939 by H. Niitsu at the Horticultural Research Station, Nakahara, Japan. It was named in 1962. Fruits have crisp, juicy flesh with a slightly subacid flavour. Fruits often fail to mature fully in the UK.",Fuji INRA Type4 - Nagafu(No2) INFEL 6671,Material available from the National Fruit Collection.,True,,https://www.nationalfruitcollection.org.uk/full2.php?id=2166&&fruit=apple,Open Government Licence (Crown Copyright; excluding logos),2166.0,,05-12,05-19,,Late October,20.0,,,,,,,,,,,,medium,Ellipsoid,weak-medium,,Green yellow,,Orange,striped,very low,crisp,,58.50 mm,62.00 mm,,,,,,,,,
apple-honeycrisp,apple,fruit-apple,Honeycrisp,Malus domestica Borkh.,Dessert,"A very crisp, juicy apple with a sweet flavour and light acidity. Popular for fresh eating; can be slow to colour in cooler sites.",Honeycrisp|Honey Crisp,Commonly sold for home orchards/gardens in Europe (nursery stock).,False,,https://en.wikipedia.org/wiki/Honeycrisp,CC BY-SA 4.0 (Wikipedia); summary written for this dataset.,,,,,,September–October,,,,,,,,,,,,Wikipedia,,,,,,,,,,,,,,,,,,,,,,
apple-delicious,apple,fruit-apple,Delicious,Malus domestica Borkh.,Dessert,"An American apple discovered in about 1880 growing as a shoot from a rootstock by J. Hiatt, near Peru, Iowa. It was introduced by Stark Brothers in 1895. Fruits have very firm, very sweet, juicy flesh with a highly aromatic flavour. Skin is very tough. Fruits have much better flavour when grown in climates with good temperature and light conditions.",Cervena prevazhodna|Delicious rosso|Hawkeye|Piros Delicious|Prevoshodnoe krasnoe|Red Delicious|Stark Delicious,Not currently held in the National Fruit Collection. Father to: Fuji Kidd's Orange Red Fukunishiki Orleans Medina Jonadel Empire Chieftain Regent Legana Kinrei Sweet Delicious Murasaki New Fuji Sports: Idaho Delicious Oregon Spur Starkspur Supreme Richared Delicious Starking Starkrimson Delicious Wellspur Delicious,False,,https://www.nationalfruitcollection.org.uk/full2.php?id=1524&&fruit=apple,Open Government Licence (Crown Copyright; excluding logos),1524.0,,05-12,05-20,,Mid October,20.0,,,,,,,,,,,,medium,Truncate conical,strong,,Green yellow,,Red,striped,,crisp,Cream,58.00 mm,64.00 mm,firm,,,,,,,,
apple-golden-delicious,apple,fruit-apple,Golden Delicious,Malus domestica Borkh.,Dessert,"A chance seedling found in 1890 by A.H. Mullins, Clay County, West Virginia, USA. It was introduced in 1914 by Stark Brothers. Fruits have crisp, sweet, juicy flesh with a good aromatic flavour.",Arany delicious|Delicios auriu|Stark Golden Delicious|Yellow Delicious|Zlatna prevazhodna|Zolotoe prevoshodnoe,Material available from the National Fruit Collection. Mother to: Telstar Freyberg Korei Golden Melon Redgold Shinsei Mutsu Jonagold Odin Skinlite Magnolia Gold Sungold Ozark Gold Arlet Elstar Dorsett Golden Dukat Spur Sinta Criterion Kinrei Dukat Jonagored Supra Goro Goldjon Honeygold Priolov Delises Tsugaru Chehalis Cloden Nugget Charden Kougetsu Father to: Imperial Gala Spencer Ivette Shin Indo Horei Spigold Rubin Hatsuaki Gala Greensleeves Summerland Ingol Sports: Golden Delicious Horst No.2 Doud Golden Delicious Starkspur Golden Delicious Golden Auvilspur Lysgolden Clear Gold Goldensheen Goldspur Courtagold Ed Gould Golden Elbee Golden Morspur Lemon Pippin Merrigold Penco Smoothee Testerspur Golden Delicious,True,,https://www.nationalfruitcollection.org.uk/full2.php?id=2335&&fruit=apple,Open Government Licence (Crown Copyright; excluding logos),2335.0,,05-11,05-19,,Late October,20.0,,,,,,,,,,,,medium,Globose conical,weak-medium,medium,Yellow,,Orange,,low,crisp,Yellowish,67.00 mm,70.00 mm,,,,,,,,,
apple-granny-smith,apple,fruit-apple,Granny Smith,Malus domestica Borkh.,Dessert,"Raised by Mrs Thomas Smith, Ryde, New South Wales, Australia. Trees were known to be fruiting in 1868. Mrs Smith was born in Peasmarsh, Sussex in 1800 and emigrated to Australia in 1838. Fruits have firm, rather coarse-textured, juicy flesh with a subacid and refreshing flavour.",,Material available from the National Fruit Collection.,True,,https://www.nationalfruitcollection.org.uk/full2.php?id=2439&&fruit=apple,Open Government Licence (Crown Copyright; excluding logos),2439.0,,05-10,05-18,,Mid October,20.0,,,,,,,,,,,,large,Globose conical,weak,weak-medium,Whitish green,very low,Red,mottled/washed out,low,crisp,Greenish,69.58 mm,72.14 mm,firm-very firm,,,,,,,,
apple-braeburn,apple,fruit-apple,Braeburn,Malus domestica Borkh.,Dessert,"Discovered on the property of O.Moran, Waiwhero, Upper Moutere, New Zealand and was first grown commercially by William Bros. at Braeburn orchard, Upper Moutere in 1952. I Fruits have crisp, firm flesh with a perfumed flavour, although fruits usually fail to mature fully in the U.K.",Breaburn,Material available from the National Fruit Collection.,True,,https://www.nationalfruitcollection.org.uk/full2.php?id=711&&fruit=apple,Open Government Licence (Crown Copyright; excluding logos),711.0,,05-18,05-26,,Late October,21.0,,,,,,,,,,,,medium,Broad globose conical,medium,medium-strong,Green yellow,medium,Orange,striped/solid flush,low,crisp,Cream,55.43 mm,67.64 mm,,,,,,,,,
apple-jonagold,apple,fruit-apple,Jonagold,Malus domestica Borkh.,Dessert,"Triploid.Raised in 1943 at the New York State Agricultural Experiment Station, Geneva, New York, USA. It was introduced in 1968. Fruits have creamy white, fine-textured, juicy flesh with a sweet and good rich flavour.",,Material available from the National Fruit Collection.,True,,https://www.nationalfruitcollection.org.uk/full2.php?id=3065&&fruit=apple,Open Government Licence (Crown Copyright; excluding logos),3065.0,,05-13,05-21,,Mid October,21.0,,,,True,,,,,,,,large,Globose,weak-medium,weak,Whitish yellow,medium,Orange,striped/mottled,low,crisp,Yellowish,70.17 mm,78.18 mm,,,,,,,,,
apple-idared,apple,fruit-apple,Idared,Malus domestica Borkh.,Dessert,"Raised by Leif Verner at Idaho Agricultural Experiment Station, Moscow, Idaho, USA. It was introduced in 1942. Fruits have white, tinged green, firm, crisp, fine-textured flesh with a sweet and pleasant vinous flavour.",,Material available from the National Fruit Collection.,True,,https://www.nationalfruitcollection.org.uk/full2.php?id=2894&&fruit=apple,Open Government Licence (Crown Copyright; excluding logos),2894.0,,05-07,05-15,,Early October,20.0,,,,,,,,,,,,large,Flat,medium,,Yellow,,Red,,,,White,64.50 mm,79.00 mm,,,,,,,,,
apple-elstar,apple,fruit-apple,Elstar,Malus domestica Borkh.,Dessert,"Raised in 1955 by Dr T. Visser at IVT,Wageningen, The Netherlands. Fruits are sweet, crisp and juicy.",,Material available from the National Fruit Collection.,True,,https://www.nationalfruitcollection.org.uk/full2.php?id=1850&&fruit=apple,Open Government Licence (Crown Copyright; excluding logos),1850.0,,05-17,05-24,,Early October,21.0,,,,,,,,,,,,medium,Globose conical,weak-medium,very weak,Yellow,medium,Red,striped/mottled,low,crisp,Cream,56.25 mm,66.88 mm,,,,,,,,,
apple-mcintosh,apple,fruit-apple,McIntosh,Malus domestica Borkh.,Dessert,"Discovered in 1796 by John McIntosh near Dundela, Dundas County, Ontario, Canada. Propagated by Allan McIntosh. It was introduced and named in about 1870. Fruits have white, rather soft, fine-textured, very juicy flesh with a sweet, pleasant vinous flavou",M'Intosh|Mac Intosh|Mac Intosh Red|Mac-Intosh|Mac-Intosh Red|MacIntosh|MacIntosh Red|Mackintosh|Mackintosh Red|Makintos|Mc Intosh|Mc-Intosh Red|Mc. I. Red|Mc.Intosh Red|McIntosh Red|Mek-Intosh|Mekintos,Material available from the National Fruit Collection. Material held in Tidnor Wood National Collection® of Malus (Cider making) Material held in the Marcher Apple Network collections (Tredomen),True,,https://www.nationalfruitcollection.org.uk/full2.php?id=3874&&fruit=apple,Open Government Licence (Crown Copyright; excluding logos),3874.0,,05-07,05-14,,Mid September,20.0,,,,,,,,,,,,large,Flat globose,weak-medium,weak-medium,Whitish yellow,medium,Red,striped/solid flush,low,crisp,White,59.83 mm,71.95 mm,soft,,,,,,,,
apple-cortland,apple,fruit-apple,Cortland,Malus domestica Borkh.,Dessert,"Raised in 1898 by S.A. Beach at New York State Agricultural Experiment Station, Geneva, USA. Fruits have moderately juicy, slightly coarse-textured flesh with a sweet, refreshing flavour. Skin is tough.",Cartland|Courtland|Courtlandt,Material available from the National Fruit Collection.,True,,https://www.nationalfruitcollection.org.uk/full2.php?id=1291&&fruit=apple,Open Government Licence (Crown Copyright; excluding logos),1291.0,,05-09,05-16,,Early October,20.0,,,,,,,,,,,,large,Broad globose conical,weak-medium,,Green yellow,high,Red,striped,very low,,,59.00 mm,75.00 mm,,,,,,,,,
apple-empire,apple,fruit-apple,Empire,Malus domestica Borkh.,Dessert,"Raised in 1945 at New York State Agricultural Experiment Station, Geneva, New York. It was named and introduced in 1966. Fruits have crisp flesh with a subacid and aromatic flavour.",,Material available from the National Fruit Collection.,True,,https://www.nationalfruitcollection.org.uk/full2.php?id=1868&&fruit=apple,Open Government Licence (Crown Copyright; excluding logos),1868.0,,05-09,05-16,,Mid October,20.0,,,,,,,,,,,,medium-large,Flat globose,very weak,,,very high,Red,striped,,crisp,Cream,,,,,,,,,,,
apple-jonathan,apple,fruit-apple,Jonathan,Malus domestica Borkh.,Dessert,"Originated on the farm of Philip Rick, Woodstock, Ulster County, New York, USA. It was first described in 1826 by Judge Buel who named the apple after Jonathan Hasbrouck. Fruits have soft, fine-textured, fairly juicy flesh with a sweet and fairly pleasant flavour.",Djonathan|Dzhonatan|Dzonetn|Esopus Spitzenberg (New)|Johnathan|King Philip|King Philipp|Philip Rick|Philipp Rick|Pomme Jonathan|Ulster|Ulster Seedling,Material available from the National Fruit Collection. Material held in Tidnor Wood National Collection® of Malus (Cider making),True,,https://www.nationalfruitcollection.org.uk/full2.php?id=3077&&fruit=apple,Open Government Licence (Crown Copyright; excluding logos),3077.0,,05-12,05-15,,Early October,20.0,,,,,,,,,,,,medium,Globose conical,weak,medium,Yellow,,Red,solid flush,low,,White,,,firm,,,,,,,,
apple-rome-beauty,apple,fruit-apple,Rome Beauty,Malus domestica Borkh.,Culinary / Dessert,"Originated with H.N. Gillett in Lawrence County, Ohio, USA. Brought to notice in 1848. Fruits have creamy white, rather coarse-textured, juicy flesh with very little flavour. Fruits do not mature well in the UK.",?Imperatore|?Morella|Beaute de Rome|Belle de Rome|Faust's Rome Beauty|Frumusetea Romei|Gillet's Seedling|Gillett's Seedling|Morgenduit|Mussolinieapfel|Pomme de Romagne|Rimskaia Krasavita|Rimskaya Krasavitsa|Rimske Krasne|Roma szepe|Roman Beauty|Rome|Rome's Beauty,Material available from the National Fruit Collection. Father to: Monroe Sports: Barkley Red Rome Double Red Rome Beauty Glengyle Red Red Rome Ruby Rome Beauty,True,,https://www.nationalfruitcollection.org.uk/full2.php?id=5428&&fruit=apple,Open Government Licence (Crown Copyright; excluding logos),5428.0,,05-19,05-25,,Mid October,21.0,,,,,,,,,,,,medium-large,Oblong,weak,,Whitish yellow,,Orange,striped,,,Greenish,61.50 mm,77.50 mm,soft,,,,,,,,
apple-winesap,apple,fruit-apple,Winesap,Malus domestica Borkh.,Culinary / Dessert,"Originated in the U.S.A. First described in 1817. Fruits have firm, tender, coarse, yellowish white flesh with a sweet, subacid flavour.",American Wine Sop|American Wine-Sop|American Winesop|Banana|Henrick's Sweet|Holland's Red Winter|Pot Pie Apple|Potpie Apple|Red Sweet Wine Sop|Royal Red|Royal Red of Kentucky|Texan Red|Wine Sap|Wine Sop|Winesop|Winter Winesap,Material available from the National Fruit Collection. Mother to: Arkansas Mareda McLiver's Winesap Shenandoah Sports: Dermen Winesap Accession No. 1951 - 103 fingerprint check_circle Accession name Winesap,True,,https://www.nationalfruitcollection.org.uk/full2.php?id=6820&&fruit=apple,Open Government Licence (Crown Copyright; excluding logos),6820.0,,05-10,05-18,,Late October,20.0,,,,,,,,,,,,medium,Globose conical,very weak,medium,Green yellow,,Red,striped,very low,,Yellowish,,,firm,,,,,,,,
apple-northern-spy,apple,fruit-apple,Northern Spy,Malus domestica Borkh.,Dessert,"First grown in the seedling orchard of Heman Chapin, at East Bloomfield, New York, USA from seed brought from Salisbury, Connecticut, USA. It was raised in about 1800 and introduced in 1840. Fruits have fairly firm, juicy, sweet flesh with a pleasant flavour. This variety is resistant to woolly aphis and has been used as a parent in the breeding of resistant rootstocks and varieties.",King Apple|King's Apple|Severnui Razvedchik|Severnui Shpion|Spaeher des Nordens|Spaher des Nordens|Spy,Material available from the National Fruit Collection. Material held in Tidnor Wood National Collection® of Malus (Cider making) Material held in the Marcher Apple Network collections (Paramor) Mother to: Sandow Sunrise Emilia Thurso Ascot Galton Glenton Spiza Father to: Pewaukee Ontario Sports: Crimson Spy Double Red Northern Spy Hunter Kinkead Spy Kinkead Red Spy Loop Spy,True,,https://www.nationalfruitcollection.org.uk/full2.php?id=4286&&fruit=apple,Open Government Licence (Crown Copyright; excluding logos),4286.0,,05-17,05-24,,Mid October,21.0,,,,,,,,,,,,large,Broad globose conical,weak-medium,,Green yellow,,Pink,,very low,,Yellowish,70.00 mm,81.00 mm,firm,,,,,,,,
apple-mutsu,apple,fruit-apple,Mutsu,Malus domestica Borkh.,Culinary / Dessert,"Triploid. Raised in Japan in 1930 and first fruited in 1939. It was named 'Mutsu' in 1948 but renamed 'Crispin' in the UK for commercial reasons in 1968. Fruits have firm, fine-textured, juicy flesh which is a little sweet, somewhat acid with a refreshing, and pleasant flavour.",Crispin,Material available from the National Fruit Collection.,True,,https://www.nationalfruitcollection.org.uk/full2.php?id=4148&&fruit=apple,Open Government Licence (Crown Copyright; excluding logos),4148.0,,05-10,05-17,,Mid October,20.0,,,,True,,,,,,,,large,Truncate conical,medium,,Green,,Brown,,,crisp,White,70.00 mm,70.00 mm,firm,,,,,,,,
apple-cameo,apple,fruit-apple,Cameo,Malus domestica Borkh.,Dessert,"A crisp, sweet apple with a mild flavour and attractive red striping. Good for eating fresh and keeps well.",Cameo,Commonly sold for home orchards/gardens in Europe (nursery stock).,False,,https://en.wikipedia.org/wiki/Cameo_(apple),CC BY-SA 4.0 (Wikipedia); summary written for this dataset.,,,,,,October,,,,,,,,,,,,Wikipedia,,,,,,,,,,,,,,,,,,,,,,
apple-ambrosia,apple,fruit-apple,Ambrosia,Malus domestica Borkh.,Dessert,"A sweet, low-acid dessert apple with crisp, juicy flesh. Generally best as a fresh-eating apple.",Ambrosia,Commonly sold for home orchards/gardens in Europe (nursery stock).,False,,https://en.wikipedia.org/wiki/Ambrosia_(apple),CC BY-SA 4.0 (Wikipedia); summary written for this dataset.,,,,,,September–October,,,,,,,,,,,,Wikipedia,,,,,,,,,,,,,,,,,,,,,,
apple-opal-seabrook,apple,fruit-apple,Opal (Seabrook),Malus domestica Borkh.,Dessert,"Raised by W.P. Seabrook, Chelmsford, Essex. Received by the National Fruit Trials in 1936. Fruits have firm, crisp flesh with a sweet subacid flavour.",,Material available from the National Fruit Collection.,True,,https://www.nationalfruitcollection.org.uk/full2.php?id=4392&&fruit=apple,Open Government Licence (Crown Copyright; excluding logos),4392.0,,05-09,05-18,,Early September,20.0,,,,,,,,,,,,medium,Globose conical,weak,weak,Whitish yellow,medium-high,Red,striped/solid flush,low,crisp,Cream,58.53 mm,68.33 mm,firm,,,,,,,,
apple-pinova,apple,fruit-apple,Pinova,Malus domestica Borkh.,,"Raised at the Institute of Fruit Research, Dresden-Pillnitz, Germany. Introduced in 1986. Fruits are crisp and juicy.",,Material in the National Fruit Collection not currently available. Accession No. 1994 - 015 fingerprint cancel Accession name Pinova,True,,https://www.nationalfruitcollection.org.uk/full2.php?id=4673&&fruit=apple,Open Government Licence (Crown Copyright; excluding logos),4673.0,,04-29,05-10,,early october,19.0,,,,,,,,,,,,,,,,,,,,,,,,,,,,,,,,,
apple-topaz,apple,fruit-apple,Topaz,Malus domestica Borkh.,Dessert,"Availability Material available from the National Fruit Collection. Material held in the East of England Apples & Orchards Project Accession No. 1948 - 737 fingerprint check_circle Received by the National Fruit Trials in 1948 from East Malling Research Station, Kent. Fruits have soft, coarse, greenish cream flesh with a subacid flavour. Accession name Topaz Flowering time 11th May 10% flowering 16th May Full (80%) flowering 24th May 90% petal fall Picking time Early October 1 Size medium-large 1 Type Dessert 1 Shape Oblong 1 Ribbing weak-medium 1 Crown medium 1 Ground Colour W",,"Material available from the National Fruit Collection. Material held in the East of England Apples & Orchards Project Accession No. 1948 - 737 fingerprint check_circle Received by the National Fruit Trials in 1948 from East Malling Research Station, Kent. Fruits have soft, coarse, greenish cream flesh with a subacid flavour. Accession name Topaz",True,,https://www.nationalfruitcollection.org.uk/full2.php?id=6374&&fruit=apple,Open Government Licence (Crown Copyright; excluding logos),6374.0,,05-16,05-24,,Early October,21.0,,,,,,,,,,,,medium-large,Oblong,weak-medium,medium,Whitish yellow,,Orange,,very low,crisp,Yellowish,,,,,,,,,,,
apple-santana,apple,fruit-apple,Santana,Malus domestica Borkh.,,"Raised at the Centre for Plant Breeding Research, Wageningen, the Netherlands.",,Material in the National Fruit Collection not currently available. Accession No. 2000 - 110 fingerprint cancel Accession name Santana,True,,https://www.nationalfruitcollection.org.uk/full2.php?id=5631&&fruit=apple,Open Government Licence (Crown Copyright; excluding logos),5631.0,,05-09,05-15,,,20.0,,,,,,,,,,,,,,,,,,,,,,,,,,,,,,,,,
apple-ingrid-marie,apple,fruit-apple,Ingrid Marie,Malus domestica Borkh.,Dessert,"Raised on the island of Fyn, Denmark in about 1910. Fruits have firm, crisp, fine-textured, juicy flesh with a fair flavour. Cracks around the eye in some seasons.",Hoed Orange|Ingrid Maries Aeble,Material available from the National Fruit Collection.,True,,https://www.nationalfruitcollection.org.uk/full2.php?id=2925&&fruit=apple,Open Government Licence (Crown Copyright; excluding logos),2925.0,,05-14,05-22,,Late September,21.0,,,,,,,,,,,,large,Flat globose,weak-medium,very weak,Green yellow,medium-high,Red,striped/mottled/solid flush,low,,Cream,,,firm,,,,,,,,
apple-rubens,apple,fruit-apple,Rubens,Malus domestica Borkh.,Dessert,"Raised at the Horticultural Laboratory, Wageningen, Netherlands. Recorded in 1954 and introduced in 1955. Fruits have firm, fine flesh with a sweet flavour.",,Material available from the National Fruit Collection.,True,,https://www.nationalfruitcollection.org.uk/full2.php?id=5533&&fruit=apple,Open Government Licence (Crown Copyright; excluding logos),5533.0,,05-11,05-19,,Early October,20.0,,,,,,,,,,,,medium,Oblong,,,Yellow,high-very high,Red,,very low,,Cream,54.00 mm,57.00 mm,firm,,,,,,,,
apple-coxs-orange-pippin,apple,fruit-apple,Cox's Orange Pippin,Malus domestica Borkh.,Dessert,"Raised in about 1825 by Richard Cox at Colnbrook Lawn, Slough, Buckinghamshire and introduced by Charles Turner in about 1850. It received a First Class Certificate from the Royal Horticultural Society in 1962. Fruits are juicy and sweet with a rich, aromatic, nutty flavour.",Apelsinnyi renet|Aranciata di Cox|Cos Orange|Cox|Cox Narancs Renet|Cox Orange|Cox Orange Pippin|Cox Orangen Pippin|Cox Orangen Reinette|Cox Orangen Renette|Cox' Orangen|Cox' Orangen-renette|Cox's Orange|Cox's Orange Pepping|Cox's Orange Reinette|Cox's Orange-Peppin|Cox's Orange-Pippeling|Cox's Orangen Pippin|Cox's Orangen Reinette|Cox's Orangen-Reinette|Cox's Pomeranzen Pepping|Cox's Pomeranzen-pepping|Coxova Reneta|Kemp's Orange|Kempe's Orange|Koksa Pomaranczowa|Koksova oranjeva reneta|Orange de Cox|Oranjevii renet|Peppeling Cox Orange|Pomaranczowe Coxa|Reinette Cox's Orangen|Reinette Orange|Reinette Orange de Cox|Renet Coksa|Renet Cox Portocaliu|Renet Coxa|Renet Portocaliu|Reneta Coxa pomaranzowa|Russet Pippin|Verbesserte Muscat Reinette|Verbesserte Muscat-Reinette,Material available from the National Fruit Collection. Material held in Tidnor Wood National Collection® of Malus (Cider making) Material held in the Marcher Apple Network collections (Tredomen),True,,https://www.nationalfruitcollection.org.uk/full2.php?id=1330&&fruit=apple,Open Government Licence (Crown Copyright; excluding logos),1330.0,,05-13,05-20,,Late September,20.0,,,,,,,,,,,,medium,Globose conical,absent,weak,Green yellow,low,Brown,striped,,crisp,Yellowish,56.00 mm,62.00 mm,,,,,,,,,
apple-egremont-russet,apple,fruit-apple,Egremont Russet,Malus domestica Borkh.,Dessert,"Thought to have originated in England. It was first recorded in 1872. Fruits have firm, fine-textured, rather dry flesh with a rich, nutty flavour. It is probably the most important commercial russet in the UK at the present time.",Egremont,Material available from the National Fruit Collection. Accession No. 1979 - 159 fingerprint check_circle Accession name Egremont Russet (EMLA 1),True,,https://www.nationalfruitcollection.org.uk/full2.php?id=1817&&fruit=apple,Open Government Licence (Crown Copyright; excluding logos),1817.0,,05-07,05-14,,Late September,20.0,,,,,,,,,,,,medium,Broad globose conical,absent,,Yellow,,Brown,solid flush,high-very high,,Cream,,,firm,,,,,,,,
apple-worcester-pearmain,apple,fruit-apple,Worcester Pearmain,Malus domestica Borkh.,Dessert,"Raised by Mr Hale of Swan Pool, near Worcester, England. Introduced by Smith of Worcester in 1874. Received a First Class Certificate from the Royal Horticultural Society in 1875. Fruits have firm, white, a little juicy flesh with a sweet and pleasant flavour.",Pearmain de Worcester|Worcester|Worcester Parmaene|Worcester Parman|Worcester Parmane|Worcester-Parman|Worchester Parmane,Material available from the National Fruit Collection. Material held in Tidnor Wood National Collection® of Malus (Cider making) Material held in the Marcher Apple Network collections (Paramor),True,,https://www.nationalfruitcollection.org.uk/full2.php?id=6920&&fruit=apple,Open Government Licence (Crown Copyright; excluding logos),6920.0,,05-03,05-11,,Early September,19.0,,,,,,,,,,,,medium,Globose conical,weak-medium,weak,Whitish green,high,Red,solid flush,low,crisp,Cream,,,firm,,,,,,,,
apple-discovery,apple,fruit-apple,Discovery,Malus domestica Borkh.,Dessert,"Raised in about 1949 by Mr Drummer, a workman on an Essex fruit farm. It was first named 'Thurston August' but renamed Discovery in 1962 and introduced by nurseryman J. Matthews, Thurston, Suffolk. Fruits have firm, fine-textured, juicy flesh with a fairly sweet and pleasant flavour.",Thurston August,Material available from the National Fruit Collection. Material held in the East of England Apples & Orchards Project Material held in the Marcher Apple Network collections (Tredomen),True,,https://www.nationalfruitcollection.org.uk/full2.php?id=1584&&fruit=apple,Open Government Licence (Crown Copyright; excluding logos),1584.0,,05-12,05-19,,Mid August,20.0,,,,,,,,,,,,medium,Flat,weak-medium,absent,Whitish yellow,,Orange,striped/solid flush,low,,,45.38 mm,63.00 mm,,,,,,,,,
apple-katja,apple,fruit-apple,Katja,Malus domestica Borkh.,Dessert,"Raised in 1947 at Balsgard Fruit Breeding Institute, Sweden. It was introduced in 1966. Fruits are crisp and juicy with a pleasant flavour.",Katy,Material available from the National Fruit Collection. Material held in Tidnor Wood National Collection® of Malus (Cider making),True,,https://www.nationalfruitcollection.org.uk/full2.php?id=3152&&fruit=apple,Open Government Licence (Crown Copyright; excluding logos),3152.0,,05-12,05-21,,Early September,21.0,,,,,,,,,,,,medium,Globose conical,weak-medium,weak,Whitish yellow,medium-high,Red,striped/solid flush,low,,Cream,,,firm,,,,,,,,
apple-james-grieve,apple,fruit-apple,James Grieve,Malus domestica Borkh.,Culinary / Dessert,"Raised by James Grieve in Edinburgh, Scotland and introduced by his employers, Dickson's nurserymen. It was first recorded in 1893. Received Award of Merit in 1897 and First Class Certificate in 1906 from RHS. Fruits have rather soft but very juicy flesh with a good refreshing flavour.",Dzems Griw|Grieve|Jems Griv,Material available from the National Fruit Collection. Material held in Tidnor Wood National Collection® of Malus (Cider making),True,,https://www.nationalfruitcollection.org.uk/full2.php?id=2973&&fruit=apple,Open Government Licence (Crown Copyright; excluding logos),2973.0,,05-10,05-18,,Early September,20.0,,,,,,,,,,,,medium,Globose conical,weak-medium,weak,Yellow,low-medium,Red,striped/mottled,low,,Cream,,,soft,,,,,,,,
apple-ribston-pippin,apple,fruit-apple,Ribston Pippin,Malus domestica Borkh.,Dessert,"Raised at Ribston Hall, Yorkshire, England from seed brought from Rouen, and planted in about 1707. Received the Award of Merit from the Royal Horticultural Society in 1962. Fruits have firm, fine-textured, moderately juicy flesh with a rich aromatic flavour.",Beautiful Pippin|Englische Granat Reinette|Englische Granat-Reinette|Englische Granatreinette|Englische Granatrenette|English Granat Reinette|Essex Pippin|Flory of York|Formosa|Formosa Pepping|Formosa Pippin|Glory of York|Granat-Reinette|Granatreinette|Jadrnac Ribstonsky|Kaiser Reinette|Lord Raglan|Nonpareil d'Angleterre|Nonpareille|Nonpareille d'Angleterre|Pepin de Ribston|Pepin Ribston|Pepin Ribstona|Pepina Ribstona|Pomme Granatee|Pomme Granite|Poppina Ribston|Reinette de Traver|Reinette de Travers|Reinette de Traves|Reinette Grenade Anglaise|Ribsten Renett|Ribston|Ribston Orange|Ribston Pepin|Ribston Pepping|Ribston-Pepping|Ribston's Pepping|Ribstone|Ribstone Pippin|Ribstonov Pepin|Ribstonské|Ribstonsky Jadernac|Ridge|Rockhill's Russet|Traver's|Traver's Apple|Traver's Pippin|Traver's Reinette|Travers|Travers Apple|Travers Peppin|Travers Pippin|Travers Reinette|Travers'|Travers' Apfel|Travers' Pippin|Travers's|Travers's Apple|Travers's Reinette,Material available from the National Fruit Collection. Material held in Tidnor Wood National Collection® of Malus (Cider making) Material held in the Marcher Apple Network collections (Croft Pendarren) Material held in the Marcher Apple Network collections (Donnington) Mother to: Sturmer Pippin Jennifer Wastie Cox's Pomona Cox's Orange Pippin Cox's Orange Pippin Red Sport (Potter) Father to: Freiherr von Berlepsch King's Acre Pippin Laxton's Rearguard Reverend W. Wilks,True,,https://www.nationalfruitcollection.org.uk/full2.php?id=5351&&fruit=apple,Open Government Licence (Crown Copyright; excluding logos),5351.0,,05-08,05-16,,Late September,20.0,,,,,,,,,,,,medium,Flat,medium,,Yellow,,Orange,streaked,low,,Yellowish,55.50 mm,66.50 mm,firm,,,,,,,,
apple-fortune,apple,fruit-apple,Fortune,Malus domestica Borkh.,tree 2,"Raised in 1904 by Laxton Brothers Ltd. at Bedford, England and introduced in 1931. It received a First Class Certificate from the Royal Horticultural Society in 1948. Fruits have fairly firm, rather coarse-textured, juicy flesh with a sweet and good aromatic flavour.",Laxton's Fortune,Material available from the National Fruit Collection. Material held in the East of England Apples & Orchards Project Material held in Tidnor Wood National Collection® of Malus (Cider making) Material held in the Marcher Apple Network collections (Tredomen),True,,https://www.nationalfruitcollection.org.uk/full2.php?id=2098&&fruit=apple,Open Government Licence (Crown Copyright; excluding logos),2098.0,,05-09,05-17,,tree 1,20.0,,,,,,,,,,,,tree 2,tree 2,weak,tree 2,tree 2,,tree 2,tree 2,tree 2,,Cream,60.00 mm,67.00 mm,tree 2,,,,,,,,
apple-fiesta,apple,fruit-apple,Fiesta,Malus domestica Borkh.,Dessert,"Raised in 1972 at East Malling Research Station, Kent. It received an Award of Merit in 1987 from the Royal Horticultural Society. Fruits are crisp and juicy with a Cox-like flavour.",Red Pippin,Material in the National Fruit Collection not currently available.,True,,https://www.nationalfruitcollection.org.uk/full2.php?id=2018&&fruit=apple,Open Government Licence (Crown Copyright; excluding logos),2018.0,,05-02,05-10,,Late September,19.0,,,,,,,,,,,,medium,Globose conical,absent,weak,Yellow,medium,Orange,striped/mottled,low,crisp,Cream,58.69 mm,70.11 mm,,,,,,,,,
apple-gravenstein,apple,fruit-apple,Gravenstein,Malus domestica Borkh.,Culinary / Dessert,"Triploid. Said to have originated either in the garden of the Duke of Augustenberg, Castle of Graefenstein, Schleswig-Holstein or in Italy or Southern Tyrol and sent to Schleswig-Holstein, or scions from Italy sent home by a brother of Count Chr. Ahlefeldt of Graasten Castle, South Jutland. It is thought to have arrived in Denmark in about 1669. Fruits have crisp, rather coarse-textured, juicy flesh with a pleasant mixture of sweetness and acidity with a distinctive flavour.",A. Grafenstein|Almindelig Graasteensaeble|Blumen Calvill|Blumen Calville|Blumencalvill|Calville de Grafenstein|Calville de Gravenstein|Calville Grafensteiner|Calville Gravenstein|Calville Gravensteiner|Danish Graasteen|de Comte|de Gravenstein|de Princesse|der Graefensteiner|Diel's Sommerkonig|Diels Sommer Konig|Diels Sommerkonig|Early Congress|Ernteapfel|Gelber Gravensteiner|Graafen|Graasteen|Graasten|Graastensaeble|Graefenstein|Graefensteiner|Grafen Apfel|Grafen-Apfel|Grafenapfel|Grafenshteinskii kalvil|Grafenshteinskoe zbeltoe|Grafenstain|Grafensteiner|Grafensteinskoe|Grafszt ynek|Grafsztynek Prawdziwy|Graistynek|Grave Slige|Grave Slije|Grave Sliji|Grave Stige|Grave Stigne|Grave Stije|Gravensteen|Gravensteener|Gravenstein Apple|Gravensteiner|Gravensteiner (Gul)|Gravensteini alma|Gravensteinsapple|Gravenstener|Gravenstine|Gravstynke|GravstynskT|Greastener|Gul Graastener|Gult Graasteensaeble|Harryman|Ohio Nonpareil|Pansky vonac|Paradies|Paradies Apfel|Paradiesapfel|Petergaard|Petersgaards Graasten|Pomme de Gravenstein|Pomme Graefenstein|Prinzessin Apfel|Prinzessinapfel|Ripp Apfel|Rippapfel|Romarin de Botzen|Sabin|Sabine|Sabine (des Flamands)|Sabine (of the Flemings)|Sabine of the Flemings|Savine|Sommer Koning|Sommerkonig|Stroemling|Strohmer|Stromerling|Stromling|The Gravenstein Apple|Tom Harryman,Material available from the National Fruit Collection. Material held in Tidnor Wood National Collection® of Malus (Cider making) Mother to: Filippa Dulmener Rosenapfel Father to: James Lawson Adersleber Calville Sports: All-Red Gravenstein Morkrod,True,,https://www.nationalfruitcollection.org.uk/full2.php?id=2444&&fruit=apple,Open Government Licence (Crown Copyright; excluding logos),2444.0,,05-03,05-10,,Early September,19.0,,,,True,,,,,,,,large,Truncate conical,medium-strong,,Orange,,Orange,,,crisp,Yellowish,64.00 mm,74.00 mm,,,,,,,,,
apple-kidds-orange-red,apple,fruit-apple,Kidd's Orange Red,Malus domestica Borkh.,Dessert,"Raised in 1924 at Greytown, Wairarapa, New Zealand by J.H.Kidd. It was introduced to the UK in about 1932. Fruits have firm, crisp, juicy, sweet flesh with a rich aromatic flavour.",Delco|Kidd's Orange|Kidd's Oranje Roode,Material available from the National Fruit Collection. Material held in the Marcher Apple Network collections (Donnington),True,,https://www.nationalfruitcollection.org.uk/full2.php?id=3201&&fruit=apple,Open Government Licence (Crown Copyright; excluding logos),3201.0,,05-12,05-20,,Mid October,20.0,,,,,,,,,,,,medium,Truncate conical,medium,,Yellow,,Orange,striped,very low,crisp,Cream,54.00 mm,67.00 mm,firm,,,,,,,,
apple-esopus-spitzenburg,apple,fruit-apple,Esopus Spitzenburg,Malus domestica Borkh.,Dessert,"Originated at Esopus, Ulster County, New York, USA. Known before 1790. Fruits have crisp, tender flesh with a subacid and aromatic flavour.",Aesopus Spitzemberg|Aesopus Spitzenberg|Aesopus Spitzenburg|Aesopus Spitzenburgh|Asopus Spitzenburg|Esopus|Esopus (Spitzenburg)|Esopus Spitzemberg|Esopus Spitzenberg|Esopus Spitzenburgh|Ezop Spitzenburg|Spitszenburgh|Spitzenberg|Spitzenburg|Spitzenburgh|True Spitzenberg|True Spitzenburg|True Spitzenburgh,Material available from the National Fruit Collection. Mother to: Idagold Jonathan Stearns Accession No. 1950 - 033 fingerprint check_circle Accession name Esopus Spitzenburg,True,,https://www.nationalfruitcollection.org.uk/full2.php?id=1903&&fruit=apple,Open Government Licence (Crown Copyright; excluding logos),1903.0,,05-12,05-19,,Early October,20.0,,,,,,,,,,,,medium,Globose conical,weak-medium,medium,Yellow,medium,Orange,striped/solid flush,low,,Yellowish,61.32 mm,63.58 mm,,,,,,,,,
apple-ashmeads-kernel,apple,fruit-apple,Ashmead's Kernel,Malus domestica Borkh.,Dessert,"Raised in about 1700 by Dr Ashmead, Gloucester. It received a First Class Certificate from the Royal Horticultural Society in 1981. Fruits have firm, juicy flesh with a rich aromatic flavour.",Aschmead's Saemling|Aschmead's Seedling|Ashmead's Saemling|Ashmead's Samling|Ashmead's Seedling|Doctor Ashmead's Kernel|Dr Ashmead's Kernel|Samling von Ashmead|Semis d'Aschmead|Semis d'Ashmead|Seyanets Ashmida,Material available from the National Fruit Collection. Material held in Tidnor Wood National Collection® of Malus (Cider making) Material held in the Gloucestershire Orchard Trust collection ( link to website ) Material held in the Marcher Apple Network collections (Paramor) Material held in the Marcher Apple Network collections (Croft Pendarren) Material held in the Marcher Apple Network collections (Donnington),True,,https://www.nationalfruitcollection.org.uk/full2.php?id=230&&fruit=apple,Open Government Licence (Crown Copyright; excluding logos),230.0,,05-14,05-22,,Early October,21.0,,,,,,,,,,,,medium,Broad globose conical,weak-medium,,Green yellow,,Brown,,high-very high,,Yellowish,70.00 mm,65.00 mm,firm,,,,,,,,
apple-arkansas-black,apple,fruit-apple,Arkansas Black,Malus domestica Borkh.,Dessert / Culinary,"A late-season, very dark red apple with firm flesh and good keeping quality; often used for fresh eating and baking.",Arkansas Black,Commonly sold for home orchards/gardens in Europe (nursery stock).,False,,https://es.wikipedia.org/wiki/Arkansas_Black,CC BY-SA 4.0 (Wikipedia); summary written for this dataset.,,,,,,October–November,,,,,,,,,,,,Wikipedia,,,,,,,,,,,,,,,,,,,,,,
apple-winston,apple,fruit-apple,Winston,Malus domestica Borkh.,Dessert,"Raised in 1920 by William Pope at Welford Park, Berkshire, England. Introduced (as Winter King) in 1935. Renamed Winston in 1944. Fruits have firm, fine-textured, juicy flesh with a sweet and good aromatic flavour.",Cox d'Hiver|Winter King|Wintercheer,Material available from the National Fruit Collection.,True,,https://www.nationalfruitcollection.org.uk/full2.php?id=6827&&fruit=apple,Open Government Licence (Crown Copyright; excluding logos),6827.0,,05-14,05-22,,Mid October,21.0,,,,,,,,,,,,medium,Globose conical,weak,weak,Green yellow,high,Orange,streaked,very low,crisp,Greenish,,,firm,,,,,,,,
apple-sunset,apple,fruit-apple,Sunset,Malus domestica Borkh.,Dessert,"Raised in about 1918 by G.C.Addy at Ightham, Kent. Named in 1933. It received an Award of Merit from the Royal Horticultural Society in 1960. Fruits have firm crisp, fine-textured flesh with a good aromatic Cox-like flavour.",,Material available from the National Fruit Collection.,True,,https://www.nationalfruitcollection.org.uk/full2.php?id=6152&&fruit=apple,Open Government Licence (Crown Copyright; excluding logos),6152.0,,05-09,05-16,,Late September,20.0,,,,,,,,,,,,medium,Broad globose conical,very weak,,Yellow,,Orange,striped,,crisp,Cream,,,firm,,,,,,,,
apple-bramleys-seedling,apple,fruit-apple,Bramley's Seedling,Malus domestica Borkh.,Culinary,"Triploid. Raised by Mary Ann Brailsford, Southwell, Nottinghamshire, England between 1809 and 1813 and introduced in 1865 by nurseryman H. Merryweather. First exhibited in 1876. Received a First Class Certificate from the Royal Horticultural Society in 1893. The most popular cooking apple grown in the UK.",Bramley|Bramleys Samling|Triomphe de Kiel,Material available from the National Fruit Collection. Material held in Tidnor Wood National Collection® of Malus (Cider making) Material held in the Marcher Apple Network collections (Tredomen) Mother to: Woolbrook Russet Byfleet Seedling Florence Bennett Sports: Crimson Bramley Accession No. 1974 - 341 fingerprint check_circle Accession name Bramley's Seedling (LA),True,,https://www.nationalfruitcollection.org.uk/full2.php?id=714&&fruit=apple,Open Government Licence (Crown Copyright; excluding logos),714.0,,05-12,05-18,,Early October,20.0,,,,True,,,,,,,,large-very large,Flat,medium,weak-medium,Whitish green,low-medium,Orange,striped/washed out,low,,Cream,,,firm,,,,,,,,
apple-grenadier,apple,fruit-apple,Grenadier,Malus domestica Borkh.,Culinary,"First recorded in 1862 and introduced to commerce in about 1875. It received a First Class Certificate from the Royal Horticultural Society in 1883. The most widely grown early commercial cooking apple in the UK. Fruits have firm, fine-textured, juicy fle",,Material available from the National Fruit Collection. Material held in Tidnor Wood National Collection® of Malus (Cider making) Mother to: Sowman's Seedling,True,,https://www.nationalfruitcollection.org.uk/full2.php?id=2501&&fruit=apple,Open Government Licence (Crown Copyright; excluding logos),2501.0,,05-11,05-18,,Mid August,20.0,,,,,,,,,,,,medium-large,Broad globose conical,medium-strong,,Green yellow,very low,Brown,,very low,,White,57.00 mm,66.00 mm,medium-firm,,,,,,,,
apple-blenheim-orange,apple,fruit-apple,Blenheim Orange,Malus domestica Borkh.,Culinary / Dessert,"Triploid. Discovered by Mr Kempster at Woodstock near Blenheim, Oxfordshire, England in about 1740. Distributed in about 1818. It received the Banksian medal from the Royal Horticultural Society in 1822. Fruits have creamy white, somewhat coarse-textured and rather dry flesh with a rich, characteristic aromatic flavour. Cooks well.",Beauty of Dumbleton|Belle d'Angers|Bleinheim Pepping|Bleinheim Pippin|Blenhaimska zlatna reneta|Blenheim|Blenheim Orange Pippin|Blenheim Pepping|Blenheim Pippin|Blenheimer Goldrenette|Blenheimer Reinette|Blenheimi renet|Blenheims Guldrenett|Blenheimska|Blenheimská reneta|Blenheimská reneta|Gold reinePippin|Gold-Reinette von Blenheim|Konigin Victoria|Lucius Apfel|Northampton|Northwich Pippin|Northwick Pippin|Northwitch Blenheim|Orange Pippin|Perle d'Angleterre|Pomme de Blenheim|Postrophe|Prince de Galles|Prince of Wales|Reinette d'Or de Blenheim|Reinette de Blenheim|Reinette de Savalle|Reinette doree de Blenheim|Reinette Gold von Blenheim|Renet auriu de Blenheim|Renet Blengeimskii|Renet Blengheimskii|Renet de Blenheim|Renet Zolotoi Blengeimskii|Renet zolotoi blengheimskii|Reneta Blenheimska|Renetta dorata di Blenheim|Ward's Pippin|Woodstock|Woodstock Pippin|Woodstock's Pippin|Zlota reneta Blenheimska,Material available from the National Fruit Collection. Material held in the Marcher Apple Network collections (Paramor) Material held in the Marcher Apple Network collections (Tredomen) Material held in the Marcher Apple Network collections (Croft Pendarren) Material held in the Marcher Apple Network collections (Donnington) Material held in the Marcher Apple Network collections (Ffordd-fawr) Mother to: Oxford Yeoman George Carpenter Oxford Conquest Beauty of Hants Howgate Wonder Annie Elizabeth Edward VII Eynsham Challenger Eynsham Dumpling Sergeant Peggy Robert Blatchford Father to: Celt Victory (Carpenter) Newton Wonder Sports: Aldenham Blenheim Red Blenheim (Wastie) Accession No. 1973 - 133 fingerprint check_circle Accession name Blenheim Orange (LA 62A),True,,https://www.nationalfruitcollection.org.uk/full2.php?id=625&&fruit=apple,Open Government Licence (Crown Copyright; excluding logos),625.0,,05-12,05-19,,Late September,20.0,,,,True,,,,,,,,large,Flat globose,weak,,Yellow,,Red,striped/solid flush,,crisp,Yellowish,,,,,,,,,,,
apple-howgate-wonder,apple,fruit-apple,Howgate Wonder,Malus domestica Borkh.,Culinary,"Raised in 1915-16 by G. Wratton at Howgate Lane, Bembridge, Isle of Wight. It was introduced in 1932 by Stuart Low Co. Received an Award of merit from the RHS in 1929. Fruits have firm, fine-textured, juicy flesh which is quite sweet when ripe with a faint aromatic flavour. Cooks well.",,Material available from the National Fruit Collection.,True,,https://www.nationalfruitcollection.org.uk/full2.php?id=2839&&fruit=apple,Open Government Licence (Crown Copyright; excluding logos),2839.0,,05-12,05-20,,Early October,20.0,,,,,,,,,,,,large,Truncate conical,weak-medium,,Yellow,,Red,streaked,,crisp,Cream,79.00 mm,95.00 mm,,,,,,,,,
apple-lord-derby,apple,fruit-apple,Lord Derby,Malus domestica Borkh.,Culinary,"Raised by Witham, Stockport, Cheshire. It was first recorded in 1862. Fruits are rather coarse textured, somewhat dry with a subacid flavour. Cooks well.",Derby|London Major|London Mayor,Material available from the National Fruit Collection. Material held in Tidnor Wood National Collection® of Malus (Cider making) Material held in the Marcher Apple Network collections (Tredomen) Material held in the Marcher Apple Network collections (Croft Pendarren) Material held in the Marcher Apple Network collections (Ffordd-fawr),True,,https://www.nationalfruitcollection.org.uk/full2.php?id=3610&&fruit=apple,Open Government Licence (Crown Copyright; excluding logos),3610.0,,05-14,05-23,,Late September,21.0,,,,,,,,,,,,large,Broad globose conical,strong,medium-strong,Whitish yellow,absent,Brown,washed out,low,,Cream,66.83 mm,78.05 mm,soft-medium,,,,,,,,
apple-annie-elizabeth,apple,fruit-apple,Annie Elizabeth,Malus domestica Borkh.,Culinary,"Raised by Samuel Greatorex at Knighton, Leicester in about 1857 and named after his baby daughter who died in 1866. Introduced in about 1898. Received a First Class Certificate from the Royal Horticultural Society in 1868. A fine, late-keeping cooking apple.",Annie Elisabeth|Carter's Seedling|Sloto|Slotoaeble|Slotrable|Slotraeble|Sussex Pippin|The George,Material available from the National Fruit Collection. Material held in Tidnor Wood National Collection® of Malus (Cider making) Material held in the Marcher Apple Network collections (Tredomen) Material held in the Marcher Apple Network collections (Ffordd-fawr) Material held in the Marcher Apple Network collections (Westhope),True,,https://www.nationalfruitcollection.org.uk/full2.php?id=178&&fruit=apple,Open Government Licence (Crown Copyright; excluding logos),178.0,,05-16,05-23,,Early October,21.0,,,,,,,,,,,,large,Broad globose conical,medium,,Yellow,,Red,striped,,,White,80.00 mm,95.00 mm,firm,,,,,,,,
apple-lanes-prince-albert,apple,fruit-apple,Lane's Prince Albert,Malus domestica Borkh.,Culinary,"Thought to have been raised in about 1840 by Thomas Squire, Berkhamsted. It was introduced by John Lane in 1850. Received First Class Certificate from RHS in 1872. Fruits are very juicy and acid. Cooks well.",Albert Lanskii|Lane|Lane Prince Albert|Lane's|Lane's Albert|Lane's Albertsapple|Lanes Albertsapple|Lanes Prince Albert|Perkin's A. 1|Perkins A. 1|Perkins' A. 1|Prince Albert|Prince Albert (Lane)|Prince Albert de Lane|Prinz Albert|Profit|Victoria and Albert,Material available from the National Fruit Collection. Material held in the East of England Apples & Orchards Project,True,,https://www.nationalfruitcollection.org.uk/full2.php?id=3396&&fruit=apple,Open Government Licence (Crown Copyright; excluding logos),3396.0,,05-13,05-20,,Mid October,20.0,,,,,,,,,,,,large,Truncate conical,weak,,Green yellow,,Orange,striped,,,White,59.00 mm,76.00 mm,very soft,,,,,,,,
apple-dumelows-seedling,apple,fruit-apple,Dumelow's Seedling,Malus domestica Borkh.,Culinary,"Raised by Mr Dumelow (or Dumeller) at Shakerstone, Leicestershire. The original tree was growing in 1800. It was exhibited as Dumelow's Crab in 1818, and renamed Wellington in 1819 or 1820. Fruits have very firm, crisp, juicy flesh which is extremely acid. Cooks well.",Beauty|Belle de Vennes|Belle des Vennes|de Sutton|Doncklaer|Doncklaer Seedling|Doncklaer's Seedling|Donclaer|Donclaer's Seedling|Duc de Wellington|Duke of Wellington|Dumeller's Crab|Dumelon's Seedling|Dumelow|Dumelow Seedling|Dumelow's Crab|Dumelow's Pippin|Dumelow's Wildling|Dumelows Crab|Dummelow's Seedling|Duncklaer's Seedling|Dunclaers Seedling|Durmmelous Seedling|Fair Maid of Taunton|Hawthornden d'Hiver|Hawthornden Winter|Lord Duncan|Lord Hampton's Wonder|Normanton Wonder|Pomme de Sutton|Reinette Wellington|Souring|Souring Apple|Supson FrangT|Supson FrangTe|Sutton Beauty|Wellington|Wellington Apple|Wellington Pippin|Wellington Reinette|Wellington's|Wellington's Apple|Wellington's Reinette|Wellingtons Reinette|Winter Hawthornden|Wunder von Normanton,Material available from the National Fruit Collection.,True,,https://www.nationalfruitcollection.org.uk/full2.php?id=1709&&fruit=apple,Open Government Licence (Crown Copyright; excluding logos),1709.0,,05-15,05-23,,Early October,21.0,,,,,,,,,,,,medium,Flat globose,absent,,Whitish yellow,low,Red,mottled,very low,crisp,White,53.50 mm,67.00 mm,firm,,,,,,,,
apple-newton-wonder,apple,fruit-apple,Newton Wonder,Malus domestica Borkh.,Culinary,"Raised by Taylor at King's Newton, Melbourne, Derbyshire, England. Introduced in about 1887 when it also received a First Class Certificate from the Royal Horticultural Society. Fruits have rather coarse-textured, moderately juicy flesh with a subacid flavour. Cooks very well.",,Material available from the National Fruit Collection. Material held in Tidnor Wood National Collection® of Malus (Cider making) Material held in the Marcher Apple Network collections (Croft Pendarren),True,,https://www.nationalfruitcollection.org.uk/full2.php?id=4226&&fruit=apple,Open Government Licence (Crown Copyright; excluding logos),4226.0,,05-14,05-20,,Mid October,20.0,,,,,,,,,,,,large-very large,Broad globose conical,,medium,Yellow,,Red,striped/solid flush,,crisp,Yellowish,,,firm,,,,,,,,
apple-peasgoods-nonsuch,apple,fruit-apple,Peasgood's Nonsuch,Malus domestica Borkh.,Culinary,"Raised by Mrs Peasgood at Stamford, Lincolnshire, England from seed sown in about 1858. Received First Class Certificate from Royal Horticultural Society in 1872. Fruits are a little coarse textured, moderately juicy and a little sweet. Cooks well.",Gold-Reinette von Peasgood|Goldreinette von Peasgood|Nesravnennoe|Nesravnennoe Pisguda|Niezrdwnane Pisguda|Non Pareille de Peasgood|Peasgood|Peasgood Nonesuch|Peasgood Nonsuch|Peasgood Parotlanja|Peasgood's Goldreinette|Peasgood's Goldrenette|Peasgood's None Such|Peasgood's Nonesuch|Peasgood's Sondergleichen|Peasgood's Unvergleichlicher|Peasgoodova|Peasgoods Goldrenette|Peasgoods Sondergleichen|Reinette dorTe de Peasgood|Reinette Peasgood Nonsuch|Renet auriu de Peasgood|Renet Pisguda|Renet zolotoi Pisguda|Sans|Sans Pareil de Peasgood|Sans Pareille de Peasgood|Sans Pareille Peasgood|Sanspareille de Peasgood|Sanspareille Peasgood,Material available from the National Fruit Collection. Material held in the East of England Apples & Orchards Project Material held in the Marcher Apple Network collections (Donnington),True,,https://www.nationalfruitcollection.org.uk/full2.php?id=4552&&fruit=apple,Open Government Licence (Crown Copyright; excluding logos),4552.0,,05-11,05-19,,Mid September,20.0,,,,,,,,,,,,large-very large,Flat,very weak,weak,Green yellow,low,Orange,striped/mottled,low,,Cream,75.71 mm,95.35 mm,soft,,,,,,,,
apple-reverend-w-wilks,apple,fruit-apple,Reverend W. Wilks,Malus domestica Borkh.,Culinary,"Raised by Veitch, Chelsea, England. First recorded in 1904. Received the Award of Merit in 1904 and a First Class Certificate in 1910 from the Royal Horticultural Society. Fruits have crisp, fine-textured, juicy flesh with a subacid flavour. Cooks well.",Reverend Wilks,Material available from the National Fruit Collection.,True,,https://www.nationalfruitcollection.org.uk/full2.php?id=5336&&fruit=apple,Open Government Licence (Crown Copyright; excluding logos),5336.0,,05-07,05-14,,Late August,20.0,,,,,,,,,,,,large,Truncate conical,weak,,Whitish yellow,low,,striped,,,White,76.00 mm,88.00 mm,,,,,,,,,
apple-edward-vii,apple,fruit-apple,Edward VII,Malus domestica Borkh.,Culinary,"First recorded in 1902. It was introduced by Rowe of Worcester in 1908. Received Award of Merit from the Royal Horticultural Society in 1903. Fruits have firm, rather coarse-textured, fairly juicy flesh with an acid flavour. An excellent cooker.",Edouard|Edouard VII|King Edward|King Edward VII,Material available from the National Fruit Collection. Material held in Tidnor Wood National Collection® of Malus (Cider making) Material held in the Marcher Apple Network collections (Paramor) Material held in the Marcher Apple Network collections (Croft Pendarren),True,,https://www.nationalfruitcollection.org.uk/full2.php?id=1811&&fruit=apple,Open Government Licence (Crown Copyright; excluding logos),1811.0,,05-21,05-29,,Mid October,22.0,,,,,,,,,,,,medium-large,Broad globose conical,absent,,Green yellow,,,,,crisp,White,52.50 mm,67.00 mm,firm,,,,,,,,
apple-catshead,apple,fruit-apple,Catshead,Malus domestica Borkh.,Culinary,Originated in England and known in the 1600s. A distinctly angular and somewhat ugly apple. Fruits are coarse-textured and rather dry with a subacid flavour.,Apfelmuser|Cat-Head|Cat-head Greening|Cat's Head|Cat's Head Apple|Cathead|Cathead Greening|Catshead Greening|Catshead Round|Coustard|Crede's Grosser Wilhelm's Apfel|de Seigneur d'Automne|Deutsche SchaPsnase|Duke of York|Engelskopf|Green Codlin|Green Costard|Green Leadington|Grenadier|Gros-Nez de Mouton|Grosse gestreifte Schafsnase|Grosse Schafnase|Grosse Schafsnase|Grosse-Schafnas|Grosse-Schafnase|Grosser Schafsnase|Herefordshire Goose|Herrenapfel|Katzenkopf|Leadington|Leadington Green|Leadington Monstrous|Leichter Mat Apfel|Loggerhead|Monstrous|Monstrous Leadington|Pigs Snout|Pomme de Seigneur d'Automne|Rosskopf|Round Catshead|Royal Costard|Schafnase|Schafsnase|Stock Leadington|Stoke Leadington|Tankard|Terwin's Goliath|Tete d'Ange|Tete de Chat|Tete de Chat Ronde|Tete de Seigneur|Tete du Chat|Tete du Chat (of Jersey),Material available from the National Fruit Collection. Material held in Tidnor Wood National Collection® of Malus (Cider making) Mother to: Peasgood's Nonsuch Lord Derby Lord Derby Spur Type Accession No. 1927 - 027 fingerprint check_circle Accession name Catshead,True,,https://www.nationalfruitcollection.org.uk/full2.php?id=1014&&fruit=apple,Open Government Licence (Crown Copyright; excluding logos),1014.0,,05-11,05-19,,Early October,20.0,,,,,,,,,,,,large-very large,Globose conical,strong,medium-strong,Green yellow,very low,Orange,washed out,low,crisp,White,85.47 mm,86.12 mm,,,,,,,,,
apple-bismarck,apple,fruit-apple,Bismarck,Malus domestica Borkh.,Culinary,"This apple was named after Prince Bismarck the German Chancellor. Its origin is variously reported as Bismarck, Tasmania; Carisbrooke, Australia; and Canterbury, New Zealand. Received a First Class Certificate from the Royal Horticultural Society in 1887.Fruits have firm, fine-textured, juicy flesh with an acid flavour. Cooks well.",Bismarck-appel|Bismarckapfel|Bismarckapfel aus Neuseeland|Bismarckovo|Bismarcksapple|Bismark|Bismarkovo jablko|Furst Bismarck|Pomme Bismarck|Prince Bismarck|Prince Bismark,Material available from the National Fruit Collection. Material held in the Marcher Apple Network collections (Tredomen) Mother to: Fiessers Erstling Victory (Carpenter) Father to: S.T. Wright Bushey Grove,True,,https://www.nationalfruitcollection.org.uk/full2.php?id=570&&fruit=apple,Open Government Licence (Crown Copyright; excluding logos),570.0,,05-08,05-15,,Early October,20.0,,,,,,,,,,,,large,Broad globose conical,medium,,Yellow,,Red,streaked/mottled,,crisp,White,78.50 mm,92.00 mm,,,,,,,,,
apple-belle-de-boskoop,apple,fruit-apple,Belle de Boskoop,Malus domestica Borkh.,Culinary / Dessert,"Triploid. Thought to be a bud sport of Reinette de Montfort. Found by K.J.W. Ottolander, Boskoop, The Netherlands in 1856. Received an Award of Merit from the Royal Horticultural Society in 1897. Fruits have firm, coarse textured flesh with a pleasant, aromatic flavour. Also cooks well.",Apfel der Zukunft|Bella di Boskoop|Belle de Boscoop|Belle of Boskoop|Boschovo jablko|Boskoop|Boskoopi szep|Boskoopskaya krasavitsa|Boskoopske|Boskoopské rudé|Boskopska hubavita|Boskopskaia krasavita|Boskopskaya krasavitsa|Calvill von Boskoop|Calville de Boskoop|Frumos de Boskoop|Gold Reinette|Goudrenet|Monstrous Reinette|Piekna z Boskoop|Piekna z Boskop|Reinette Belle de Boskoop|Reinette Belle di Boskoop|Reinette de Boskoop|Reinette de Montfoort|Reinette de Montfort|Reinette Monstreuse|Reinette Monstrous|Reinette Monstrueuse|Reinette von Montfort|Renetta di Montfort|Schone van Boskoop|Schone von Boskoop|Schoner aus Boskoop|Schoner van Boskoop|Schoner von Boskoop|Schoone van Boskoop|Schoone von Boskoop,Material available from the National Fruit Collection. Mother to: Alfa 68 Sports: Red Belle de Boskoop Wilhelm Ley Accession No. 1973 - 169 fingerprint check_circle Accession name Belle de Boskoop (LA 67A),True,,https://www.nationalfruitcollection.org.uk/full2.php?id=450&&fruit=apple,Open Government Licence (Crown Copyright; excluding logos),450.0,,05-08,05-15,,Early October,20.0,,,,True,,,,,,,,large,Broad globose conical,weak-medium,very weak,Green yellow,low,Orange,striped/mottled,medium-high,crisp,Yellowish,61.00 mm,73.89 mm,,,,,,,,,
apple-calville-blanc-dhiver,apple,fruit-apple,Calville Blanc d'Hiver,Malus domestica Borkh.,Culinary / Dessert,"Raised in Europe, probably France or Germany. Recorded in 1598. Fruits have a rather soft, fine-textured juicy flesh with a rich, sweet, aromatic flavour. Fruits fail to ripen fully in the UK.",a Frire|Admirable Blanche|Admirable-Blanche|American White Winter Calville|Bial zimen Kalvil|Bily zimni hranac|Blanche de Zurich|Blanche des Wurtembergeois|Blandureau d'Auvergne|Bonnet Caree|Bonnet Carre|Bonnet Carret|Bonnet-Carre|Caleville Blanche|Caleville de Gascogne|Caleville Tardif|Calleville|Calleville Blanc|Calleville Blanc a Cotes|Calleville Blanc d'Hiver|Calleville Blanche|Calvil Alb de Iarna|Calvill Weisser Winter|Calvilla Alba|Calvilla Bianca d'Inverno|Calville a Cotes|Calville Acoute|Calville Blanc|Calville Blanc a Cotes|Calville Blanche|Calville Blanche a Cotes|Calville Blanche d'Automne|Calville Blanche d'Hiver|Calville Blanche d'Hyver|Calville Blanche Melonne a Cotes|Calville de Gascogne|Calville de Paris|Calville Tardive|Calville White Winter|Calville Withe Winter|Calvine|Calvire|Catogna|Cotogna|de Calville|de Coign|de Coing|de Fraise|Eck Apfel|Eckapfel|Eggerling|Ekkeling|Englischer Winter Calville|Englisher Weisser Winter Calville|Fraise d'Hiver|Framboise d'Hiver|Franzosischer Quitten Apfel|Franzosischer Quittenapfel|Gelber Winter Calvill|Gelber Winter Calville|Glace|Gros Rambour a Cotes|Gros-Rambour a Cotes|Gross-Pomme de Zurich|Grosse Pomme de Zurich|Grosse-Pomme Blanche du Wurtemberg|Hvid Vinterkalville|Hvit Vintercalvill|Kalvil Belii Zimnii|Kalvil Bily Zimni|Malus Calvilla Alba|Melonen apfel|Melonenapfel|Melonne|Melonne a Cotes|Niger|Ostenapfel|Oster Apfel|Paasch Apfel|Paaschapfel|Paradies Apfel|Paradiesapfel|Parijskii Kalvil|Paris Apple|Parisapfel|Pome de Fraise|Pomme de Caleville|Pomme de Calleville|Pomme de Calville|Pomme de Coign|Pomme de Coin|Pomme de Fraise|Pomme de Framboise|Pomme de Glace|Pomme Glace|Quitten Apfel|Quittenapfel|Rambour a Cotes Gros|Rambour a Cotes Grosses|Reinette a Cotes|Reinette Cotelee|Reinnette a Cotes|Stern Apfel|Stern Reinette|Sternapfel|Sternreinette|Taponelle|Taponne|Taponnelle|Tapounelle|Teli feher kalvil|Vit Vinterkalvil|Vit Vinterkalvill|Wahrer Winter Calville|Weiss Zurich|Weisse Winter Calvill|Weisse Winter Calville|Weisser Erdbeerapfel|Weisser Himbeer|Weisser Himbeer Apfel|Weisser Himbeerapfel|Weisser Winter Calvill|Weisser Winter Calville|Weisser Winter-Calvill|Weisser Winterkalwil|Weisser Zurich Apfel|Weisser Zurichapfel|Weiszer Erdbeerapfel|Weiszer Himbeerapfel|Weiszer Wintercalville|White Autumn Calville|White Calville|White Winter Calville|Winter Calville|Winter Quitten Apfel|Winter Quittenapfel|Winter White|Winter White Calville|Winter Wite Calvile|Withe calville|Witte Winter Calville,Material available from the National Fruit Collection. Material held in the Marcher Apple Network collections (Donnington) Mother to: Adersleber Calville Signe Tillisch Lombarts Calville Accession No. 2002 - 037 fingerprint check_circle Accession name Calville Blanc d'Hiver,True,,https://www.nationalfruitcollection.org.uk/full2.php?id=890&&fruit=apple,Open Government Licence (Crown Copyright; excluding logos),890.0,,05-12,05-20,,Mid October,20.0,,,,,,,,,,,,medium,Broad globose conical,strong,very strong,Whitish green,absent,Orange,washed out,low-medium,crisp,Yellowish,,,soft,,,,,,,,
apple-rhode-island-greening,apple,fruit-apple,Rhode Island Greening,Malus domestica Borkh.,Culinary / Dessert,"Triploid. Thought to have originated at Green's End, Newport, Rhode Island, USA. It was already known by 1650. Fruits have rather coarse-textured, juicy flesh with a pleasant flavour.",Bell Dubois|Burlington Greening|Ganges|Green Newtown Pippin|Green Winter Pippin|Greening|Greenling von Rhode Island|Grunling von Rhode Island|Grunling von Rhode-Island|Hampshire Greening|Island's Grunling|Jersey Greening|Lindley Green Newton Pippin|Pomme Verte de Rhode-Island|Reinette du Seeland|Rhode Island|Rhode Island (Greening)|Rhode-Island Greening|Russine|Seelander Reinette|Serinkia|Verte de Ile de Rhodes|Verte de l'Ile de Rhodes|Verte de Rhode Island|Verte de Rhode-Island|Zelence Rhodoislandske|Zelenka Rod-Ailend skaya,Material available from the National Fruit Collection. Accession No. 1945 - 176 fingerprint check_circle Accession name Rhode Island Greening,True,,https://www.nationalfruitcollection.org.uk/full2.php?id=5345&&fruit=apple,Open Government Licence (Crown Copyright; excluding logos),5345.0,,05-09,05-17,,Early October,20.0,,,,True,,,,,,,,large-very large,Flat globose,strong-very strong,medium,Whitish yellow,very low,Brown,washed out,low,,Yellowish,66.23 mm,83.15 mm,soft,,,,,,,,
apple-baldwin,apple,fruit-apple,Baldwin,Malus domestica Borkh.,Dessert,"Triploid. A chance seedling found on the farm of John Ball, Wilmington, Massachusetts, U.S.A. in about 1740. Introduced by Colonel Baldwin in about 1780. Fruits are coarse textured and juicy but lack flavour. It was once an important commercial variety in the U.S.A.",American Baldwin|Baldwin Rosenapfel|Baldwin's Apfel|Baldwin's Roter Pepping|Baldwin's rother Pepping|Baldwin's Rother Pippin|Beldvin|Butter's|Butter's Woodpecker|Butters|Butters' Red Baldwin|Calville Butter|Calville Buttner|Felch|Late Baldwin|Pecker|Pepin Rouge de Baldwin|Peppin rouge de Baldwin|Red Baldwin|Red Baldwin Pippin|Red Baldwin's Pippin|Stecle's Red Winter|Steele's Red Winter|Woodpecker,Material available from the National Fruit Collection. Material held in Tidnor Wood National Collection® of Malus (Cider making) Sports: Double-Red Baldwin,True,,https://www.nationalfruitcollection.org.uk/full2.php?id=306&&fruit=apple,Open Government Licence (Crown Copyright; excluding logos),306.0,,05-11,05-17,,Mid October,20.0,,,,True,,,,,,,,medium-large,Truncate conical,,,Yellow,,Orange,striped,,,Yellowish,63.00 mm,76.50 mm,firm,,,,,,,,
apple-stayman,apple,fruit-apple,Stayman (Stayman Winesap),Malus domestica Borkh.,Dessert / Culinary,"A red, tangy apple with a crisp bite; good for eating fresh and for cooking, and stores well.",Stayman|Stayman Winesap,Commonly sold for home orchards/gardens in Europe (nursery stock).,False,,https://es.wikipedia.org/wiki/Stayman,CC BY-SA 4.0 (Wikipedia); summary written for this dataset.,,,,,,October,,,,,,,,,,,,Wikipedia,,,,,,,,,,,,,,,,,,,,,,
apple-newtown-pippin,apple,fruit-apple,Newtown Pippin,Malus domestica Borkh.,Dessert,"Originated on the estate of Gersham Moore at Newtown, Long Island, USA. It was well known in 1759. Fruits have firm, fine-textured, juicy flesh with a trace of richness.",Albemarle|Albemarle Pippin|Albermarle|Albermarle Pippin|American Newton Pippin|American Newtown Pippin|Back Creek|Brooke Pippin|Brooke's Pippin|Brookes Pippin|Brookes' Pippin|Coxe's Green Newton Pippin|de New York|Gelber von Newton|Green Newton Pippin|Green Newtown|Green Newtown Pippin|Green Newtown-Pippin|Green Ohio Pippin|Green Winter Pippin|Hampshire Greening|Hunt's Fine Green Pippin|Hunt's Green Newton Pippin|Hunt's Green Newtown Pippin|Kostliche Reinette von Newtown|Large Green Newtown Pippin|Large Newton Pippin|Large Newtown Pippin|Large Yellow|Large Yellow Newton Pippin|Large Yellow Newtown Pippin|Mountain Pippin|Neujorker Reinette|Neustadt's Gelber Pepping|Neustadt's Grosser Pepping|Neustadts Grosser Pepping|Neustadts Kostliche Reinette|New York|New York Greening|New York Pippin|New York Reinette|New-York|Newjorker Reinette|Newton|Newton Green Pippin|Newton Pippin|Newton Yellow Pippin|Newton'pippin|Newton's Pippin|Newtown Green Winter Pippin|Newtown Pippin from New York|Newtown Vert|Ohio Green Pippin|Pepin de Newtown|Pepin Newtona|Pepin Newtown|Pepin Nouvelle-Ville|Pepin Vert de Newton|Pepin Vert de Newtown|Pepin-Vert de Newton|Peterborough Pippin|Petersburg Pippin|Petersburgh Pippen|Petersburgh Pippin|Pippin|Pippin Newtown Yellow|Reinette de New-York|Virginia Pippin|White Newtown Pippin|White's Newtown Pippin|Yellow Newton|Yellow Newton Pippin|Yellow Newton's Pippin|Yellow Newtown|Yellow Newtown Pippin,Material available from the National Fruit Collection. Material held in the Marcher Apple Network collections (Donnington) Mother to: Lamb Abbey Pearmain May Beauty Storey's Seedling Eastbourne Pippin Sissons's Worksop Newtown Accession No. 1963 - 025 fingerprint check_circle Accession name Newtown Pippin,True,,https://www.nationalfruitcollection.org.uk/full2.php?id=4228&&fruit=apple,Open Government Licence (Crown Copyright; excluding logos),4228.0,,05-14,05-22,,Mid October,21.0,,,,,,,,,,,,large,Globose conical,strong,medium-strong,Green yellow,absent,Brown,washed out,low,crisp,Cream,65.34 mm,78.01 mm,,,,,,,,,
apple-dabinett,apple,fruit-apple,Dabinett,Malus domestica Borkh.,Cider,"Thought to have originated in the Martock-Kingsbury area of Somerset in the mid-19th Century. Believed to have been named after a Mr Dabinett. Possibly a seedling of Chisel Jersey. This variety crops regularly. Fruits have slightly crisp flesh with a sweet, astringent, strong fruity flavour when ripe. Dabinett is weak grower producing a small and spreading tree. A bittersweet variety that produces a soft, full-bodied, high quality cider.",,Material available from the National Fruit Collection. Material held in Tidnor Wood National Collection® of Malus (Cider making) Accession No. 1989 - 077 fingerprint check_circle Accession name Dabinett,True,,https://www.nationalfruitcollection.org.uk/full2.php?id=1438&&fruit=apple,Open Government Licence (Crown Copyright; excluding logos),1438.0,,05-14,05-21,,Mid November,21.0,,,,,,,,,,,,small-medium,Globose,weak-medium,weak,Green yellow,high-very high,Red,striped/solid flush,low,,Cream,50.00 mm,62.40 mm,,,,,,,,,
apple-yarlington-mill,apple,fruit-apple,Yarlington Mill,Malus domestica Borkh.,Cider,"Originated in the village of yarlington, in the North Cadbury area of Somerset. A strongly biennial cropper unless pruned regularly. Produces a medium bittersweet cider.",,Material available from the National Fruit Collection. Material held in Tidnor Wood National Collection® of Malus (Cider making) Accession No. 1989 - 119 fingerprint check_circle Accession name Yarlington Mill,True,,https://www.nationalfruitcollection.org.uk/full2.php?id=6962&&fruit=apple,Open Government Licence (Crown Copyright; excluding logos),6962.0,,05-04,05-12,,Late October,19.0,,,,,,,,,,,,small-medium,Globose conical,weak-medium,weak,Green yellow,high,Red,striped/solid flush,low,,Cream,54.70 mm,63.60 mm,,,,,,,,,
apple-kingston-black,apple,fruit-apple,Kingston Black,Malus domestica Borkh.,Cider,"Believed to be a Somerset apple and possibly raised at Kingston, near Taunton. This variety was introduced into Herefordshire c.1820 by Mr Palmer of Bollitree Estate, Weston-under-Penyard near Ross-on-Wye. Trees are of medium size and have a spreading habit. Susceptible to scab. Fruits are medium to small in size and produce a full bodied, excellent quality cider with a distinctive flavour.",,Material available from the National Fruit Collection. Material held in Tidnor Wood National Collection® of Malus (Cider making) Accession No. 1999 - 096 fingerprint check_circle Accession name Kingston Black,True,,https://www.nationalfruitcollection.org.uk/full2.php?id=3250&&fruit=apple,Open Government Licence (Crown Copyright; excluding logos),3250.0,,05-14,05-22,,late september,21.0,,,,,,,,,,,,small,Globose,medium,very weak,Green yellow,,Red,striped/solid flush,low,,,45.75 mm,52.85 mm,,,,,,,,,
apple-michelin,apple,fruit-apple,Michelin,Malus domestica Borkh.,Cider,"This old popular cider apple was raised by M. Legrand of Yvetot, Normandy , France. It first fruited in 1872. It was named after M. Michelin of Paris, one of the original promoters appointed by the French Government for the study of cider fruits. Introduced into Herefordshire in 1884 by the Woolhope Naturalists Field Club. Fruits are small and pale green to yellow. Produces a sweet juice resulting in a bittersweet cider ideal for blending.",,Material available from the National Fruit Collection. Material held in Tidnor Wood National Collection® of Malus (Cider making) Accession No. 1989 - 096 fingerprint check_circle Accession name Michelin,True,,https://www.nationalfruitcollection.org.uk/full2.php?id=3956&&fruit=apple,Open Government Licence (Crown Copyright; excluding logos),3956.0,,,,,,,,,,,,,,,,,,small,Globose conical,weak-medium,weak,Green yellow,,Orange,washed out,low,,,43.00 mm,47.60 mm,,,,,,,,,
apple-brown-snout,apple,fruit-apple,Brown Snout,Malus domestica Borkh.,Cider,"Thought to have originated in Herefordshire, UK. Known to have been in existence in the mid 1800s. Late flowering. Moderately biennial. Fruits are small to medium with firm flesh. Produces a bittersweet, average mild to medium cider.",,Material available from the National Fruit Collection. Material held in Tidnor Wood National Collection® of Malus (Cider making) Accession No. 1989 - 068 fingerprint check_circle Accession name Brown Snout,True,,https://www.nationalfruitcollection.org.uk/full2.php?id=790&&fruit=apple,Open Government Licence (Crown Copyright; excluding logos),790.0,,05-24,05-30,,Early November,22.0,,,,,,,,,,,,small,Globose conical,weak-medium,absent,Whitish green,high,Red,striped/mottled,low,,White,39.70 mm,45.35 mm,,,,,,,,,
apple-sweet-coppin,apple,fruit-apple,Sweet Coppin,Malus domestica Borkh.,Cider,"An old variety originating in Devon. Once very common in cider orchards in the Exeter area. Susceptible to mildew. The medium to large fruits ripen early November. Produces a pure sweet, sometimes a very mild bittersweet cider of good quality.",,Material available from the National Fruit Collection. Material held in Tidnor Wood National Collection® of Malus (Cider making) Accession No. 1989 - 112 fingerprint check_circle Accession name Sweet Coppin,True,,https://www.nationalfruitcollection.org.uk/full2.php?id=6196&&fruit=apple,Open Government Licence (Crown Copyright; excluding logos),6196.0,,05-10,05-17,,Early November,20.0,,,,,,,,,,,,small,Globose conical,weak,very weak,Green yellow,very low,Pink,mottled,medium-high,,White,49.10 mm,52.80 mm,,,,,,,,,
apple-chisel-jersey,apple,fruit-apple,Chisel Jersey,Malus domestica Borkh.,Cider,An old cider variety known to have been widely grown around the Martock area of Somerset. The name is thought to have derived from the term,,Material available from the National Fruit Collection. Material held in Tidnor Wood National Collection® of Malus (Cider making) Accession No. 1989 - 072 fingerprint check_circle Accession name Chisel Jersey,True,,https://www.nationalfruitcollection.org.uk/full2.php?id=1094&&fruit=apple,Open Government Licence (Crown Copyright; excluding logos),1094.0,,05-18,05-25,,Mid November,21.0,,,,,,,,,,,,small-medium,Broad globose conical,weak-medium,weak,Green yellow,high,Orange,striped/solid flush,low,,Cream,45.65 mm,58.40 mm,,,,,,,,,
apple-harry-masters-jersey,apple,fruit-apple,Harry Master's Jersey,Malus domestica Borkh.,Cider,Also known by the name,,Material available from the National Fruit Collection. Material held in Tidnor Wood National Collection® of Malus (Cider making) Accession No. 1989 - 089 fingerprint check_circle Accession name Harry Masters Jersey,True,,https://www.nationalfruitcollection.org.uk/full2.php?id=2636&&fruit=apple,Open Government Licence (Crown Copyright; excluding logos),2636.0,,,,,,,,,,,,,,,,,,medium,Globose conical,medium,weak-medium,Green yellow,,Red,striped/washed out,low,,,53.60 mm,62.70 mm,,,,,,,,,
cherry-black-tartarian-e,cherry,fruit-cherry-sweet,Black Tartarian E,Prunus avium L.,,"Availability Material available from the National Fruit Collection. Accession No. 1978 - 280 check_circle Accession name Black Tartarian E Firmness medium 1 Flesh Colour Pink/Medium Red/Dark Red 1 Fruit Weight 7.60 g 1 Stalk Length 51.23 mm 1 Skin Colour dark red/blackish 1 Pistil pointed 1 Juice Colour red 1 References: 1. NFC fruit (undated) Unpublished characterisation by staff at NFC, Brogdale. Name Accession Number Accession A-Z Apple Pear Apricot Blackcurrant Currants Cherry Gooseberry Plum copyright 2025 Crown Copyright Copyright Information × You may use and re-use the",,"Material available from the National Fruit Collection. Accession No. 1978 - 280 check_circle Accession name Black Tartarian E Firmness medium 1 Flesh Colour Pink/Medium Red/Dark Red 1 Fruit Weight 7.60 g 1 Stalk Length 51.23 mm 1 Skin Colour dark red/blackish 1 Pistil pointed 1 Juice Colour red 1 References: 1. NFC fruit (undated) Unpublished characterisation by staff at NFC, Brogdale. Name Accession Number Accession A-Z Apple Pear Apricot Blackcurrant Currants Cherry Gooseberry Plum copyright 2025 Crown Copyright Copyright Information × You may use and re-use the information featured on this website (not including logos) free of charge in any format or medium, under the terms of the Open Government Licence open_in_new . Close email Contact Us brush Chris Turnbull August 2023",True,,https://www.nationalfruitcollection.org.uk/full2.php?id=7096&&fruit=cherry,Open Government Licence (Crown Copyright; excluding logos),7096.0,,,,,,,,,,,,,,,,,,,,,,,,,,,,Pink/Medium Red/Dark Red,,,medium,dark red/blackish,red,,,,,,
apple-stoke-red,apple,fruit-apple,Stoke Red,Malus domestica Borkh.,Cider,"This variety gained attention in the 1920s when surveys found trees growing in Rodney Stoke, Somerset. The trees are fairly vigorous and crop quite heavily. Produces a sharp, slightly astringent juice and a fine, sharp cider.",,Material available from the National Fruit Collection. Material held in Tidnor Wood National Collection® of Malus (Cider making) Accession No. 1989 - 110 fingerprint check_circle Accession name Stoke Red,True,,https://www.nationalfruitcollection.org.uk/full2.php?id=6039&&fruit=apple,Open Government Licence (Crown Copyright; excluding logos),6039.0,,05-18,05-27,,Mid November,21.0,,,,,,,,,,,,small,Broad globose conical,weak,weak,Green yellow,high,Orange,striped/solid flush,low,,Cream,39.78 mm,49.78 mm,,,,,,,,,
apple-broxwood-foxwhelp,apple,fruit-apple,Broxwood Foxwhelp,Malus domestica Borkh.,Cider,"Known to have been planted in the orchard of H.P. Bulmer & Co. Ltd., in the 1920s. Thought to be a sport of Foxwhelp. The small fruits produce a medium bittersharp cider and a full-bodied juice.",,Material available from the National Fruit Collection. Material held in Tidnor Wood National Collection® of Malus (Cider making) Accession No. 1989 - 124 fingerprint check_circle Accession name Broxwood Foxwhelp,True,,https://www.nationalfruitcollection.org.uk/full2.php?id=800&&fruit=apple,Open Government Licence (Crown Copyright; excluding logos),800.0,,05-01,05-08,,Mid September,19.0,,,,,,,,,,,,small,Globose conical,weak-medium,very weak,Whitish yellow,high-very high,Red,striped/solid flush,low,,Cream,47.20 mm,53.80 mm,,,,,,,,,
apple-tremletts-bitter,apple,fruit-apple,Tremlett's Bitter,Malus domestica Borkh.,Cider,"Originated in the Exe Valley, Devon. Flowers are very sensitive to frost which may contribute to the trees biennial cropping pattern. Susceptible to scab. Produces a full bittersweet cider.",,Material available from the National Fruit Collection. Material held in Tidnor Wood National Collection® of Malus (Cider making) Accession No. 1989 - 117 fingerprint check_circle Accession name Tremlett's Bitter,True,,https://www.nationalfruitcollection.org.uk/full2.php?id=6409&&fruit=apple,Open Government Licence (Crown Copyright; excluding logos),6409.0,,04-29,05-08,,Early October,19.0,,,,,,,,,,,,small-medium,Globose conical,medium,weak,Green yellow,high,Orange,striped/mottled,low,,White,57.80 mm,60.70 mm,,,,,,,,,
apple-bulmers-norman,apple,fruit-apple,Bulmer's Norman,Malus domestica Borkh.,Cider,"Originally an unnamed variety imported from Normandy, France. It was developed by H.P. Bulmer & Co., Ltd., in Hereford, England. Fruits are medium to large. Produces a good yield but tends to be biennial. The flesh is white with a woolly texture and a sweet but astringent flavour. Triploid. Trees are very vigorous and with a spreading habit and branch breakage can occur when the crop is heavy. Susceptible to scab. Fruits produce a bittersweet, fast-fermenting medium cider.",,Material available from the National Fruit Collection. Material held in Tidnor Wood National Collection® of Malus (Cider making) Accession No. 1989 - 070 fingerprint check_circle Accession name Bulmer's Norman,True,,https://www.nationalfruitcollection.org.uk/full2.php?id=826&&fruit=apple,Open Government Licence (Crown Copyright; excluding logos),826.0,,05-04,05-11,,Mid October,19.0,,,,True,,,,,,,,small-medium,Globose conical,strong,weak-medium,Whitish yellow,absent,,,low,,White,44.07 mm,57.13 mm,,,,,,,,,
apple-major,apple,fruit-apple,Major,Malus domestica Borkh.,Cider,Originated in South Devon. Once a commonly grown variety in some of the old farm orchards of Devon and Somerset. Trees are quite vigorous. Fruits are of medium size. Produces a good bittersweet cider.,,Material available from the National Fruit Collection. Material held in Tidnor Wood National Collection® of Malus (Cider making) Accession No. 1989 - 125 fingerprint check_circle Accession name Major,True,,https://www.nationalfruitcollection.org.uk/full2.php?id=3745&&fruit=apple,Open Government Licence (Crown Copyright; excluding logos),3745.0,,,,,,,,,,,,,,,,,,small,Globose conical,medium,medium,Yellow,,Orange,striped/solid flush,low,,,56.80 mm,58.20 mm,,,,,,,,,
apple-ellis-bitter,apple,fruit-apple,Ellis Bitter,Malus domestica Borkh.,Cider,"An old variety thought to have originated on the farm of a Mr Ellis of Newton St Cyres, South Devon. The large, conical fruits have white, crisp, juicy sweet flesh which is a little astringent. A medium bittersweet variety which produces a good quality cider.",,Material available from the National Fruit Collection. Material held in Tidnor Wood National Collection® of Malus (Cider making) Accession No. 1989 - 083 fingerprint check_circle Accession name Ellis Bitter,True,,https://www.nationalfruitcollection.org.uk/full2.php?id=1835&&fruit=apple,Open Government Licence (Crown Copyright; excluding logos),1835.0,,05-11,05-20,,Mid October,20.0,,,,,,,,,,,,medium-large,Conical,medium,weak,Yellow,high-very high,Red,striped/solid flush,low,,Cream,65.90 mm,72.80 mm,firm-very firm,,,,,,,,
apple-porters-perfection,apple,fruit-apple,Porter's Perfection,Malus domestica Borkh.,Cider,"Originated in the orchard of Charles Porter of East Lambrook, Somerset in the 19th Century. Introduced in 1907. Produces a sharp juice with little astringency. Ripens late October to early November.",,Material available from the National Fruit Collection. Material held in Tidnor Wood National Collection® of Malus (Cider making) Accession No. 1989 - 102 fingerprint check_circle Accession name Porter's Perfection,True,,https://www.nationalfruitcollection.org.uk/full2.php?id=4777&&fruit=apple,Open Government Licence (Crown Copyright; excluding logos),4777.0,,05-04,05-12,,Late October,19.0,,,,,,,,,,,,small,Broad globose conical,weak-medium,weak,Green yellow,high,Red,striped/solid flush,low,,Cream,37.90 mm,44.50 mm,,,,,,,,,
apple-court-royal,apple,fruit-apple,Court Royal,Malus domestica Borkh.,Cider,"Origin unknown but once grown in Somerset, East Devon and Herefordshire. In the early 1900s it was used as a dessert variety. Fruits are slightly crisp and sweet. A triploid. Tree growth is vigorous producing a large tree. Produces a sweet fast fermenting juice.",,Material available from the National Fruit Collection. Material held in Tidnor Wood National Collection® of Malus (Cider making) Accession No. 1989 - 075 fingerprint check_circle Accession name Court Royal,True,,https://www.nationalfruitcollection.org.uk/full2.php?id=1312&&fruit=apple,Open Government Licence (Crown Copyright; excluding logos),1312.0,,04-30,05-08,,Mid October,19.0,,,,True,,,,,,,,medium,Flat,weak-medium,very weak,Whitish green,low-medium,Orange,striped/mottled,low,,Cream,52.00 mm,69.70 mm,,,,,,,,,
apple-browns-apple,apple,fruit-apple,Brown's Apple,Malus domestica Borkh.,,"Originated in Devon. It was discovered by Mr Hill, a cider maker and nurseryman of Staverton, near Totnes, Devon. Known to have been in existence in the early 1920s. Trees are very vigourous and can therefore delay cropping. Fruits are medium sized with white flesh which often carries a red tinge especially in highly coloured fruits. Produces a medium-sharp, fruity but rather thin cider.",,Material available from the National Fruit Collection. Material held in Tidnor Wood National Collection® of Malus (Cider making) Accession No. 1989 - 067 fingerprint check_circle Accession name Brown's Apple,True,,https://www.nationalfruitcollection.org.uk/full2.php?id=1595&&fruit=apple,Open Government Licence (Crown Copyright; excluding logos),1595.0,,05-04,05-14,,Late October,20.0,,,,,,,,,,,,,,,,,,,,,,,,,,,,,,,,,
apple-ashton-bitter,apple,fruit-apple,Ashton Bitter,Malus domestica Borkh.,Cider,"Raised by Mr G.T. Spinks, Long Ashton Research Station, Bristol in 1947. A seedling raised from a Dabinett/Stoke Red cross. A precocious, midseason flowering variety. Fruits are of medium size and firm. Produces juice with low acidity and medium tannin.",,Material available from the National Fruit Collection. Material held in Tidnor Wood National Collection® of Malus (Cider making) Accession No. 1989 - 129 fingerprint check_circle Accession name Ashton Bitter,True,,https://www.nationalfruitcollection.org.uk/full2.php?id=233&&fruit=apple,Open Government Licence (Crown Copyright; excluding logos),233.0,,05-18,05-27,,Late September,21.0,,,,,,,,,,,,small,Globose conical,weak,weak,Whitish yellow,medium-high,Red,striped/washed out,low,,Cream,46.26 mm,51.68 mm,soft,,,,,,,,
apple-frequin-rouge,apple,fruit-apple,Frequin Rouge,,,,,,,,,Open Government Licence (Crown Copyright; excluding logos),,,,,,,,,,,,,,,,,,,,,,,,,,,,,,,,,,,,,,,,
apple-jonagored,apple,fruit-apple,Jonagored,Malus domestica Borkh.,,"A more highly coloured sport of Jonagold. Originated at Halen, Belgium, by Jos Morren. It was introduced in 1985. Fruits have creamy white, fine-textured, juicy flesh with a sweet and good rich flavour.",,Material in the National Fruit Collection not currently available.,True,,https://www.nationalfruitcollection.org.uk/full2.php?id=3069&&fruit=apple,Open Government Licence (Crown Copyright; excluding logos),3069.0,,04-27,05-07,,mid october,19.0,,,,,,,,,,,,,,,,,,,,,,,,,,,,,,,,,
apple-red-jonaprince,apple,fruit-apple,Red Jonaprince,Malus domestica Borkh.,,"A dark red flushed clone of Jonagold. Discovered in 1994 by Princen Bros, Weert, Netherlands. Fruits have fine-textured, juicy flesh with a sweet and good rich flavour.",,Material in the National Fruit Collection not currently available.,True,,https://www.nationalfruitcollection.org.uk/full2.php?id=5049&&fruit=apple,Open Government Licence (Crown Copyright; excluding logos),5049.0,,05-12,05-20,,mid october,20.0,,,,,,,,,,,,,,,,,,,,,,,,,,,,,,,,,
apple-shampion,apple,fruit-apple,Shampion,,,,,,,,,Open Government Licence (Crown Copyright; excluding logos),,,,,,,,,,,,,,,,,,,,,,,,,,,,,,,,,,,,,,,,
apple-ligol,apple,fruit-apple,Ligol,,,,,,,,,Open Government Licence (Crown Copyright; excluding logos),,,,,,,,,,,,,,,,,,,,,,,,,,,,,,,,,,,,,,,,
apple-gloster-69,apple,fruit-apple,Gloster 69,Malus domestica Borkh.,,"Raised in 1951 at the Fruit Research Station, Jork, Hamburg, Germany. Fruits have fine-textured, juicy, sweet flesh with a briskly pleasant flavour.",,Material available from the National Fruit Collection. Accession No. 1968 - 067 fingerprint check_circle Accession name Gloster 69,True,,https://www.nationalfruitcollection.org.uk/full2.php?id=2307&&fruit=apple,Open Government Licence (Crown Copyright; excluding logos),2307.0,,05-16,05-25,,mid october,21.0,,,,,,,,,,,,,,,,,,,,,,,,,,,,,,,,,
apple-reinette-grise-du-canada,apple,fruit-apple,Reinette Grise du Canada,Malus domestica Borkh.,Culinary / Dessert,"A russetted sport of Reinette du Canada. Triploid. Origin unknown but known since the early 1800s. Fruits have firm, rather coarse-textured, somewhat dry flesh with a sweet and moderate flavour.",Canada Gris|Graue Canada Reinette|Graue Canada-Reinette|Graue Reinette von Canada|Grise du Canada|Monstrueuse du Canada|Passe Pomme du Canada|Passe-Pomme du Canada|Reinette de Canada (Grise)|Reinette de Canada Grise|Reinette du Canada Grise|Reinette du Canada Platte|Reinette Grise|Reinette Grise de Canada|Renet Cenusiu de Canada|Renet seryi kanadskii|Renetta del Canada Rugginosa|Renetta Grigia del Canada|Smaragda|Takapuna Russet,Material available from the National Fruit Collection.,True,,https://www.nationalfruitcollection.org.uk/full2.php?id=5264&&fruit=apple,Open Government Licence (Crown Copyright; excluding logos),5264.0,,05-12,05-20,,Early October,20.0,,,,True,,,,,,,,large,Broad globose conical,medium,,Green yellow,,Brown,,high-very high,,Yellowish,60.00 mm,77.50 mm,firm,,,,,,,,
apple-annurca,apple,fruit-apple,Annurca,Malus domestica Borkh.,Dessert,Synonyms: Anurka,Anurka,"Material available from the National Fruit Collection. Accession No. 1973 - 051 fingerprint check_circle Received by the National Fruit Trials in 1973 from Italy. Fruits are sweet, crisp and juicy. Accession name Annurca",True,,https://www.nationalfruitcollection.org.uk/full2.php?id=180&&fruit=apple,Open Government Licence (Crown Copyright; excluding logos),180.0,,05-11,05-19,,Late October,20.0,,,,,,,,,,,,small-medium,Broad globose conical,weak-medium,very weak,Yellow,low-medium,Orange,striped/mottled,low,crisp,White,,,,,,,,,,,
apple-jazz,apple,fruit-apple,Jazz (Scifresh),Malus domestica Borkh.,Dessert,"A modern, very crisp apple with a lively sweet–sharp flavour. Keeps its crunch well and colours up with a red flush.",Jazz|Scifresh,Commonly sold for home orchards/gardens in Europe (nursery stock).,False,,https://en.wikipedia.org/wiki/Jazz_(apple),CC BY-SA 4.0 (Wikipedia); summary written for this dataset.,,,,,,October,,,,,,,,,,,,Wikipedia,,,,,,,,,,,,,,,,,,,,,,
apple-kanzi,apple,fruit-apple,Kanzi (Nicoter),Malus domestica Borkh.,Dessert,"A firm, crunchy dessert apple with a balanced sweet–tart flavour. Developed for good eating quality and storage.",Kanzi|Nicoter,Commonly sold for home orchards/gardens in Europe (nursery stock).,False,,https://en.wikipedia.org/wiki/Kanzi_(apple),CC BY-SA 4.0 (Wikipedia); summary written for this dataset.,,,,,,October,,,,,,,,,,,,Wikipedia,,,,,,,,,,,,,,,,,,,,,,
apple-envy,apple,fruit-apple,Envy (Scilate),Malus domestica Borkh.,Dessert,"A very sweet, crisp apple that browns slowly once cut, making it popular for eating fresh and salads.",Envy|Scilate,Commonly sold for home orchards/gardens in Europe (nursery stock).,False,,https://en.wikipedia.org/wiki/Envy_(apple),CC BY-SA 4.0 (Wikipedia); summary written for this dataset.,,,,,,October,,,,,,,,,,,,Wikipedia,,,,,,,,,,,,,,,,,,,,,,
apple-opal-ufo,apple,fruit-apple,Opal (UFO),Malus domestica Borkh.,Dessert,A yellow dessert apple known for its aromatic sweetness and low tendency to brown after cutting. Often grown as a fresh-eating variety in Europe.,Opal|UFO,Commonly sold for home orchards/gardens in Europe (nursery stock).,False,,https://en.wikipedia.org/wiki/Opal_(apple),CC BY-SA 4.0 (Wikipedia); summary written for this dataset.,,,,,,September–October,,,,,,,,,,,,Wikipedia,,,,,,,,,,,,,,,,,,,,,,
apple-ariane,apple,fruit-apple,Ariane,Malus domestica Borkh.,Dessert,"A disease-resistant French-bred dessert apple with a crisp bite and a sweet flavour, often developing a red flush over yellow.",Ariane,Commonly sold for home orchards/gardens in Europe (nursery stock).,False,,https://en.wikipedia.org/wiki/Ariane_(apple),CC BY-SA 4.0 (Wikipedia); summary written for this dataset.,,,,,,September–October,,,,,,,,,,,,Wikipedia,,,,,,,,,,,,,,,,,,,,,,
apple-rubinette,apple,fruit-apple,Rubinette,Malus domestica Borkh.,Dessert,"A richly flavoured, aromatic apple (often compared to Cox style), usually small-to-medium with a red flush. Best eaten fresh.",Rubinette,Commonly sold for home orchards/gardens in Europe (nursery stock).,False,,https://en.wikipedia.org/wiki/Rubinette,CC BY-SA 4.0 (Wikipedia); summary written for this dataset.,,,,,,September,,,,,,,,,,,,Wikipedia,,,,,,,,,,,,,,,,,,,,,,
apple-cripps-pink,apple,fruit-apple,Cripps Pink (Pink Lady®),Malus domestica Borkh.,Dessert,"A crisp, sweet-tart apple known commercially as Pink Lady®. Late-season, with good crunch and storage.",Cripps Pink|Pink Lady,Commonly sold for home orchards/gardens in Europe (nursery stock).,False,,https://de.wikipedia.org/wiki/Cripps_Pink,CC BY-SA 4.0 (Wikipedia); summary written for this dataset.,,,,,,October–November,,,,,,,,,,,,Wikipedia,,,,,,,,,,,,,,,,,,,,,,
apple-florina,apple,fruit-apple,Florina (Querina),Malus domestica Borkh.,Dessert,"A late-season dessert apple selected for disease resistance (notably scab), with a sweet flavour and good keeping quality.",Florina|Querina,Commonly sold for home orchards/gardens in Europe (nursery stock).,False,,https://it.wikipedia.org/wiki/Florina_(melo),CC BY-SA 4.0 (Wikipedia); summary written for this dataset.,,,,,,October–November,,,,,,,,,,,,Wikipedia,,,,,,,,,,,,,,,,,,,,,,
apple-rajka,apple,fruit-apple,Rajka,Malus domestica Borkh.,Dessert,"A modern dessert apple bred for scab resistance, usually crisp with a balanced sweet-sharp flavour; popular for low-spray gardens.",Rajka,Sold as nursery stock in Europe (often marketed as scab-resistant).,False,,https://www.pomiferous.com/applebyname/rajka-id-642,Copyright (Pomiferous.com); summary written for this dataset.,,,,,,September–October,,,,,,,,,,,,Pomiferous,,,,,,,,,,,,,,,,,,,,,,
pear-conference,pear,fruit-pear,Conference,Pyrus communis L.,Dessert,"Raised by Rivers Nursery, Sawbridgeworth. Exhibited at the National British Pear Conference after which it was named. Awarded a First Class Certificate from The Royal Horticultural Society in 1885. Fruits have pale yellow flesh with a slight pink tinge.",,Material available from the National Fruit Collection.,True,,https://www.nationalfruitcollection.org.uk/full2.php?id=7207&&fruit=pear,Open Government Licence (Crown Copyright; excluding logos),7207.0,,04-23,05-01,,,18.0,,,,,,,,,,,,large,pyriform/flask,,,yellow,absent,none,,medium,,yellow/pink,,,,,,207.00 g,,,,,
pear-concorde,pear,fruit-pear,Concorde,Pyrus communis L.,Dessert,"Raised in 1977 at East Malling Research Station, Maidstone, Kent. Similar to Conference but fruits have a better skin finish with less russet. Fruits have a sweet, aromatic flavour.",,Material in the National Fruit Collection not currently available.,True,,https://www.nationalfruitcollection.org.uk/full2.php?id=7205&&fruit=pear,Open Government Licence (Crown Copyright; excluding logos),7205.0,,04-17,04-28,,,17.0,,,,,,,,,,,,medium-large,pyriform/flask,,,yellow,low-medium,pink,,low/medium,,white/cream,,,,,,173.00 g,,,,,
pear-invincible-fertilia,pear,fruit-pear,Invincible (Fertilia),,,,,,,,,Open Government Licence (Crown Copyright; excluding logos),,,,,,,,,,,,,,,,,,,,,,,,,,,,,,,,,,,,,,,,
pear-doyenne-du-comice,pear,fruit-pear,Doyenne du Comice,Pyrus communis L.,Dessert,"Raised by the Horticultural Society of Maine et Loire, Angers, France. First fruited in 1849. Introduced to England in 1858 by Sir Thomas Dyke Acland. Fruits have pale yellow, extremely melting, juicy flesh with a delicate and delicious flavour.",,Material available from the National Fruit Collection. Mother to: Belle Guerandaise Concorde Father to: Cascade Colette Condo Dawn Sports: Red Comice Doyenne du Comice (4n) Accession No. 1973 - 200 check_circle Accession name Doyenne du Comice (EMLA),True,,https://www.nationalfruitcollection.org.uk/full2.php?id=7251&&fruit=pear,Open Government Licence (Crown Copyright; excluding logos),7251.0,,04-28,05-06,,,18.0,,,,,,,,,,,,large-very large,conical/pyriform,,,yellow,very low,orange-red,,high,,white,,,,,,442.00 g,,,,,
pear-williams-bon-chretien,pear,fruit-pear,Williams' Bon Chretien,Pyrus communis L.,,Synonyms: Bartlett,Bartlett,Material available from the National Fruit Collection. Mother to: Andre Desportes Beurre Mortillet Butirra Precoce Morettini Bristol Cross Delbias Father to: Beth Butirra di Roma Sports: Arnold Biggar Russet Bartlett Double Williams Knock-Out Russet Bartlett Max-Red Bartlett Moyer Russet Bartlett Nye Russet Bartlett Parburton Redbald 66 Russet Bartlett Striped Williams Accession No. 1994 - 027 check_circle Accession name Williams' Bon-Chretien (de Freston) Accession No. 2001 - 099 check_circle Accession name Williams' Bon-Chretien (EMLA),True,,https://www.nationalfruitcollection.org.uk/full2.php?id=7615&&fruit=pear,Open Government Licence (Crown Copyright; excluding logos),7615.0,,04-25,05-05,,,18.0,,,,,,,,,,,,,,,,,,,,,,,,,,,,,,,,,
pear-beurre-bosc,pear,fruit-pear,Beurre Bosc,Pyrus communis L.,Dessert,"A seedling pear found by Dr Van Mons, growing in the garden of M. Swates at Linkebeeke, France. It was named after M. Bosc, the Director of the Jardin des Plantes, at Paris. Fruits have yellowish, tender, juicy flesh with a perfumed flavour.",Calebasse Bosc,Material available from the National Fruit Collection. Accession No. 1973 - 308 check_circle Accession name Beurre Bosc,True,,https://www.nationalfruitcollection.org.uk/full2.php?id=7104&&fruit=pear,Open Government Licence (Crown Copyright; excluding logos),7104.0,,04-29,05-09,,,19.0,,,,,,,,,,,,medium,pyriform,,,yellow,absent,none,,very high,,cream,,,,,,168.00 g,,,,,
pear-beurre-danjou,pear,fruit-pear,Beurre d'Anjou,Pyrus communis L.,Dessert,"A seedling of Vans Mons. Fruits have white, melting flesh with a delicious flavour.",,Material available from the National Fruit Collection. Accession No. 1973 - 306 check_circle Accession name Beurre d'Anjou (LA),True,,https://www.nationalfruitcollection.org.uk/full2.php?id=7111&&fruit=pear,Open Government Licence (Crown Copyright; excluding logos),7111.0,,04-19,05-01,,,18.0,,,,,,,,,,,,medium-large,ovoid/conical,,,yellow,very low,orange,,low,,white/cream,,,,,,279.00 g,,,,,
pear-packhams-triumph,pear,fruit-pear,Packham's Triumph,Pyrus communis L.,,Availability Material available from the National Fruit Collection. Accession No. 1973 - 311 check_circle Accession name Packham's Triumph (LA) Flowering time 16th April 10% flowering 20th April Full (80%) flowering 30th April 90% petal fall Size medium 1 Shape pyriform 1 Ground Colour yellow 1 Over Colour (Amount) absent 1 Over Colour none 1 Russet low 1 Flesh Colour white/cream 1 Weight 148.00 g 1 Russet (percent) 1-25% 1 Stalk Angle straight/oblique 1 Stalk Curve absent 1 Stalk Thickness medium 1 Stalk Length medium mm 1 Eye Aperture closed 1 References: 1. NFC fruit,,Material available from the National Fruit Collection. Accession No. 1973 - 311 check_circle Accession name Packham's Triumph (LA),True,,https://www.nationalfruitcollection.org.uk/full2.php?id=7478&&fruit=pear,Open Government Licence (Crown Copyright; excluding logos),7478.0,,04-20,04-30,,,18.0,,,,,,,,,,,,medium,pyriform,,,yellow,absent,none,,low,,white/cream,,,,,,148.00 g,,,,,
pear-abate-fetel,pear,fruit-pear,Abate Fetel,,,,,,,,,Open Government Licence (Crown Copyright; excluding logos),,,,,,,,,,,,,,,,,,,,,,,,,,,,,,,,,,,,,,,,
pear-rocha,pear,fruit-pear,Rocha,,,,,,,,,Open Government Licence (Crown Copyright; excluding logos),,,,,,,,,,,,,,,,,,,,,,,,,,,,,,,,,,,,,,,,
pear-forelle,pear,fruit-pear,Forelle,Pyrus communis L.,,Availability Material available from the National Fruit Collection. Mother to: Canal Red Accession No. 2001 - 054 check_circle Accession name Forelle Flowering time 14th April 10% flowering 20th April Full (80%) flowering 1st May 90% petal fall Size medium 1 Shape conical 1 Ground Colour yellow 1 Over Colour (Amount) medium 1 Over Colour red 1 Russet low 1 Flesh Colour white 1 Weight 181.00 g 1 Russet (percent) 1-25% 1 Stalk Angle oblique 1 Stalk Curve absent 1 Stalk Thickness thin 1 Stalk Length short-medium mm 1 Eye Aperture open 1 References: 1. NFC fruit (undated) U,,Material available from the National Fruit Collection. Mother to: Canal Red Accession No. 2001 - 054 check_circle Accession name Forelle,True,,https://www.nationalfruitcollection.org.uk/full2.php?id=7294&&fruit=pear,Open Government Licence (Crown Copyright; excluding logos),7294.0,,04-20,05-01,,,18.0,,,,,,,,,,,,medium,conical,,,yellow,medium,red,,low,,white,,,,,,181.00 g,,,,,
pear-seckel,pear,fruit-pear,Seckel,Pyrus communis L.,,Availability Material available from the National Fruit Collection. Mother to: Carrick Cayuga Chapin Colette Father to: Barseck Accession No. 1945 - 174 check_circle Accession name Seckel (Robarts) Flowering time 20th April 10% flowering 25th April Full (80%) flowering 6th May 90% petal fall Size very small-small 1 Shape ovoid 1 Ground Colour green-yellow 1 Over Colour (Amount) medium-high 1 Over Colour dark red/brown 1 Russet medium 1 Flesh Colour yellow 1 Weight 49.00 g 1 Russet (percent) 26-50% 1 Stalk Angle straight/oblique 1 Stalk Curve weak-medium 1 Stalk Thickness me,,Material available from the National Fruit Collection. Mother to: Carrick Cayuga Chapin Colette Father to: Barseck Accession No. 1945 - 174 check_circle Accession name Seckel (Robarts),True,,https://www.nationalfruitcollection.org.uk/full2.php?id=7546&&fruit=pear,Open Government Licence (Crown Copyright; excluding logos),7546.0,,04-25,05-06,,,18.0,,,,,,,,,,,,very small-small,ovoid,,,green-yellow,medium-high,dark red/brown,,medium,,yellow,,,,,,49.00 g,,,,,
pear-starkrimson,pear,fruit-pear,Starkrimson,Pyrus communis L.,,Availability Material available from the National Fruit Collection. Parentage: Sport of Clapp's Favourite Accession No. 1961 - 103 check_circle Accession name Starkrimson Flowering time 22nd April 10% flowering 27th April Full (80%) flowering 6th May 90% petal fall Size medium-large 1 Shape conical/pyriform 1 Ground Colour green-yellow/yellow 1 Over Colour (Amount) medium-high 1 Over Colour red 1 Russet low 1 Flesh Colour white 1 Weight 146.00 g 1 Russet (percent) 1-25% 1 Stalk Angle oblique 1 Stalk Curve absent 1 Stalk Thickness thick 1 Stalk Length medium mm 1 Eye Aper,,Material available from the National Fruit Collection.,True,,https://www.nationalfruitcollection.org.uk/full2.php?id=7575&&fruit=pear,Open Government Licence (Crown Copyright; excluding logos),7575.0,,04-27,05-06,,,18.0,,,,,,,,,,,,medium-large,conical/pyriform,,,green-yellow/yellow,medium-high,red,,low,,white,,,,,,146.00 g,,,,,
pear-beurre-hardy,pear,fruit-pear,Beurre Hardy,Pyrus communis L.,Dessert,"Raised in about 1820 by M. Bonnet, a friend of Dr Van Mons, at Boulogne, France. It was named after M. Hardy, the director of the Luxembourg gardens. Introduced in about 1940. Fruits have white tinged pink, tender flesh with a rose water flavour.",,Material available from the National Fruit Collection. Sports: Red Beurre Hardy Accession No. 1973 - 328 check_circle Accession name Beurre Hardy (LA),True,,https://www.nationalfruitcollection.org.uk/full2.php?id=7131&&fruit=pear,Open Government Licence (Crown Copyright; excluding logos),7131.0,,04-24,05-06,,,18.0,,,,,,,,,,,,medium,conical/pyriform,,,green-yellow,absent,none,,high/very high,,cream/pink,,,,,,167.00 g,,,,,
pear-triomphe-de-vienne,pear,fruit-pear,Triomphe de Vienne,Pyrus communis L.,,Availability Material available from the National Fruit Collection. Accession No. 2001 - 081 check_circle Accession name Triomphe de Vienne Flowering time 22nd April 10% flowering 27th April Full (80%) flowering 5th May 90% petal fall Size medium 1 Shape pyriform 1 Ground Colour green-yellow 1 Over Colour (Amount) very low 1 Over Colour orange-red 1 Russet high 1 Flesh Colour white 1 Weight 165.00 g 1 Russet (percent) 51-75% 1 Stalk Angle oblique 1 Stalk Curve very weak 1 Stalk Thickness medium 1 Stalk Length medium-long mm 1 Eye Aperture open 1 References: 1. NFC fruit,,Material available from the National Fruit Collection. Accession No. 2001 - 081 check_circle Accession name Triomphe de Vienne,True,,https://www.nationalfruitcollection.org.uk/full2.php?id=7599&&fruit=pear,Open Government Licence (Crown Copyright; excluding logos),7599.0,,04-27,05-05,,,18.0,,,,,,,,,,,,medium,pyriform,,,green-yellow,very low,orange-red,,high,,white,,,,,,165.00 g,,,,,
pear-clapps-favourite,pear,fruit-pear,Clapp's Favourite,Pyrus communis L.,Dessert,"Raised by Thaddeus Clapp of Dorchester, Massachusset, USA. Fruits have white, juicy flesh with a sweet flavour.",,Material available from the National Fruit Collection. Sports: Large Clapps Starkrimson Accession No. 1975 - 319 check_circle Accession name Clapp's Favourite,True,,https://www.nationalfruitcollection.org.uk/full2.php?id=7192&&fruit=pear,Open Government Licence (Crown Copyright; excluding logos),7192.0,,04-27,05-06,,,18.0,,,,,,,,,,,,medium-large,conical/pyriform,,,yellow,medium,orange/red,,absent/low,,white,,,,,,178.00 g,,,,,
pear-kieffer,pear,fruit-pear,Kieffer,Pyrus,,"Accession No. 1973 - 324 cancel Accession name Kieffer 1 (LA) Accession No. 1975 - 327 cancel Accession name Kieffer 4 (LA) References: 1. NFC fruit (undated) Unpublished characterisation by staff at NFC, Brogdale. Name Accession Number Accession A-Z Apple Pear Apricot Blackcurrant Currants Cherry Gooseberry Plum copyright 2025 Crown Copyright Copyright Information × You may use and re-use the information featured on this website (not including logos) free of charge in any format or medium, under the terms of the Open Government Licence open_in_new . Close email Contact U",,"Material in the National Fruit Collection not currently available. Accession No. 1973 - 324 cancel Accession name Kieffer 1 (LA) Accession No. 1975 - 327 cancel Accession name Kieffer 4 (LA) References: 1. NFC fruit (undated) Unpublished characterisation by staff at NFC, Brogdale. Name Accession Number Accession A-Z Apple Pear Apricot Blackcurrant Currants Cherry Gooseberry Plum copyright 2025 Crown Copyright Copyright Information × You may use and re-use the information featured on this website (not including logos) free of charge in any format or medium, under the terms of the Open Government Licence open_in_new . Close email Contact Us brush Chris Turnbull August 2023",True,,https://www.nationalfruitcollection.org.uk/full2.php?id=7354&&fruit=pear,Open Government Licence (Crown Copyright; excluding logos),7354.0,,,,,,,,,,,,,,,,,,,,,,,,,,,,,,,,,,,,,,,
pear-moonglow,pear,fruit-pear,Moonglow,Pyrus communis L.,,Availability Material available from the National Fruit Collection. Accession No. 1961 - 035 check_circle Accession name Moonglow Flowering time 19th April 10% flowering 24th April Full (80%) flowering 4th May 90% petal fall Size medium-large 1 Shape conical/pyriform 1 Ground Colour green-yellow/yellow 1 Over Colour (Amount) absent/very-low/low/low-medium/medium 1 Over Colour orange 1 Russet low 1 Flesh Colour white/cream 1 Weight 219.00 g 1 Russet (percent) 1-25% 1 Stalk Angle straight/oblique 1 Stalk Curve weak 1 Stalk Thickness medium/medium-thick 1 Stalk Length short-m,,Material available from the National Fruit Collection. Accession No. 1961 - 035 check_circle Accession name Moonglow,True,,https://www.nationalfruitcollection.org.uk/full2.php?id=7445&&fruit=pear,Open Government Licence (Crown Copyright; excluding logos),7445.0,,04-24,05-04,,,18.0,,,,,,,,,,,,medium-large,conical/pyriform,,,green-yellow/yellow,absent/very-low/low/low-medium/medium,orange,,low,,white/cream,,,,,,219.00 g,,,,,
pear-magness,pear,fruit-pear,Magness,Pyrus communis L.,,Availability Material available from the National Fruit Collection. Accession No. 1961 - 034 check_circle Accession name Magness Flowering time 20th April 10% flowering 28th April Full (80%) flowering 5th May 90% petal fall Size medium/medium-large 1 Shape ovoid/pyriform 1 Ground Colour yellow 1 Over Colour (Amount) low-medium 1 Over Colour red/brown 1 Russet very high 1 Flesh Colour cream 1 Weight 199.00 g 1 Russet (percent) 76-100% 1 Stalk Angle straight/oblique 1 Stalk Curve absent 1 Stalk Thickness thick-very thick 1 Stalk Length short mm 1 Eye Aperture half open 1 A,,Material available from the National Fruit Collection. Accession No. 1961 - 034 check_circle Accession name Magness,True,,https://www.nationalfruitcollection.org.uk/full2.php?id=7408&&fruit=pear,Open Government Licence (Crown Copyright; excluding logos),7408.0,,04-28,05-05,,,18.0,,,,,,,,,,,,large-very large,pyriform/quince,,,yellow,absent/very-low/low/low-medium/medium,red/brown,,very high,,cream,,,,,,412.00 g,,,,,
pear-harrow-sweet,pear,fruit-pear,Harrow Sweet,,,,,,,,,Open Government Licence (Crown Copyright; excluding logos),,,,,,,,,,,,,,,,,,,,,,,,,,,,,,,,,,,,,,,,
pear-harrow-delight,pear,fruit-pear,Harrow Delight,Pyrus communis L.,,Availability Material in the National Fruit Collection not currently available. Accession No. 1984 - 120 cancel Accession name Harrow Delight Flowering time 2nd April 10% flowering 5th April Full (80%) flowering 15th April 90% petal fall Size small-medium 1 Shape conical/pyriform 1 Ground Colour yellow 1 Over Colour (Amount) low-medium 1 Over Colour red 1 Russet low 1 Flesh Colour white/cream 1 Weight 110.00 g 1 Russet (percent) 1-25% 1 Stalk Angle oblique 1 Stalk Curve absent 1 Stalk Thickness medium 1 Stalk Length short-medium mm 1 Eye Aperture open 1 References: 1. N,,Material in the National Fruit Collection not currently available. Accession No. 1984 - 120 cancel Accession name Harrow Delight,True,,https://www.nationalfruitcollection.org.uk/full2.php?id=7324&&fruit=pear,Open Government Licence (Crown Copyright; excluding logos),7324.0,,04-05,04-15,,,15.0,,,,,,,,,,,,small-medium,conical/pyriform,,,yellow,low-medium,red,,low,,white/cream,,,,,,110.00 g,,,,,
pear-toyo,pear,fruit-pear,Toyo,Malus domestica Borkh.,Dessert,"Raised by Junichiro, Nishiya, Aomori Prefecture, Japan and introduced by them in 1935. Fruits have medium textured flesh with a moderately sweet, subacid and perfumed flavour.",Orient,Material available from the National Fruit Collection.,True,,https://www.nationalfruitcollection.org.uk/full2.php?id=4422&&fruit=apple,Open Government Licence (Crown Copyright; excluding logos),4422.0,,05-12,05-19,,Late October,20.0,,,,,,,,,,,,medium,Globose conical,weak,medium,Green yellow,,Pink,striped,,,White,,,,,,,,,,,
pear-ayers,pear,fruit-pear,Ayers,,,,,,,,,Open Government Licence (Crown Copyright; excluding logos),,,,,,,,,,,,,,,,,,,,,,,,,,,,,,,,,,,,,,,,
pear-beurre-giffard,pear,fruit-pear,Beurre Giffard,Pyrus communis L.,Dessert,"Discovered in 1825 by M. Nicolas Giffard growing wild near Angers, France. Fruits have white, melting, very juicy flesh with a sweet flavour.",,Material available from the National Fruit Collection. Accession No. 1973 - 315 check_circle Accession name Beurre Giffard (LA),True,,https://www.nationalfruitcollection.org.uk/full2.php?id=7128&&fruit=pear,Open Government Licence (Crown Copyright; excluding logos),7128.0,,04-23,05-03,,,18.0,,,,,,,,,,,,medium,conical/pyriform,,,green-yellow/yellow,medium,brown,,low,,white/cream,,,,,,96.00 g,,,,,
pear-beurre-superfin,pear,fruit-pear,Beurre Superfin,Pyrus communis L.,Dessert,"Raised in 1837 by M. Goubalt, Angers, France. First fruited in 1844. Fruits have yellowish white, very melting, sweet flesh with a delicious perfumed flavour.",,Material available from the National Fruit Collection. Mother to: Beth Comte de Lambertye Accession No. 1977 - 182 check_circle Accession name Beurre Superfin,True,,https://www.nationalfruitcollection.org.uk/full2.php?id=7143&&fruit=pear,Open Government Licence (Crown Copyright; excluding logos),7143.0,,04-27,05-07,,,19.0,,,,,,,,,,,,medium-large,ovoid/conical,,,green-yellow,absent,none,,high/very high,,white/yellow,,,,,,225.00 g,,,,,
pear-beurre-clairgeau,pear,fruit-pear,Beurre Clairgeau,Pyrus communis L.,Culinary,"Raised by Pierre Clairgeau, a gardener at Nantes, France in 1848. Fruits have firm, white flesh with a faint musky flavour.",,Material available from the National Fruit Collection. Mother to: Butirra di Roma Father to: Butirra Rosata Morettini Accession No. 1973 - 312 check_circle Accession name Beurre Clairgeau (LA),True,,https://www.nationalfruitcollection.org.uk/full2.php?id=7108&&fruit=pear,Open Government Licence (Crown Copyright; excluding logos),7108.0,,04-23,05-01,,,18.0,,,,,,,,,,,,,,,,,,,,,,,,,,,,,,,,,
pear-general-leclerc,pear,fruit-pear,General Leclerc,Pyrus communis L.,,Availability Material available from the National Fruit Collection. Accession No. 1972 - 031 check_circle Accession name General Leclerc Flowering time 24th April 10% flowering 30th April Full (80%) flowering 8th May 90% petal fall Size medium-large 1 Shape conical/pyriform 1 Ground Colour green-yellow/yellow 1 Over Colour (Amount) absent 1 Over Colour none 1 Russet medium/high 1 Flesh Colour cream 1 Weight 191.00 g 1 Russet (percent) 26-75% 1 Stalk Angle oblique 1 Stalk Curve absent 1 Stalk Thickness thick 1 Stalk Length short mm 1 Eye Aperture half open 1 References: 1,,Material available from the National Fruit Collection. Accession No. 1972 - 031 check_circle Accession name General Leclerc,True,,https://www.nationalfruitcollection.org.uk/full2.php?id=7302&&fruit=pear,Open Government Licence (Crown Copyright; excluding logos),7302.0,,04-30,05-08,,,19.0,,,,,,,,,,,,medium-large,conical/pyriform,,,green-yellow/yellow,absent,none,,medium/high,,cream,,,,,,191.00 g,,,,,
pear-passe-crassane,pear,fruit-pear,Passe Crassane,Pyrus communis L.,,"Availability Material available from the National Fruit Collection. Mother to: Bon-Chretien Frederic Baudry Accession No. 1975 - 195 check_circle Accession name Passe Crassane (LA) Flowering time 17th April 10% flowering 21st April Full (80%) flowering 30th April 90% petal fall References: 1. NFC fruit (undated) Unpublished characterisation by staff at NFC, Brogdale. Name Accession Number Accession A-Z Apple Pear Apricot Blackcurrant Currants Cherry Gooseberry Plum copyright 2025 Crown Copyright Copyright Information × You may use and re-use the information featured on this websit",,Material available from the National Fruit Collection. Mother to: Bon-Chretien Frederic Baudry Accession No. 1975 - 195 check_circle Accession name Passe Crassane (LA),True,,https://www.nationalfruitcollection.org.uk/full2.php?id=7484&&fruit=pear,Open Government Licence (Crown Copyright; excluding logos),7484.0,,04-21,04-30,,,18.0,,,,,,,,,,,,,,,,,,,,,,,,,,,,,,,,,
pear-josephine-de-malines,pear,fruit-pear,Josephine de Malines,Pyrus communis L.,,"Availability Material available from the National Fruit Collection. Accession No. 1970 - 043 check_circle Accession name Josephine de Malines (M211) Flowering time 22nd April 10% flowering 26th April Full (80%) flowering 6th May 90% petal fall References: 1. NFC fruit (undated) Unpublished characterisation by staff at NFC, Brogdale. Name Accession Number Accession A-Z Apple Pear Apricot Blackcurrant Currants Cherry Gooseberry Plum copyright 2025 Crown Copyright Copyright Information × You may use and re-use the information featured on this website (not including logos) free of cha",,Material available from the National Fruit Collection. Accession No. 1970 - 043 check_circle Accession name Josephine de Malines (M211),True,,https://www.nationalfruitcollection.org.uk/full2.php?id=7350&&fruit=pear,Open Government Licence (Crown Copyright; excluding logos),7350.0,,04-26,05-06,,,18.0,,,,,,,,,,,,,,,,,,,,,,,,,,,,,,,,,
pear-duchesse-dangouleme,pear,fruit-pear,Duchesse d'Angouleme,Pyrus communis L.,,Availability Material available from the National Fruit Collection. Mother to: Alliance Franc-Russe Accession No. 2001 - 050 check_circle Accession name Duchesse d'Angouleme Flowering time 17th April 10% flowering 22nd April Full (80%) flowering 2nd May 90% petal fall Size large-very large 1 Shape conical/pyriform 1 Ground Colour yellow 1 Over Colour (Amount) absent 1 Over Colour none 1 Russet low/medium 1 Flesh Colour yellow 1 Weight 355.00 g 1 Russet (percent) 1-50% 1 Stalk Angle oblique 1 Stalk Curve very weak 1 Stalk Thickness thick 1 Stalk Length medium mm 1 Eye Aper,,Material available from the National Fruit Collection. Mother to: Alliance Franc-Russe Accession No. 2001 - 050 check_circle Accession name Duchesse d'Angouleme,True,,https://www.nationalfruitcollection.org.uk/full2.php?id=7257&&fruit=pear,Open Government Licence (Crown Copyright; excluding logos),7257.0,,04-22,05-02,,,18.0,,,,,,,,,,,,large-very large,conical/pyriform,,,yellow,absent,none,,low/medium,,yellow,,,,,,355.00 g,,,,,
pear-louise-bonne-davranches,pear,fruit-pear,Louise Bonne d'Avranches,,,,,,,,,Open Government Licence (Crown Copyright; excluding logos),,,,,,,,,,,,,,,,,,,,,,,,,,,,,,,,,,,,,,,,
cherry-bing,cherry,fruit-cherry-sweet,Bing,Prunus avium L.,,"Availability Not currently held in the National Fruit Collection. Name Accession Number Accession A-Z Apple Pear Apricot Blackcurrant Currants Cherry Gooseberry Plum copyright 2025 Crown Copyright Copyright Information × You may use and re-use the information featured on this website (not including logos) free of charge in any format or medium, under the terms of the Open Government Licence open_in_new . Close email Contact Us brush Chris Turnbull August 2023",,"Not currently held in the National Fruit Collection. Name Accession Number Accession A-Z Apple Pear Apricot Blackcurrant Currants Cherry Gooseberry Plum copyright 2025 Crown Copyright Copyright Information × You may use and re-use the information featured on this website (not including logos) free of charge in any format or medium, under the terms of the Open Government Licence open_in_new . Close email Contact Us brush Chris Turnbull August 2023",False,,https://www.nationalfruitcollection.org.uk/full2.php?id=6518&&fruit=cherry,Open Government Licence (Crown Copyright; excluding logos),6518.0,,,,,,,,,,,,,,,,,,,,,,,,,,,,,,,,,,,,,,,
cherry-techlovicka-ii,cherry,fruit-cherry-sweet,Techlovicka II,Prunus avium L.,,Synonyms: Kordia,Kordia,"Material available from the National Fruit Collection. Accession No. 1974 - 221 check_circle Accession name Techlovicka II Firmness very firm 1 Flesh Colour Medium Red 1 Fruit Weight 11.50 g 1 Stalk Length 58.16 mm 1 Skin Colour brown red 1 Pistil pointed 1 Juice Colour red 1 References: 1. NFC fruit (undated) Unpublished characterisation by staff at NFC, Brogdale. Name Accession Number Accession A-Z Apple Pear Apricot Blackcurrant Currants Cherry Gooseberry Plum copyright 2025 Crown Copyright Copyright Information × You may use and re-use the information featured on this website (not including logos) free of charge in any format or medium, under the terms of the Open Government Licence open_in_new . Close email Contact Us brush Chris Turnbull August 2023",True,,https://www.nationalfruitcollection.org.uk/full2.php?id=7930&&fruit=cherry,Open Government Licence (Crown Copyright; excluding logos),7930.0,,,,,,,,,,,,,,,,,,,,,,,,,,,,Medium Red,,,very firm,brown red,red,,,,,,
cherry-lambert,cherry,fruit-cherry-sweet,Lambert,Prunus avium L.,,"Availability Material available from the National Fruit Collection. Accession No. 1978 - 283 check_circle Accession name Lambert Firmness medium/firm 1 Flesh Colour Dark Red 1 Fruit Weight 10.10 g 1 Stalk Length 37.63 mm 1 Skin Colour dark red 1 Pistil pointed 1 Juice Colour red 1 References: 1. NFC fruit (undated) Unpublished characterisation by staff at NFC, Brogdale. Name Accession Number Accession A-Z Apple Pear Apricot Blackcurrant Currants Cherry Gooseberry Plum copyright 2025 Crown Copyright Copyright Information × You may use and re-use the information featured on this",,"Material available from the National Fruit Collection. Accession No. 1978 - 283 check_circle Accession name Lambert Firmness medium/firm 1 Flesh Colour Dark Red 1 Fruit Weight 10.10 g 1 Stalk Length 37.63 mm 1 Skin Colour dark red 1 Pistil pointed 1 Juice Colour red 1 References: 1. NFC fruit (undated) Unpublished characterisation by staff at NFC, Brogdale. Name Accession Number Accession A-Z Apple Pear Apricot Blackcurrant Currants Cherry Gooseberry Plum copyright 2025 Crown Copyright Copyright Information × You may use and re-use the information featured on this website (not including logos) free of charge in any format or medium, under the terms of the Open Government Licence open_in_new . Close email Contact Us brush Chris Turnbull August 2023",True,,https://www.nationalfruitcollection.org.uk/full2.php?id=7780&&fruit=cherry,Open Government Licence (Crown Copyright; excluding logos),7780.0,,,,,,,,,,,,,,,,,,,,,,,,,,,,Dark Red,,,medium/firm,dark red,red,,,,,,
cherry-lapins,cherry,fruit-cherry-sweet,Lapins,Prunus avium L.,,Synonyms: Cherokee,Cherokee,"Material in the National Fruit Collection not currently available. Accession No. 1984 - 212 cancel Accession name Lapins Firmness medium/firm 1 Flesh Colour Pink/Medium Red/Dark Red 1 Fruit Weight 9.40 g 1 Stalk Length 45.59 mm 1 Skin Colour dark red 1 Pistil flat 1 Juice Colour red/purple 1 References: 1. NFC fruit (undated) Unpublished characterisation by staff at NFC, Brogdale. Name Accession Number Accession A-Z Apple Pear Apricot Blackcurrant Currants Cherry Gooseberry Plum copyright 2025 Crown Copyright Copyright Information × You may use and re-use the information featured on this website (not including logos) free of charge in any format or medium, under the terms of the Open Government Licence open_in_new . Close email Contact Us brush Chris Turnbull August 2023",True,,https://www.nationalfruitcollection.org.uk/full2.php?id=7782&&fruit=cherry,Open Government Licence (Crown Copyright; excluding logos),7782.0,,,,,,,,,,,,,,,,,,,,,,,,,,,,Pink/Medium Red/Dark Red,,,medium/firm,dark red,red/purple,,,,,,
cherry-regina,cherry,fruit-cherry-sweet,Regina,Prunus avium L.,,"Availability Material available from the National Fruit Collection. Accession No. 1998 - 002 check_circle Accession name Regina Firmness firm 1 Flesh Colour Dark Red 1 Fruit Weight 8.60 g 1 Stalk Length 49.98 mm 1 Skin Colour brown red 1 Pistil depressed 1 Juice Colour red 1 References: 1. NFC fruit (undated) Unpublished characterisation by staff at NFC, Brogdale. Name Accession Number Accession A-Z Apple Pear Apricot Blackcurrant Currants Cherry Gooseberry Plum copyright 2025 Crown Copyright Copyright Information × You may use and re-use the information featured on this websi",,"Material available from the National Fruit Collection. Accession No. 1998 - 002 check_circle Accession name Regina Firmness firm 1 Flesh Colour Dark Red 1 Fruit Weight 8.60 g 1 Stalk Length 49.98 mm 1 Skin Colour brown red 1 Pistil depressed 1 Juice Colour red 1 References: 1. NFC fruit (undated) Unpublished characterisation by staff at NFC, Brogdale. Name Accession Number Accession A-Z Apple Pear Apricot Blackcurrant Currants Cherry Gooseberry Plum copyright 2025 Crown Copyright Copyright Information × You may use and re-use the information featured on this website (not including logos) free of charge in any format or medium, under the terms of the Open Government Licence open_in_new . Close email Contact Us brush Chris Turnbull August 2023",True,,https://www.nationalfruitcollection.org.uk/full2.php?id=7876&&fruit=cherry,Open Government Licence (Crown Copyright; excluding logos),7876.0,,,,,,,,,,,,,,,,,,,,,,,,,,,,Dark Red,,,firm,brown red,red,,,,,,
cherry-skeena,cherry,fruit-cherry-sweet,Skeena,Prunus avium L.,,"Availability Material in the National Fruit Collection not currently available. Accession No. 2007 - 025 cancel Accession name Skeena Firmness firm 1 Flesh Colour Dark Red 1 Fruit Weight 11.90 g 1 Stalk Length 35.13 mm 1 Skin Colour dark red 1 Pistil depressed 1 References: 1. NFC fruit (undated) Unpublished characterisation by staff at NFC, Brogdale. Name Accession Number Accession A-Z Apple Pear Apricot Blackcurrant Currants Cherry Gooseberry Plum copyright 2025 Crown Copyright Copyright Information × You may use and re-use the information featured on this website (not includ",,"Material in the National Fruit Collection not currently available. Accession No. 2007 - 025 cancel Accession name Skeena Firmness firm 1 Flesh Colour Dark Red 1 Fruit Weight 11.90 g 1 Stalk Length 35.13 mm 1 Skin Colour dark red 1 Pistil depressed 1 References: 1. NFC fruit (undated) Unpublished characterisation by staff at NFC, Brogdale. Name Accession Number Accession A-Z Apple Pear Apricot Blackcurrant Currants Cherry Gooseberry Plum copyright 2025 Crown Copyright Copyright Information × You may use and re-use the information featured on this website (not including logos) free of charge in any format or medium, under the terms of the Open Government Licence open_in_new . Close email Contact Us brush Chris Turnbull August 2023",True,,https://www.nationalfruitcollection.org.uk/full2.php?id=9136&&fruit=cherry,Open Government Licence (Crown Copyright; excluding logos),9136.0,,,,,,,,,,,,,,,,,,,,,,,,,,,,Dark Red,,,firm,dark red,,,,,,,
cherry-sweetheart,cherry,fruit-cherry-sweet,Sweetheart,Prunus avium L.,,"Availability Material in the National Fruit Collection not currently available. Accession No. 1987 - 073 cancel Accession name Sweetheart Firmness firm 1 Flesh Colour Pink/Medium Red 1 Fruit Weight 8.30 g 1 Stalk Length 42.61 mm 1 Skin Colour red/dark red 1 Pistil flat 1 Juice Colour red 1 References: 1. NFC fruit (undated) Unpublished characterisation by staff at NFC, Brogdale. Name Accession Number Accession A-Z Apple Pear Apricot Blackcurrant Currants Cherry Gooseberry Plum copyright 2025 Crown Copyright Copyright Information × You may use and re-use the information feature",,"Material in the National Fruit Collection not currently available. Accession No. 1987 - 073 cancel Accession name Sweetheart Firmness firm 1 Flesh Colour Pink/Medium Red 1 Fruit Weight 8.30 g 1 Stalk Length 42.61 mm 1 Skin Colour red/dark red 1 Pistil flat 1 Juice Colour red 1 References: 1. NFC fruit (undated) Unpublished characterisation by staff at NFC, Brogdale. Name Accession Number Accession A-Z Apple Pear Apricot Blackcurrant Currants Cherry Gooseberry Plum copyright 2025 Crown Copyright Copyright Information × You may use and re-use the information featured on this website (not including logos) free of charge in any format or medium, under the terms of the Open Government Licence open_in_new . Close email Contact Us brush Chris Turnbull August 2023",True,,https://www.nationalfruitcollection.org.uk/full2.php?id=7926&&fruit=cherry,Open Government Licence (Crown Copyright; excluding logos),7926.0,,,,,,,,,,,,,,,,,,,,,,,,,,,,Pink/Medium Red,,,firm,red/dark red,red,,,,,,
cherry-van,cherry,fruit-cherry-sweet,Van,Prunus avium L.,,"Availability Material available from the National Fruit Collection. Accession No. 1974 - 253 check_circle Accession name Van (2D-14-11) Firmness firm 1 Flesh Colour Dark Red 1 Fruit Weight 11.80 g 1 Stalk Length 28.36 mm 1 Skin Colour brown red 1 Pistil flat 1 Juice Colour red 1 References: 1. NFC fruit (undated) Unpublished characterisation by staff at NFC, Brogdale. Name Accession Number Accession A-Z Apple Pear Apricot Blackcurrant Currants Cherry Gooseberry Plum copyright 2025 Crown Copyright Copyright Information × You may use and re-use the information featured on this w",,"Material available from the National Fruit Collection. Accession No. 1974 - 253 check_circle Accession name Van (2D-14-11) Firmness firm 1 Flesh Colour Dark Red 1 Fruit Weight 11.80 g 1 Stalk Length 28.36 mm 1 Skin Colour brown red 1 Pistil flat 1 Juice Colour red 1 References: 1. NFC fruit (undated) Unpublished characterisation by staff at NFC, Brogdale. Name Accession Number Accession A-Z Apple Pear Apricot Blackcurrant Currants Cherry Gooseberry Plum copyright 2025 Crown Copyright Copyright Information × You may use and re-use the information featured on this website (not including logos) free of charge in any format or medium, under the terms of the Open Government Licence open_in_new . Close email Contact Us brush Chris Turnbull August 2023",True,,https://www.nationalfruitcollection.org.uk/full2.php?id=7947&&fruit=cherry,Open Government Licence (Crown Copyright; excluding logos),7947.0,,,,,,,,,,,,,,,,,,,,,,,,,,,,Dark Red,,,firm,brown red,red,,,,,,
cherry-rainier,cherry,fruit-cherry-sweet,Rainier,Prunus avium L.,,"Availability Material available from the National Fruit Collection. Accession No. 1978 - 284 check_circle Accession name Rainier (IR 444.1) Firmness medium/firm 1 Flesh Colour Yellow 1 Fruit Weight 12.30 g 1 Stalk Length 36.46 mm 1 Skin Colour yellow with blush 1 Pistil flat 1 Juice Colour colourless/pink 1 References: 1. NFC fruit (undated) Unpublished characterisation by staff at NFC, Brogdale. Name Accession Number Accession A-Z Apple Pear Apricot Blackcurrant Currants Cherry Gooseberry Plum copyright 2025 Crown Copyright Copyright Information × You may use and re-use the i",,"Material available from the National Fruit Collection. Accession No. 1978 - 284 check_circle Accession name Rainier (IR 444.1) Firmness medium/firm 1 Flesh Colour Yellow 1 Fruit Weight 12.30 g 1 Stalk Length 36.46 mm 1 Skin Colour yellow with blush 1 Pistil flat 1 Juice Colour colourless/pink 1 References: 1. NFC fruit (undated) Unpublished characterisation by staff at NFC, Brogdale. Name Accession Number Accession A-Z Apple Pear Apricot Blackcurrant Currants Cherry Gooseberry Plum copyright 2025 Crown Copyright Copyright Information × You may use and re-use the information featured on this website (not including logos) free of charge in any format or medium, under the terms of the Open Government Licence open_in_new . Close email Contact Us brush Chris Turnbull August 2023",True,,https://www.nationalfruitcollection.org.uk/full2.php?id=7874&&fruit=cherry,Open Government Licence (Crown Copyright; excluding logos),7874.0,,,,,,,,,,,,,,,,,,,,,,,,,,,,Yellow,,,medium/firm,yellow with blush,colourless/pink,,,,,,
cherry-napoleon,cherry,fruit-cherry-sweet,Napoleon,Prunus avium L.,,Availability Material available from the National Fruit Collection. Accession No. 1975 - 093 check_circle Accession name Napoleon (EMLA) Firmness medium/firm 1 Flesh Colour Cream 1 Fruit Weight 7.90 g 1 Stalk Length 48.08 mm 1 Skin Colour yellow with blush 1 Pistil pointed 1 Juice Colour colourless 1 Accession No. 1963 - 161 check_circle Accession name Napoleon (V1006) Accession No. 1963 - 162 check_circle Accession name Napoleon (V1007) Accession No. 1963 - 163 check_circle Accession name Napoleon (V1009) Firmness soft/medium 1 Flesh Colour Cream 1 Fruit Weigh,,"Material available from the National Fruit Collection. Accession No. 1975 - 093 check_circle Accession name Napoleon (EMLA) Firmness medium/firm 1 Flesh Colour Cream 1 Fruit Weight 7.90 g 1 Stalk Length 48.08 mm 1 Skin Colour yellow with blush 1 Pistil pointed 1 Juice Colour colourless 1 Accession No. 1963 - 161 check_circle Accession name Napoleon (V1006) Accession No. 1963 - 162 check_circle Accession name Napoleon (V1007) Accession No. 1963 - 163 check_circle Accession name Napoleon (V1009) Firmness soft/medium 1 Flesh Colour Cream 1 Fruit Weight 5.00 g 1 Stalk Length 54.78 mm 1 Skin Colour yellow with blush 1 Pistil depressed 1 Juice Colour colourless/light_yellow 1 Accession No. 1963 - 164 check_circle Accession name Napoleon (V1010) Accession No. 1963 - 165 check_circle Accession name Napoleon (V1014) References: 1. NFC fruit (undated) Unpublished characterisation by staff at NFC, Brogdale. Name Accession Number Accession A-Z Apple Pear Apricot Blackcurrant Currants Cherry Gooseberry Plum copyright 2025 Crown Copyright Copyright Information × You may use and re-use the information featured on this website (not including logos) free of charge in any format or medium, under the terms of the Open Government Licence open_in_new . Close email Contact Us brush Chris Turnbull August 2023",True,,https://www.nationalfruitcollection.org.uk/full2.php?id=7834&&fruit=cherry,Open Government Licence (Crown Copyright; excluding logos),7834.0,,,,,,,,,,,,,,,,,,,,,,,,,,,,Cream,,,soft/medium,yellow with blush,colourless/light_yellow,,,,,,
cherry-chelan,cherry,fruit-cherry-sweet,Chelan,Prunus avium L.,,"Availability Material available from the National Fruit Collection. Accession No. 2007 - 021 check_circle Accession name Chelan Firmness medium 1 Flesh Colour Dark Red 1 Fruit Weight 7.40 g 1 Stalk Length 38.44 mm 1 Skin Colour blackish 1 Pistil flat 1 Juice Colour red 1 References: 1. NFC fruit (undated) Unpublished characterisation by staff at NFC, Brogdale. Name Accession Number Accession A-Z Apple Pear Apricot Blackcurrant Currants Cherry Gooseberry Plum copyright 2025 Crown Copyright Copyright Information × You may use and re-use the information featured on this website (",,"Material available from the National Fruit Collection. Accession No. 2007 - 021 check_circle Accession name Chelan Firmness medium 1 Flesh Colour Dark Red 1 Fruit Weight 7.40 g 1 Stalk Length 38.44 mm 1 Skin Colour blackish 1 Pistil flat 1 Juice Colour red 1 References: 1. NFC fruit (undated) Unpublished characterisation by staff at NFC, Brogdale. Name Accession Number Accession A-Z Apple Pear Apricot Blackcurrant Currants Cherry Gooseberry Plum copyright 2025 Crown Copyright Copyright Information × You may use and re-use the information featured on this website (not including logos) free of charge in any format or medium, under the terms of the Open Government Licence open_in_new . Close email Contact Us brush Chris Turnbull August 2023",True,,https://www.nationalfruitcollection.org.uk/full2.php?id=9132&&fruit=cherry,Open Government Licence (Crown Copyright; excluding logos),9132.0,,,,,,,,,,,,,,,,,,,,,,,,,,,,Dark Red,,,medium,blackish,red,,,,,,
cherry-tieton,cherry,fruit-cherry-sweet,Tieton,,,,,,,,,Open Government Licence (Crown Copyright; excluding logos),,,,,,,,,,,,,,,,,,,,,,,,,,,,,,,,,,,,,,,,
cherry-balaton,cherry,fruit-cherry-sweet,Balaton,,,,,,,,,Open Government Licence (Crown Copyright; excluding logos),,,,,,,,,,,,,,,,,,,,,,,,,,,,,,,,,,,,,,,,
cherry-montmorency,cherry,fruit-cherry-sweet,Montmorency,Prunus cerasus L.,,"Availability Material available from the National Fruit Collection. Accession No. 1975 - 086 check_circle Accession name Montmorency Firmness very soft 1 Flesh Colour Cream/Yellow 1 Fruit Weight 4.70 g 1 Stalk Length 32.28 mm 1 Skin Colour light red 1 Pistil flat 1 Juice Colour colourless/pink 1 References: 1. NFC fruit (undated) Unpublished characterisation by staff at NFC, Brogdale. Name Accession Number Accession A-Z Apple Pear Apricot Blackcurrant Currants Cherry Gooseberry Plum copyright 2025 Crown Copyright Copyright Information × You may use and re-use the information f",,"Material available from the National Fruit Collection. Accession No. 1975 - 086 check_circle Accession name Montmorency Firmness very soft 1 Flesh Colour Cream/Yellow 1 Fruit Weight 4.70 g 1 Stalk Length 32.28 mm 1 Skin Colour light red 1 Pistil flat 1 Juice Colour colourless/pink 1 References: 1. NFC fruit (undated) Unpublished characterisation by staff at NFC, Brogdale. Name Accession Number Accession A-Z Apple Pear Apricot Blackcurrant Currants Cherry Gooseberry Plum copyright 2025 Crown Copyright Copyright Information × You may use and re-use the information featured on this website (not including logos) free of charge in any format or medium, under the terms of the Open Government Licence open_in_new . Close email Contact Us brush Chris Turnbull August 2023",True,,https://www.nationalfruitcollection.org.uk/full2.php?id=7824&&fruit=cherry,Open Government Licence (Crown Copyright; excluding logos),7824.0,,,,,,,,,,,,,,,,,,,,,,,,,,,,Cream/Yellow,,,very soft,light red,colourless/pink,,,,,,
cherry-northstar,cherry,fruit-cherry-sweet,Northstar,Prunus cerasus L.,,"Availability Material available from the National Fruit Collection. Accession No. 2000 - 130 check_circle Accession name North Star Firmness soft 1 Flesh Colour Dark Red 1 Fruit Weight 4.90 g 1 Stalk Length 35.53 mm 1 Skin Colour brown red 1 Pistil flat 1 Juice Colour red 1 References: 1. NFC fruit (undated) Unpublished characterisation by staff at NFC, Brogdale. Name Accession Number Accession A-Z Apple Pear Apricot Blackcurrant Currants Cherry Gooseberry Plum copyright 2025 Crown Copyright Copyright Information × You may use and re-use the information featured on this websit",,"Material available from the National Fruit Collection. Accession No. 2000 - 130 check_circle Accession name North Star Firmness soft 1 Flesh Colour Dark Red 1 Fruit Weight 4.90 g 1 Stalk Length 35.53 mm 1 Skin Colour brown red 1 Pistil flat 1 Juice Colour red 1 References: 1. NFC fruit (undated) Unpublished characterisation by staff at NFC, Brogdale. Name Accession Number Accession A-Z Apple Pear Apricot Blackcurrant Currants Cherry Gooseberry Plum copyright 2025 Crown Copyright Copyright Information × You may use and re-use the information featured on this website (not including logos) free of charge in any format or medium, under the terms of the Open Government Licence open_in_new . Close email Contact Us brush Chris Turnbull August 2023",True,,https://www.nationalfruitcollection.org.uk/full2.php?id=7845&&fruit=cherry,Open Government Licence (Crown Copyright; excluding logos),7845.0,,,,,,,,,,,,,,,,,,,,,,,,,,,,Dark Red,,,soft,brown red,red,,,,,,
cherry-meteor,cherry,fruit-cherry-sweet,Meteor,Prunus cerasus L.,,"Availability Material available from the National Fruit Collection. Accession No. 1978 - 277 check_circle Accession name Meteor (VF) Firmness very soft 1 Flesh Colour Yellow 1 Fruit Weight 4.30 g 1 Stalk Length 33.19 mm 1 Skin Colour orange red/light red 1 Pistil flat 1 Juice Colour colourless/pink 1 References: 1. NFC fruit (undated) Unpublished characterisation by staff at NFC, Brogdale. Name Accession Number Accession A-Z Apple Pear Apricot Blackcurrant Currants Cherry Gooseberry Plum copyright 2025 Crown Copyright Copyright Information × You may use and re-use the informat",,"Material available from the National Fruit Collection. Accession No. 1978 - 277 check_circle Accession name Meteor (VF) Firmness very soft 1 Flesh Colour Yellow 1 Fruit Weight 4.30 g 1 Stalk Length 33.19 mm 1 Skin Colour orange red/light red 1 Pistil flat 1 Juice Colour colourless/pink 1 References: 1. NFC fruit (undated) Unpublished characterisation by staff at NFC, Brogdale. Name Accession Number Accession A-Z Apple Pear Apricot Blackcurrant Currants Cherry Gooseberry Plum copyright 2025 Crown Copyright Copyright Information × You may use and re-use the information featured on this website (not including logos) free of charge in any format or medium, under the terms of the Open Government Licence open_in_new . Close email Contact Us brush Chris Turnbull August 2023",True,,https://www.nationalfruitcollection.org.uk/full2.php?id=7819&&fruit=cherry,Open Government Licence (Crown Copyright; excluding logos),7819.0,,,,,,,,,,,,,,,,,,,,,,,,,,,,Yellow,,,very soft,orange red/light red,colourless/pink,,,,,,
cherry-danube,cherry,fruit-cherry-sweet,Danube,,,,,,,,,Open Government Licence (Crown Copyright; excluding logos),,,,,,,,,,,,,,,,,,,,,,,,,,,,,,,,,,,,,,,,
plum-victoria,plum,fruit-plum,Victoria,Prunus domestica L.,Dessert & Culinary,"Found in a garden at Alderton, Sussex and sold to Denyer, a nurseryman at Brixton. It was introduced in about 1840. It was awarded a First Class Certificate by the Rhs in 1973. Fruits have medium firm, moderately juicy flesh with a little sweet and a little rich flavour.",,Material in the National Fruit Collection is available under license. Sports: Grove's Late Victoria Accession No. 2006 - 019 check_circle Accession name Victoria; Late Sport N.F.T. No.2 Accession No. 2006 - 020 check_circle Accession name Victoria; Late Sport N.F.T. No.3 Accession No. 1976 - 046 check_circle Accession name Victoria (EMLA),True,,https://www.nationalfruitcollection.org.uk/full2.php?id=8351&&fruit=plum,Open Government Licence (Crown Copyright; excluding logos),8351.0,,04-20,04-29,,Late August-Early September,17.0,,,,,,,,,,,,medium-large,Oval,,,,,,,,,,,,,Whitish/Yellow,,,Freestone,,,,
plum-opal,plum,fruit-plum,Opal,Prunus domestica L.,Dessert,"Raised in 1925 at the Horticultural Research Station, Alnarp, Sweden. Fruits have moderately firm flesh with a good sweet and rich flavour. Buds and flowers tend to be susceptible to bird damage.",,Material in the National Fruit Collection is available under license. Accession No. 1976 - 036 check_circle Accession name Opal (EMLA),True,,https://www.nationalfruitcollection.org.uk/full2.php?id=8240&&fruit=plum,Open Government Licence (Crown Copyright; excluding logos),8240.0,,04-20,04-29,,Early August,17.0,,,,,,,,,,,,medium,Oval-Oblong,,,,,,,,,,,,,Yellow/Purple-red,,,Freestone,,,,
plum-czar,plum,fruit-plum,Czar,Prunus domestica L.,Culinary,"Raised by Rivers of Sawbridgeworth and first fruited in 1874. The Russian Emperor was on a visit to this country, so the plum was named Czar in his honour. Fruits have tender flesh with a pleasant acid flavour. Cooks well.",,Material in the National Fruit Collection is available under license. Accession No. 1977 - 186 check_circle Accession name Czar (EMLA),True,,https://www.nationalfruitcollection.org.uk/full2.php?id=8080&&fruit=plum,Open Government Licence (Crown Copyright; excluding logos),8080.0,,04-23,05-07,,Early August,19.0,,,,,,,,,,,,medium,Oval-Oblong,,,,,,,,,,,,,Purple-red,,,Semi-freestone,,,,
plum-president,plum,fruit-plum,President,Prunus domestica L.,Dessert & Culinary,"Raised at Sawbridgeworth by Rivers and introduced in 1901. It was awarded the Award of Merit by the RHS in 1895 and a First Class Certificate in 1900. Fruits have juicy, sweet flesh with a pleasant flavour. An excellent cooker.",,Material in the National Fruit Collection is available under license. Accession No. 1927 - 049 check_circle Accession name President,True,,https://www.nationalfruitcollection.org.uk/full2.php?id=8254&&fruit=plum,Open Government Licence (Crown Copyright; excluding logos),8254.0,,04-19,05-03,,Mid-Late September,18.0,,,,,,,,,,,,large,Oval,,,,,,,,,,,,,Purple-red,,,Freestone,,,,
plum-marjories-seedling,plum,fruit-plum,Marjorie's Seedling,Prunus domestica L.,Culinary,"Originally found in 1912 by G.W. Layley at Hillfoot Farm, Beenham, Berkshire and introduced in 1928. Rights were acquired in 1937 by Capt. C.H. Sykes. Fruits are fairly juicy with a sweet and fair culinary flavour. Originally found in 1912 by G.W. Layley at Hillfoot Farm, Beenham, Berkshire and introduced in 1928. Rights were acquired in 1937 by Capt. C.H. Sykes. Fruits are fairly juicy with a sweet and fair culinary flavour.",,Material in the National Fruit Collection is available under license. Accession No. 1977 - 187 check_circle Accession name Marjorie's Seedling (EMLA),True,,https://www.nationalfruitcollection.org.uk/full2.php?id=8214&&fruit=plum,Open Government Licence (Crown Copyright; excluding logos),8214.0,,04-24,05-10,,Late September-Early October,19.0,,,,,,,,,,,,large,Oval,,,,,,,,,,,,,Purple-red,,,Clingstone,,,,
plum-imperial-gage,plum,fruit-plum,Imperial Gage,Prunus domestica L.,Dessert,"Raised at Prince's Nursery, Flushing, New York, USA in about 1790. Also known as, and commercially grown as Denniston's Superb. Fruits are very juicy with a sweet and rich flavour.",Denniston's Superb,Material in the National Fruit Collection is available under license. Accession No. 1953 - 086 check_circle Accession name Imperial Gage,True,,https://www.nationalfruitcollection.org.uk/full2.php?id=8173&&fruit=plum,Open Government Licence (Crown Copyright; excluding logos),8173.0,,04-18,04-27,,Late August,17.0,,,,,,,,,,,,medium,Oval,,,,,,,,,,,,,Yellow-green,,,Freestone/Semi-freestone,,,,
plum-jubilee,plum,fruit-plum,Jubilee,Prunus domestica L.,Dessert & Culinary,"Raised by Laxton Bros at Bedford in 1905 and received from them in 1936. Fruits have soft, very juicy flesh with a moderately sweet and little rich flavour.",,Material in the National Fruit Collection is available under license. Accession No. 1977 - 080 check_circle Accession name Jubilee,True,,https://www.nationalfruitcollection.org.uk/full2.php?id=8181&&fruit=plum,Open Government Licence (Crown Copyright; excluding logos),8181.0,,04-26,05-06,,Late August-Early September,18.0,,,,,,,,,,,,medium-large,Oval,,,,,,,,,,,,,Purple-red,,,Freestone,,,,
plum-avalon,plum,fruit-plum,Avalon,Prunus domestica L.,Dessert,"Raised at Long Ashton Research Station, Bristol. It was granted Plant Breeders Rights in 1989. Fruits have golden yellow, juicy flesh with good flavour.",,Material in the National Fruit Collection is available under license. Accession No. 1978 - 230 check_circle Accession name Avalon,True,,https://www.nationalfruitcollection.org.uk/full2.php?id=8009&&fruit=plum,Open Government Licence (Crown Copyright; excluding logos),8009.0,,03-27,04-09,,Late August,15.0,,,,,,,,,,,,medium-large,Oval/Oval-Oblong,,,,,,,,,,,,,Purple-red,,,Semi-freestone,,,,
plum-herman,plum,fruit-plum,Herman,Prunus domestica L.,Dessert & Culinary,"Raised at Balsgard Fruit Breeding Station, Sweden. Self-fertile. Fruits have slightly sweet, slightly acid, fibrous flesh with a rather weak flavour. Reasonably juicy.",,Material in the National Fruit Collection is available under license. Accession No. 1975 - 350 check_circle Accession name Herman,True,,https://www.nationalfruitcollection.org.uk/full2.php?id=8163&&fruit=plum,Open Government Licence (Crown Copyright; excluding logos),8163.0,,04-18,04-25,,Late July,17.0,,,,,,,,,,,,medium-large,Oval,,,,,,,,,,,,,Purple-red,,,Freestone,,,,
plum-edda,plum,fruit-plum,Edda,Prunus domestica L.,Dessert,"Raised at the State Experimental Station, Njos, Norway from a cross made in the 1950s. It was named and introduced in 1970. Fruits have yellow-green flesh with a reasonable flavour.",,Material in the National Fruit Collection is available under license. Accession No. 1973 - 072 check_circle Accession name Edda,True,,https://www.nationalfruitcollection.org.uk/full2.php?id=8117&&fruit=plum,Open Government Licence (Crown Copyright; excluding logos),8117.0,,04-26,05-03,,Late July,18.0,,,,,,,,,,,,large,Oval-Oblong,,,,,,,,,,,,,Purple-red,,,Freestone/Semi-freestone,,,,
plum-blue-tit,plum,fruit-plum,Blue Tit,Prunus domestica L.,Culinary,"Raised at Bedford by Laxton Bros. and introduced by them in 1938. Self-fertile. Fruits have fairly firm, juicy flesh with a moderately rich and pleasant flavour. A culinary plum of almost dessert quality.",,Material in the National Fruit Collection is available under license. Accession No. 1931 - 023 check_circle Accession name Blue Tit,True,,https://www.nationalfruitcollection.org.uk/full2.php?id=8033&&fruit=plum,Open Government Licence (Crown Copyright; excluding logos),8033.0,,04-21,05-08,,Mid August,19.0,,,,,,,,,,,,medium,Oval-Oblong,,,,,,,,,,,,,Purple-red,,,Semi-freestone/Clingstone,,,,
plum-dundale-plum,plum,fruit-plum,Dundale Plum,Prunus domestica L.,Culinary,"Raised on Dundale Farm, Lamberhurst, Kent in the 1920s. It is said to be the original Warwickshire Drooper. Fruits have firm flesh with little juice and flavour. Considered to be a naturally occurring seedling in the Warwickshire / Worcestershire / Gloucestershire area. Fruits have medium soft, moderately juicy flesh with a slightly sweet and little rich flavour.",Warwickshire Drooper,Material in the National Fruit Collection is available under license. Accession No. 1967 - 188 check_circle Accession name Dundale,True,,https://www.nationalfruitcollection.org.uk/full2.php?id=8106&&fruit=plum,Open Government Licence (Crown Copyright; excluding logos),8106.0,,04-17,04-29,,tree 1,17.0,,,,,,,,,,,,large,tree 2,,,,,,,,,,,,,tree 2,,,tree 2,,,,
plum-rivers-early-prolific,plum,fruit-plum,Rivers Early Prolific,,,,,,,,,Open Government Licence (Crown Copyright; excluding logos),,,,,,,,,,,,,,,,,,,,,,,,,,,,,,,,,,,,,,,,
plum-cambridge-gage,plum,fruit-plum,Cambridge Gage,Prunus domestica L.,Dessert,"Availability Material in the National Fruit Collection is available under license. Accession No. 1974 - 412 check_circle Received by the National Fruit Trials in 1927 from Chivers & Son, Histon, Cambridgeshire. The fruits are very juicy with a sweet, rich flavour. A high quality plum, excellent for dessert, cooking, preserving, bottling and canning. Accession name Cambridge Gage (EMLA) Flowering time 13th April 10% flowering 17th April Full (80%) flowering 27th April 90% petal fall Picking time Mid-Late August 1 Size medium 1 Type Dessert 1 Shape Round 1 Fruit Weight 28.60 g 1 Sk",,"Material in the National Fruit Collection is available under license. Accession No. 1974 - 412 check_circle Received by the National Fruit Trials in 1927 from Chivers & Son, Histon, Cambridgeshire. The fruits are very juicy with a sweet, rich flavour. A high quality plum, excellent for dessert, cooking, preserving, bottling and canning. Accession name Cambridge Gage (EMLA)",True,,https://www.nationalfruitcollection.org.uk/full2.php?id=8063&&fruit=plum,Open Government Licence (Crown Copyright; excluding logos),8063.0,,04-17,04-27,,Mid-Late August,17.0,,,,,,,,,,,,medium,Round/Oval,,,,,,,,,,,,,Yellow-green,,,Semi-freestone,,,,
plum-oullins-gage,plum,fruit-plum,Oullins Gage,Prunus domestica L.,Dessert & Culinary,"A chance seedling discovered in France and introduced by the French nurseryman Masset of Oullins in 1860. Fruits have firm, not very juicy flesh with a sweet and moderate flavour.",,Material in the National Fruit Collection is available under license. Accession No. 1984 - 085 check_circle Accession name Oullins Gage (EMLA),True,,https://www.nationalfruitcollection.org.uk/full2.php?id=8244&&fruit=plum,Open Government Licence (Crown Copyright; excluding logos),8244.0,,04-22,05-04,,Mid August,18.0,,,,,,,,,,,,medium-large,Oval-Oblong,,,,,,,,,,,,,Yellow-green/Yellow,,,Semi-freestone,,,,
plum-reine-claude,plum,fruit-plum,Reine Claude,Prunus domestica L.,Dessert,"The original name for Green Gage which is a very old variety named after the wife of Francois I of France, Queen Claude. It was imported into England by Sir Thomas Gage, hence the name used in this country. This is an ideal dessert plum having very juicy, tender sweet flesh with a rich flavour.",Greengage,Material in the National Fruit Collection is available under license. Accession No. 1954 - 097 check_circle Accession name Reine-Claude (RHS),True,,https://www.nationalfruitcollection.org.uk/full2.php?id=8278&&fruit=plum,Open Government Licence (Crown Copyright; excluding logos),8278.0,,04-20,05-03,,Mid-Late August,18.0,,,,,,,,,,,,medium,Round,,,,,,,,,,,,,Yellow-green,,,Semi-freestone,,,,
plum-reine-claude-de-bavay,plum,fruit-plum,Reine Claude de Bavay,Prunus domestica L.,Dessert,"Raised in about 1832 by Major Esperen and named after Bavay, Director of the Royal Gardens, Vilvoorde, Belgium. Introduced in about 1843. Fruits have deep yellow, juicy flesh with a rich gage flavour.",,Material in the National Fruit Collection is available under license. Accession No. 1941 - 038 check_circle Accession name Reine-Claude de Bavay,True,,https://www.nationalfruitcollection.org.uk/full2.php?id=8279&&fruit=plum,Open Government Licence (Crown Copyright; excluding logos),8279.0,,04-19,04-29,,Mid-Late September,17.0,,,,,,,,,,,,medium,Oval-Oblong,,,,,,,,,,,,,Yellow-green,,,Freestone/Semi-freestone,,,,
plum-coes-golden-drop,plum,fruit-plum,Coe's Golden Drop,Prunus domestica L.,Dessert,"Said to have been raised by Jervaise Coe of Bury St Edmunds in the late 1700s. Fruits have golden-yellow, juicy, sweet flesh which is highly flavoured.",,Material in the National Fruit Collection is available under license. Sports: Crimson Drop Accession No. 2003 - 005 check_circle Accession name Coe's Golden Drop,True,,https://www.nationalfruitcollection.org.uk/full2.php?id=8070&&fruit=plum,Open Government Licence (Crown Copyright; excluding logos),8070.0,,04-17,04-29,,Late September,17.0,,,,,,,,,,,,large,Oval,,,,,,,,,,,,,Yellow-green,,,Freestone,,,,
plum-jefferson,plum,fruit-plum,Jefferson,Prunus domestica L.,Dessert,"Raised by Judge Buel of Albany, New York, USA in about 1825 and introduced to England in 1841. Fruits have moderately firm, very juicy flesh with a sweet and rich flavour.",,Material in the National Fruit Collection is available under license. Sports: Allgrove's Superb Accession No. 2003 - 008 check_circle Accession name Jefferson,True,,https://www.nationalfruitcollection.org.uk/full2.php?id=8178&&fruit=plum,Open Government Licence (Crown Copyright; excluding logos),8178.0,,04-21,05-01,,Late August-Early September,18.0,,,,,,,,,,,,medium,Oval,,,,,,,,,,,,,Whitish/Yellow-green,,,Semi-freestone,,,,
plum-satsuma-blood-plum,plum,fruit-plum,Satsuma (Blood Plum),,,,,,,,,Open Government Licence (Crown Copyright; excluding logos),,,,,,,,,,,,,,,,,,,,,,,,,,,,,,,,,,,,,,,,
plum-santa-rosa,plum,fruit-plum,Santa Rosa,Prunus,,,,"Not currently held in the National Fruit Collection. Name Accession Number Accession A-Z Apple Pear Apricot Blackcurrant Currants Cherry Gooseberry Plum copyright 2025 Crown Copyright Copyright Information × You may use and re-use the information featured on this website (not including logos) free of charge in any format or medium, under the terms of the Open Government Licence open_in_new . Close email Contact Us brush Chris Turnbull August 2023",False,,https://www.nationalfruitcollection.org.uk/full2.php?id=8309&&fruit=plum,Open Government Licence (Crown Copyright; excluding logos),8309.0,,,,,,,,,,,,,,,,,,,,,,,,,,,,,,,,,,,,,,,
plum-shiro,plum,fruit-plum,Shiro,Prunus salicina Lindl.,,"Availability Not currently held in the National Fruit Collection. Name Accession Number Accession A-Z Apple Pear Apricot Blackcurrant Currants Cherry Gooseberry Plum copyright 2025 Crown Copyright Copyright Information × You may use and re-use the information featured on this website (not including logos) free of charge in any format or medium, under the terms of the Open Government Licence open_in_new . Close email Contact Us brush Chris Turnbull August 2023",,"Not currently held in the National Fruit Collection. Name Accession Number Accession A-Z Apple Pear Apricot Blackcurrant Currants Cherry Gooseberry Plum copyright 2025 Crown Copyright Copyright Information × You may use and re-use the information featured on this website (not including logos) free of charge in any format or medium, under the terms of the Open Government Licence open_in_new . Close email Contact Us brush Chris Turnbull August 2023",False,,https://www.nationalfruitcollection.org.uk/full2.php?id=8315&&fruit=plum,Open Government Licence (Crown Copyright; excluding logos),8315.0,,,,,,,,,,,,,,,,,,,,,,,,,,,,,,,,,,,,,,,
plum-methley,plum,fruit-plum,Methley,,,,,,,,,Open Government Licence (Crown Copyright; excluding logos),,,,,,,,,,,,,,,,,,,,,,,,,,,,,,,,,,,,,,,,
plum-stanley,plum,fruit-plum,Stanley,Prunus domestica L.,Culinary,"Raised in 1912 by Richard Wellington at the New York State Agricultural Experiment Station, Geneva, USA. Introduced for trial in 1926. Fruits have firm, very juicy flesh with a fairly sweet flavour. Raised in 1912 by Richard Wellington at the New York State Agricultural Experiment Station, Geneva, USA. Introduced for trial in 1926. Fruits have firm, very juicy flesh with a fairly sweet flavour.",,Material in the National Fruit Collection is available under license. Accession No. 1929 - 043 check_circle Accession name Stanley,True,,https://www.nationalfruitcollection.org.uk/full2.php?id=8320&&fruit=plum,Open Government Licence (Crown Copyright; excluding logos),8320.0,,04-19,05-01,,Early September,18.0,,,,,,,,,,,,large,Long,,,,,,,,,,,,,Purple-red,,,Semi-freestone,,,,
plum-italian-prune,plum,fruit-plum,Italian Prune,,,,,,,,,Open Government Licence (Crown Copyright; excluding logos),,,,,,,,,,,,,,,,,,,,,,,,,,,,,,,,,,,,,,,,
plum-shropshire-prune,plum,fruit-plum,Shropshire Prune,,,,,,,,,Open Government Licence (Crown Copyright; excluding logos),,,,,,,,,,,,,,,,,,,,,,,,,,,,,,,,,,,,,,,,
plum-damson-blue-violet,plum,fruit-plum,Damson Blue Violet,Prunus insititia L.,Culinary,"Local to Westmorland. It was received by the National Fruit Trials from there in 1932. Fruits have fairly firm, juicy, subacid flesh with a good, fairly rich flavour.",,"Material in the National Fruit Collection is available under license. Accession No. 1932 - 007 check_circle Accession name Damson, Blue Violet",True,,https://www.nationalfruitcollection.org.uk/full2.php?id=8085&&fruit=plum,Open Government Licence (Crown Copyright; excluding logos),8085.0,,04-19,05-01,,Early-Mid August,18.0,,,,,,,,,,,,small-medium,Oval/Long,,,,,,,,,,,,,Purple-red/Violet blue,,,Freestone/Semi-freestone,,,,
plum-damson-merryweather,plum,fruit-plum,Damson Merryweather,Prunus,Culinary,"Accession No. 1995 - 029 check_circle Accession name Damson, Merryweather Flowering time 12th April 10% flowering 17th April Full (80%) flowering 28th April 90% petal fall Picking time Late September 1 Size medium 1 Type Culinary 1 Shape Oval 1 Fruit Weight 25.20 g 1 Skin Colour Dark blue 1 Stalk Length 11.98 mm 1 Stone Clingstone 1 References: 1. NFC fruit (undated) Unpublished characterisation by staff at NFC, Brogdale. Name Accession Number Accession A-Z Apple Pear Apricot Blackcurrant Currants Cherry Gooseberry Plum copyright 2025 Crown Copyright Copyright Information",,"Material in the National Fruit Collection is available under license. Accession No. 1995 - 029 check_circle Accession name Damson, Merryweather",True,,https://www.nationalfruitcollection.org.uk/full2.php?id=8089&&fruit=plum,Open Government Licence (Crown Copyright; excluding logos),8089.0,,04-17,04-28,,Late September,17.0,,,,,,,,,,,,medium,Oval,,,,,,,,,,,,,Dark blue,,,Clingstone,,,,
plum-mirabelle-de-nancy,plum,fruit-plum,Mirabelle de Nancy,Prunus insititia L.,Culinary,"This variety is said to have come from the east to France in the 1400s. The name 'Nancy' first appeared in the mid 1700s. Fruits have golden, rather dry but sweet flesh.",,Material in the National Fruit Collection is available under license. Accession No. 1954 - 095 check_circle Accession name Mirabelle de Nancy,True,,https://www.nationalfruitcollection.org.uk/full2.php?id=8223&&fruit=plum,Open Government Licence (Crown Copyright; excluding logos),8223.0,,04-25,05-06,,Mid August,18.0,,,,,,,,,,,,very small,Round/Oval,,,,,,,,,,,,,Yellow-green,,,Freestone,,,,
plum-mirabelle-de-metz,plum,fruit-plum,Mirabelle de Metz,Prunus insititia L.,Culinary,"This variety is said to be synonymous with Mirabelle Petite. It is said to be of eastern origin. It was first described in France by Merlet in 1675. Fruits have firm, moderately juicy flesh with a sweet and insipid flavour.",,Material in the National Fruit Collection is available under license. Accession No. 1949 - 196 check_circle Accession name Mirabelle de Metz,True,,https://www.nationalfruitcollection.org.uk/full2.php?id=8222&&fruit=plum,Open Government Licence (Crown Copyright; excluding logos),8222.0,,04-23,05-03,,Late August,18.0,,,,,,,,,,,,very small,Round,,,,,,,,,,,,,Yellow,,,Semi-freestone,,,,
apricot-bergeron,apricot,fruit-apricot,Bergeron,,,,,,,,,Open Government Licence (Crown Copyright; excluding logos),,,,,,,,,,,,,,,,,,,,,,,,,,,,,,,,,,,,,,,,
apricot-rouge-du-roussillon,apricot,fruit-apricot,Rouge du Roussillon,,,,,,,,,Open Government Licence (Crown Copyright; excluding logos),,,,,,,,,,,,,,,,,,,,,,,,,,,,,,,,,,,,,,,,
apricot-early-moorpark,apricot,fruit-apricot,Early Moorpark,Prunus armeniaca L.,,"Availability Not currently held in the National Fruit Collection. Accession No. 1965 - 006 cancel Accession name Early Moorpark Shape Round/Oval 1 Fruit Weight 39.40 g 1 Fruit Length 25.60 mm 1 Skin Colour Yellow-green/Yellow 1 Stone Clingstone 1 References: 1. NFC fruit (undated) Unpublished characterisation by staff at NFC, Brogdale. Name Accession Number Accession A-Z Apple Pear Apricot Blackcurrant Currants Cherry Gooseberry Plum copyright 2025 Crown Copyright Copyright Information × You may use and re-use the information featured on this website (not including logos) free o",,Not currently held in the National Fruit Collection. Accession No. 1965 - 006 cancel Accession name Early Moorpark,False,,https://www.nationalfruitcollection.org.uk/full2.php?id=5465&&fruit=apricot,Open Government Licence (Crown Copyright; excluding logos),5465.0,,,,,,,,,,,,,,,,,,,Round/Oval,,,,,,,,,,,,,Yellow-green/Yellow,,,Clingstone,,,,
apricot-royal-blenheim,apricot,fruit-apricot,Royal Blenheim,,,,,,,,,Open Government Licence (Crown Copyright; excluding logos),,,,,,,,,,,,,,,,,,,,,,,,,,,,,,,,,,,,,,,,
apricot-tilton,apricot,fruit-apricot,Tilton,,,,,,,,,Open Government Licence (Crown Copyright; excluding logos),,,,,,,,,,,,,,,,,,,,,,,,,,,,,,,,,,,,,,,,
apricot-goldrich,apricot,fruit-apricot,Goldrich,,,,,,,,,Open Government Licence (Crown Copyright; excluding logos),,,,,,,,,,,,,,,,,,,,,,,,,,,,,,,,,,,,,,,,
apricot-tomcot,apricot,fruit-apricot,Tomcot,,,,,,,,,Open Government Licence (Crown Copyright; excluding logos),,,,,,,,,,,,,,,,,,,,,,,,,,,,,,,,,,,,,,,,
apricot-kidds-orange-red,apricot,fruit-apricot,Kidd's Orange Red,Malus domestica Borkh.,Dessert,"Raised in 1924 at Greytown, Wairarapa, New Zealand by J.H.Kidd. It was introduced to the UK in about 1932. Fruits have firm, crisp, juicy, sweet flesh with a rich aromatic flavour.",Delco|Kidd's Orange|Kidd's Oranje Roode,Material available from the National Fruit Collection. Material held in the Marcher Apple Network collections (Donnington),True,,https://www.nationalfruitcollection.org.uk/full2.php?id=3201&&fruit=apple,Open Government Licence (Crown Copyright; excluding logos),3201.0,,05-12,05-20,,Mid October,20.0,,,,,,,,,,,,medium,Truncate conical,medium,,Yellow,,Orange,striped,very low,crisp,Cream,54.00 mm,67.00 mm,firm,,,,,,,,
apricot-harcot,apricot,fruit-apricot,Harcot,,,,,,,,,Open Government Licence (Crown Copyright; excluding logos),,,,,,,,,,,,,,,,,,,,,,,,,,,,,,,,,,,,,,,,
apricot-harglow,apricot,fruit-apricot,Harglow,,,,,,,,,Open Government Licence (Crown Copyright; excluding logos),,,,,,,,,,,,,,,,,,,,,,,,,,,,,,,,,,,,,,,,
apricot-hargrand,apricot,fruit-apricot,Hargrand,,,,,,,,,Open Government Licence (Crown Copyright; excluding logos),,,,,,,,,,,,,,,,,,,,,,,,,,,,,,,,,,,,,,,,
apricot-goldcot,apricot,fruit-apricot,Goldcot,,,,,,,,,Open Government Licence (Crown Copyright; excluding logos),,,,,,,,,,,,,,,,,,,,,,,,,,,,,,,,,,,,,,,,
apricot-katja,apricot,fruit-apricot,Katja,Malus domestica Borkh.,Dessert,"Raised in 1947 at Balsgard Fruit Breeding Institute, Sweden. It was introduced in 1966. Fruits are crisp and juicy with a pleasant flavour.",Katy,Material available from the National Fruit Collection. Material held in Tidnor Wood National Collection® of Malus (Cider making),True,,https://www.nationalfruitcollection.org.uk/full2.php?id=3152&&fruit=apple,Open Government Licence (Crown Copyright; excluding logos),3152.0,,05-12,05-21,,Early September,21.0,,,,,,,,,,,,medium,Globose conical,weak-medium,weak,Whitish yellow,medium-high,Red,striped/solid flush,low,,Cream,,,firm,,,,,,,,
apricot-early-orange,apricot,fruit-apricot,Early Orange,,,,,,,,,Open Government Licence (Crown Copyright; excluding logos),,,,,,,,,,,,,,,,,,,,,,,,,,,,,,,,,,,,,,,,
apricot-hungarian-best,apricot,fruit-apricot,Hungarian Best,,,,,,,,,Open Government Licence (Crown Copyright; excluding logos),,,,,,,,,,,,,,,,,,,,,,,,,,,,,,,,,,,,,,,,
apricot-isabelle-luizet,apricot,fruit-apricot,Isabelle Luizet,Malus domestica Borkh.,,"Availability Not currently held in the National Fruit Collection. Name Accession Number Accession A-Z Apple Pear Apricot Blackcurrant Currants Cherry Gooseberry Plum copyright 2025 Crown Copyright Copyright Information × You may use and re-use the information featured on this website (not including logos) free of charge in any format or medium, under the terms of the Open Government Licence open_in_new . Close email Contact Us brush Chris Turnbull August 2023",,"Not currently held in the National Fruit Collection. Name Accession Number Accession A-Z Apple Pear Apricot Blackcurrant Currants Cherry Gooseberry Plum copyright 2025 Crown Copyright Copyright Information × You may use and re-use the information featured on this website (not including logos) free of charge in any format or medium, under the terms of the Open Government Licence open_in_new . Close email Contact Us brush Chris Turnbull August 2023",False,,https://www.nationalfruitcollection.org.uk/full2.php?id=2947&&fruit=apple,Open Government Licence (Crown Copyright; excluding logos),2947.0,,,,,,,,,,,,,,,,,,,,,,,,,,,,,,,,,,,,,,,
apricot-paviot,apricot,fruit-apricot,Paviot,,,,,,,,,Open Government Licence (Crown Copyright; excluding logos),,,,,,,,,,,,,,,,,,,,,,,,,,,,,,,,,,,,,,,,
apricot-tardif-de-valence,apricot,fruit-apricot,Tardif de Valence,,,,,,,,,Open Government Licence (Crown Copyright; excluding logos),,,,,,,,,,,,,,,,,,,,,,,,,,,,,,,,,,,,,,,,
blackcurrant-ben-sarek,blackcurrant,fruit-blackcurrant,Ben Sarek,Ribes nigrum L.,,"Availability Not currently held in the National Fruit Collection. Accession No. 1979 - 082 cancel Accession name Ben Sarek Berry Shape Round/Oval 1 Strig Length 45.76 mm 1 Skin Thickness Thin 1 Berry Colour Black 1 Flavour Acid 1 Fruits per Strig 3.80 1 References: 1. NFC fruit (undated) Unpublished characterisation by staff at NFC, Brogdale. Name Accession Number Accession A-Z Apple Pear Apricot Blackcurrant Currants Cherry Gooseberry Plum copyright 2025 Crown Copyright Copyright Information × You may use and re-use the information featured on this website (not including logos",,"Not currently held in the National Fruit Collection. Accession No. 1979 - 082 cancel Accession name Ben Sarek Berry Shape Round/Oval 1 Strig Length 45.76 mm 1 Skin Thickness Thin 1 Berry Colour Black 1 Flavour Acid 1 Fruits per Strig 3.80 1 References: 1. NFC fruit (undated) Unpublished characterisation by staff at NFC, Brogdale. Name Accession Number Accession A-Z Apple Pear Apricot Blackcurrant Currants Cherry Gooseberry Plum copyright 2025 Crown Copyright Copyright Information × You may use and re-use the information featured on this website (not including logos) free of charge in any format or medium, under the terms of the Open Government Licence open_in_new . Close email Contact Us brush Chris Turnbull August 2023",False,,https://www.nationalfruitcollection.org.uk/full2.php?id=8419&&fruit=blackcurrant,Open Government Licence (Crown Copyright; excluding logos),8419.0,,,,,,,,,,,,,,,,,,,,,,,,,,,,,,,,,,,,Acid,,,
blackcurrant-ben-connan,blackcurrant,fruit-blackcurrant,Ben Connan,Ribes nigrum L.,,"Availability Not currently held in the National Fruit Collection. Accession No. 2004 - 016 cancel Accession name Ben Connan (P10/18/116) Berry Shape Round/Oval 1 Strig Length 50.50 mm 1 Skin Thickness Thick 1 Berry Colour Black 1 Flavour Acid 1 Fruits per Strig 3.50 1 References: 1. NFC fruit (undated) Unpublished characterisation by staff at NFC, Brogdale. Name Accession Number Accession A-Z Apple Pear Apricot Blackcurrant Currants Cherry Gooseberry Plum copyright 2025 Crown Copyright Copyright Information × You may use and re-use the information featured on this website (not",,"Not currently held in the National Fruit Collection. Accession No. 2004 - 016 cancel Accession name Ben Connan (P10/18/116) Berry Shape Round/Oval 1 Strig Length 50.50 mm 1 Skin Thickness Thick 1 Berry Colour Black 1 Flavour Acid 1 Fruits per Strig 3.50 1 References: 1. NFC fruit (undated) Unpublished characterisation by staff at NFC, Brogdale. Name Accession Number Accession A-Z Apple Pear Apricot Blackcurrant Currants Cherry Gooseberry Plum copyright 2025 Crown Copyright Copyright Information × You may use and re-use the information featured on this website (not including logos) free of charge in any format or medium, under the terms of the Open Government Licence open_in_new . Close email Contact Us brush Chris Turnbull August 2023",False,,https://www.nationalfruitcollection.org.uk/full2.php?id=8414&&fruit=blackcurrant,Open Government Licence (Crown Copyright; excluding logos),8414.0,,,,,,,,,,,,,,,,,,,,,,,,,,,,,,,,,,,,Acid,,,
blackcurrant-ben-lomond,blackcurrant,fruit-blackcurrant,Ben Lomond,Ribes nigrum L.,,"Availability Not currently held in the National Fruit Collection. Accession No. 1974 - 009 cancel Accession name Ben Lomond Berry Shape Round/Flat-round 1 Strig Length 49.62 mm 1 Skin Thickness Thick 1 Berry Colour Black 1 Flavour Intermediate 1 Fruits per Strig 4.70 1 References: 1. NFC fruit (undated) Unpublished characterisation by staff at NFC, Brogdale. Name Accession Number Accession A-Z Apple Pear Apricot Blackcurrant Currants Cherry Gooseberry Plum copyright 2025 Crown Copyright Copyright Information × You may use and re-use the information featured on this website (not",,"Not currently held in the National Fruit Collection. Accession No. 1974 - 009 cancel Accession name Ben Lomond Berry Shape Round/Flat-round 1 Strig Length 49.62 mm 1 Skin Thickness Thick 1 Berry Colour Black 1 Flavour Intermediate 1 Fruits per Strig 4.70 1 References: 1. NFC fruit (undated) Unpublished characterisation by staff at NFC, Brogdale. Name Accession Number Accession A-Z Apple Pear Apricot Blackcurrant Currants Cherry Gooseberry Plum copyright 2025 Crown Copyright Copyright Information × You may use and re-use the information featured on this website (not including logos) free of charge in any format or medium, under the terms of the Open Government Licence open_in_new . Close email Contact Us brush Chris Turnbull August 2023",False,,https://www.nationalfruitcollection.org.uk/full2.php?id=8415&&fruit=blackcurrant,Open Government Licence (Crown Copyright; excluding logos),8415.0,,,,,,,,,,,,,,,,,,,,,,,,,,,,,,,,,,,,Intermediate,,,
blackcurrant-ben-hope,blackcurrant,fruit-blackcurrant,Ben Hope,Ribes nigrum L.,,"Availability Not currently held in the National Fruit Collection. Accession No. 2001 - 020 cancel Accession name Ben Hope Berry Shape Round/Flat-round 1 Strig Length 63.02 mm 1 Skin Thickness Thick 1 Berry Colour Black 1 Flavour Intermediate 1 Fruits per Strig 5.20 1 References: 1. NFC fruit (undated) Unpublished characterisation by staff at NFC, Brogdale. Name Accession Number Accession A-Z Apple Pear Apricot Blackcurrant Currants Cherry Gooseberry Plum copyright 2025 Crown Copyright Copyright Information × You may use and re-use the information featured on this website (not i",,"Not currently held in the National Fruit Collection. Accession No. 2001 - 020 cancel Accession name Ben Hope Berry Shape Round/Flat-round 1 Strig Length 63.02 mm 1 Skin Thickness Thick 1 Berry Colour Black 1 Flavour Intermediate 1 Fruits per Strig 5.20 1 References: 1. NFC fruit (undated) Unpublished characterisation by staff at NFC, Brogdale. Name Accession Number Accession A-Z Apple Pear Apricot Blackcurrant Currants Cherry Gooseberry Plum copyright 2025 Crown Copyright Copyright Information × You may use and re-use the information featured on this website (not including logos) free of charge in any format or medium, under the terms of the Open Government Licence open_in_new . Close email Contact Us brush Chris Turnbull August 2023",False,,https://www.nationalfruitcollection.org.uk/full2.php?id=8564&&fruit=blackcurrant,Open Government Licence (Crown Copyright; excluding logos),8564.0,,,,,,,,,,,,,,,,,,,,,,,,,,,,,,,,,,,,Intermediate,,,
blackcurrant-ben-tirran,blackcurrant,fruit-blackcurrant,Ben Tirran,Ribes nigrum L.,,"Availability Not currently held in the National Fruit Collection. Accession No. 1978 - 081 cancel Accession name Ben Tirran Berry Shape Round 1 Strig Length 52.68 mm 1 Skin Thickness Intermediate 1 Berry Colour Black 1 Flavour Intermediate 1 Fruits per Strig 4.50 1 References: 1. NFC fruit (undated) Unpublished characterisation by staff at NFC, Brogdale. Name Accession Number Accession A-Z Apple Pear Apricot Blackcurrant Currants Cherry Gooseberry Plum copyright 2025 Crown Copyright Copyright Information × You may use and re-use the information featured on this website (not inc",,"Not currently held in the National Fruit Collection. Accession No. 1978 - 081 cancel Accession name Ben Tirran Berry Shape Round 1 Strig Length 52.68 mm 1 Skin Thickness Intermediate 1 Berry Colour Black 1 Flavour Intermediate 1 Fruits per Strig 4.50 1 References: 1. NFC fruit (undated) Unpublished characterisation by staff at NFC, Brogdale. Name Accession Number Accession A-Z Apple Pear Apricot Blackcurrant Currants Cherry Gooseberry Plum copyright 2025 Crown Copyright Copyright Information × You may use and re-use the information featured on this website (not including logos) free of charge in any format or medium, under the terms of the Open Government Licence open_in_new . Close email Contact Us brush Chris Turnbull August 2023",False,,https://www.nationalfruitcollection.org.uk/full2.php?id=8420&&fruit=blackcurrant,Open Government Licence (Crown Copyright; excluding logos),8420.0,,,,,,,,,,,,,,,,,,,,,,,,,,,,,,,,,,,,Intermediate,,,
blackcurrant-ben-alder,blackcurrant,fruit-blackcurrant,Ben Alder,Ribes nigrum L.,,"Availability Not currently held in the National Fruit Collection. Accession No. 1978 - 071 cancel Accession name Ben Alder Berry Shape Round 1 Strig Length 63.43 mm 1 Skin Thickness Thin 1 Berry Colour Black 1 Flavour Intermediate-sweet 1 Fruits per Strig 6.30 1 References: 1. NFC fruit (undated) Unpublished characterisation by staff at NFC, Brogdale. Name Accession Number Accession A-Z Apple Pear Apricot Blackcurrant Currants Cherry Gooseberry Plum copyright 2025 Crown Copyright Copyright Information × You may use and re-use the information featured on this website (not includ",,"Not currently held in the National Fruit Collection. Accession No. 1978 - 071 cancel Accession name Ben Alder Berry Shape Round 1 Strig Length 63.43 mm 1 Skin Thickness Thin 1 Berry Colour Black 1 Flavour Intermediate-sweet 1 Fruits per Strig 6.30 1 References: 1. NFC fruit (undated) Unpublished characterisation by staff at NFC, Brogdale. Name Accession Number Accession A-Z Apple Pear Apricot Blackcurrant Currants Cherry Gooseberry Plum copyright 2025 Crown Copyright Copyright Information × You may use and re-use the information featured on this website (not including logos) free of charge in any format or medium, under the terms of the Open Government Licence open_in_new . Close email Contact Us brush Chris Turnbull August 2023",False,,https://www.nationalfruitcollection.org.uk/full2.php?id=8413&&fruit=blackcurrant,Open Government Licence (Crown Copyright; excluding logos),8413.0,,,,,,,,,,,,,,,,,,,,,,,,,,,,,,,,,,,,Intermediate-sweet,,,
blackcurrant-ben-nevis,blackcurrant,fruit-blackcurrant,Ben Nevis,Ribes nigrum L.,,"Availability Not currently held in the National Fruit Collection. Accession No. 1968 - 187 cancel Accession name Ben Nevis Berry Shape Flat-round 1 Strig Length 60.67 mm 1 Skin Thickness Thick 1 Berry Colour Black 1 Flavour Intermediate 1 Fruits per Strig 4.80 1 References: 1. NFC fruit (undated) Unpublished characterisation by staff at NFC, Brogdale. Name Accession Number Accession A-Z Apple Pear Apricot Blackcurrant Currants Cherry Gooseberry Plum copyright 2025 Crown Copyright Copyright Information × You may use and re-use the information featured on this website (not includ",,"Not currently held in the National Fruit Collection. Accession No. 1968 - 187 cancel Accession name Ben Nevis Berry Shape Flat-round 1 Strig Length 60.67 mm 1 Skin Thickness Thick 1 Berry Colour Black 1 Flavour Intermediate 1 Fruits per Strig 4.80 1 References: 1. NFC fruit (undated) Unpublished characterisation by staff at NFC, Brogdale. Name Accession Number Accession A-Z Apple Pear Apricot Blackcurrant Currants Cherry Gooseberry Plum copyright 2025 Crown Copyright Copyright Information × You may use and re-use the information featured on this website (not including logos) free of charge in any format or medium, under the terms of the Open Government Licence open_in_new . Close email Contact Us brush Chris Turnbull August 2023",False,,https://www.nationalfruitcollection.org.uk/full2.php?id=8418&&fruit=blackcurrant,Open Government Licence (Crown Copyright; excluding logos),8418.0,,,,,,,,,,,,,,,,,,,,,,,,,,,,,,,,,,,,Intermediate,,,
blackcurrant-ben-more,blackcurrant,fruit-blackcurrant,Ben More,Ribes nigrum L.,,"Availability Not currently held in the National Fruit Collection. Accession No. 1981 - 025 cancel Accession name Ben More Berry Shape Round/Oval 1 Strig Length 55.62 mm 1 Skin Thickness Thick 1 Berry Colour Black 1 Flavour Intermediate 1 Fruits per Strig 5.90 1 References: 1. NFC fruit (undated) Unpublished characterisation by staff at NFC, Brogdale. Name Accession Number Accession A-Z Apple Pear Apricot Blackcurrant Currants Cherry Gooseberry Plum copyright 2025 Crown Copyright Copyright Information × You may use and re-use the information featured on this website (not includi",,"Not currently held in the National Fruit Collection. Accession No. 1981 - 025 cancel Accession name Ben More Berry Shape Round/Oval 1 Strig Length 55.62 mm 1 Skin Thickness Thick 1 Berry Colour Black 1 Flavour Intermediate 1 Fruits per Strig 5.90 1 References: 1. NFC fruit (undated) Unpublished characterisation by staff at NFC, Brogdale. Name Accession Number Accession A-Z Apple Pear Apricot Blackcurrant Currants Cherry Gooseberry Plum copyright 2025 Crown Copyright Copyright Information × You may use and re-use the information featured on this website (not including logos) free of charge in any format or medium, under the terms of the Open Government Licence open_in_new . Close email Contact Us brush Chris Turnbull August 2023",False,,https://www.nationalfruitcollection.org.uk/full2.php?id=8417&&fruit=blackcurrant,Open Government Licence (Crown Copyright; excluding logos),8417.0,,,,,,,,,,,,,,,,,,,,,,,,,,,,,,,,,,,,Intermediate,,,
blackcurrant-titania,blackcurrant,fruit-blackcurrant,Titania,Ribes nigrum L.,,"Availability Not currently held in the National Fruit Collection. Accession No. 1983 - 053 cancel Accession name Titania Berry Shape Round 1 Strig Length 38.08 mm 1 Skin Thickness Very thin 1 Berry Colour Black 1 Flavour Acid 1 Fruits per Strig 3.30 1 References: 1. NFC fruit (undated) Unpublished characterisation by staff at NFC, Brogdale. Name Accession Number Accession A-Z Apple Pear Apricot Blackcurrant Currants Cherry Gooseberry Plum copyright 2025 Crown Copyright Copyright Information × You may use and re-use the information featured on this website (not including logos)",,"Not currently held in the National Fruit Collection. Accession No. 1983 - 053 cancel Accession name Titania Berry Shape Round 1 Strig Length 38.08 mm 1 Skin Thickness Very thin 1 Berry Colour Black 1 Flavour Acid 1 Fruits per Strig 3.30 1 References: 1. NFC fruit (undated) Unpublished characterisation by staff at NFC, Brogdale. Name Accession Number Accession A-Z Apple Pear Apricot Blackcurrant Currants Cherry Gooseberry Plum copyright 2025 Crown Copyright Copyright Information × You may use and re-use the information featured on this website (not including logos) free of charge in any format or medium, under the terms of the Open Government Licence open_in_new . Close email Contact Us brush Chris Turnbull August 2023",False,,https://www.nationalfruitcollection.org.uk/full2.php?id=8541&&fruit=blackcurrant,Open Government Licence (Crown Copyright; excluding logos),8541.0,,,,,,,,,,,,,,,,,,,,,,,,,,,,,,,,,,,,Acid,,,
blackcurrant-ojebyn,blackcurrant,fruit-blackcurrant,Ojebyn,Ribes nigrum L.,,"Availability Not currently held in the National Fruit Collection. Accession No. 1965 - 088 cancel Accession name Ojebyn Berry Shape Round 1 Strig Length 48.01 mm 1 Skin Thickness Thick 1 Berry Colour Black 1 Flavour Intermediate 1 Fruits per Strig 7.10 1 References: 1. NFC fruit (undated) Unpublished characterisation by staff at NFC, Brogdale. Name Accession Number Accession A-Z Apple Pear Apricot Blackcurrant Currants Cherry Gooseberry Plum copyright 2025 Crown Copyright Copyright Information × You may use and re-use the information featured on this website (not including logo",,"Not currently held in the National Fruit Collection. Accession No. 1965 - 088 cancel Accession name Ojebyn Berry Shape Round 1 Strig Length 48.01 mm 1 Skin Thickness Thick 1 Berry Colour Black 1 Flavour Intermediate 1 Fruits per Strig 7.10 1 References: 1. NFC fruit (undated) Unpublished characterisation by staff at NFC, Brogdale. Name Accession Number Accession A-Z Apple Pear Apricot Blackcurrant Currants Cherry Gooseberry Plum copyright 2025 Crown Copyright Copyright Information × You may use and re-use the information featured on this website (not including logos) free of charge in any format or medium, under the terms of the Open Government Licence open_in_new . Close email Contact Us brush Chris Turnbull August 2023",False,,https://www.nationalfruitcollection.org.uk/full2.php?id=8499&&fruit=blackcurrant,Open Government Licence (Crown Copyright; excluding logos),8499.0,,,,,,,,,,,,,,,,,,,,,,,,,,,,,,,,,,,,Intermediate,,,
blackcurrant-big-ben,blackcurrant,fruit-blackcurrant,Big Ben,,,,,,,,,Open Government Licence (Crown Copyright; excluding logos),,,,,,,,,,,,,,,,,,,,,,,,,,,,,,,,,,,,,,,,
blackcurrant-tisel,blackcurrant,fruit-blackcurrant,Tisel,,,,,,,,,Open Government Licence (Crown Copyright; excluding logos),,,,,,,,,,,,,,,,,,,,,,,,,,,,,,,,,,,,,,,,
blackcurrant-tiben,blackcurrant,fruit-blackcurrant,Tiben,,,,,,,,,Open Government Licence (Crown Copyright; excluding logos),,,,,,,,,,,,,,,,,,,,,,,,,,,,,,,,,,,,,,,,
blackcurrant-noir-de-bourgogne,blackcurrant,fruit-blackcurrant,Noir de Bourgogne,Ribes nigrum L.,,"Availability Not currently held in the National Fruit Collection. Accession No. 1970 - 010 cancel Accession name Noir de Bourgogne Berry Shape Round/Flat-round 1 Strig Length 63.06 mm 1 Skin Thickness Intermediate 1 Berry Colour Black 1 Flavour Intermediate 1 Fruits per Strig 5.60 1 References: 1. NFC fruit (undated) Unpublished characterisation by staff at NFC, Brogdale. Name Accession Number Accession A-Z Apple Pear Apricot Blackcurrant Currants Cherry Gooseberry Plum copyright 2025 Crown Copyright Copyright Information × You may use and re-use the information featured on thi",,"Not currently held in the National Fruit Collection. Accession No. 1970 - 010 cancel Accession name Noir de Bourgogne Berry Shape Round/Flat-round 1 Strig Length 63.06 mm 1 Skin Thickness Intermediate 1 Berry Colour Black 1 Flavour Intermediate 1 Fruits per Strig 5.60 1 References: 1. NFC fruit (undated) Unpublished characterisation by staff at NFC, Brogdale. Name Accession Number Accession A-Z Apple Pear Apricot Blackcurrant Currants Cherry Gooseberry Plum copyright 2025 Crown Copyright Copyright Information × You may use and re-use the information featured on this website (not including logos) free of charge in any format or medium, under the terms of the Open Government Licence open_in_new . Close email Contact Us brush Chris Turnbull August 2023",False,,https://www.nationalfruitcollection.org.uk/full2.php?id=8497&&fruit=blackcurrant,Open Government Licence (Crown Copyright; excluding logos),8497.0,,,,,,,,,,,,,,,,,,,,,,,,,,,,,,,,,,,,Intermediate,,,
blackcurrant-andega,blackcurrant,fruit-blackcurrant,Andega,,,,,,,,,Open Government Licence (Crown Copyright; excluding logos),,,,,,,,,,,,,,,,,,,,,,,,,,,,,,,,,,,,,,,,
blackcurrant-ebony,blackcurrant,fruit-blackcurrant,Ebony,,,,,,,,,Open Government Licence (Crown Copyright; excluding logos),,,,,,,,,,,,,,,,,,,,,,,,,,,,,,,,,,,,,,,,
currant-rovada,currant,fruit-currant,Rovada,Ribes rubrum L.,,"Availability Not currently held in the National Fruit Collection. Accession No. 1985 - 072 cancel Accession name Rovada Berry Shape Oblate 1 Strig Length 142.38 mm 1 Skin Thickness Intermediate 1 Berry Colour Red 1 Flavour Acid 1 Strig Handle Length 44.63 1 Seed Visibility Partially visible 1 References: 1. NFC fruit (undated) Unpublished characterisation by staff at NFC, Brogdale. Name Accession Number Accession A-Z Apple Pear Apricot Blackcurrant Currants Cherry Gooseberry Plum copyright 2025 Crown Copyright Copyright Information × You may use and re-use the information feat",,"Not currently held in the National Fruit Collection. Accession No. 1985 - 072 cancel Accession name Rovada Berry Shape Oblate 1 Strig Length 142.38 mm 1 Skin Thickness Intermediate 1 Berry Colour Red 1 Flavour Acid 1 Strig Handle Length 44.63 1 Seed Visibility Partially visible 1 References: 1. NFC fruit (undated) Unpublished characterisation by staff at NFC, Brogdale. Name Accession Number Accession A-Z Apple Pear Apricot Blackcurrant Currants Cherry Gooseberry Plum copyright 2025 Crown Copyright Copyright Information × You may use and re-use the information featured on this website (not including logos) free of charge in any format or medium, under the terms of the Open Government Licence open_in_new . Close email Contact Us brush Chris Turnbull August 2023",False,,https://www.nationalfruitcollection.org.uk/full2.php?id=8646&&fruit=redcurrant,Open Government Licence (Crown Copyright; excluding logos),8646.0,,,,,,,,,,,,,,,,,,,,,,,,,,,,,,,,,,,,Acid,,,
currant-jonkheer-van-tets,currant,fruit-currant,Jonkheer van Tets,Ribes rubrum L.,,"Availability Not currently held in the National Fruit Collection. Accession No. 1969 - 058 cancel Accession name Jonkheer Van Tets Berry Shape Oblate/Pyriform 1 Strig Length 90.07 mm 1 Skin Thickness Thin 1 Berry Colour Red 1 Flavour Acid 1 Strig Handle Length 26.21 1 Seed Visibility Partially visible 1 References: 1. NFC fruit (undated) Unpublished characterisation by staff at NFC, Brogdale. Name Accession Number Accession A-Z Apple Pear Apricot Blackcurrant Currants Cherry Gooseberry Plum copyright 2025 Crown Copyright Copyright Information × You may use and re-use the infor",,"Not currently held in the National Fruit Collection. Accession No. 1969 - 058 cancel Accession name Jonkheer Van Tets Berry Shape Oblate/Pyriform 1 Strig Length 90.07 mm 1 Skin Thickness Thin 1 Berry Colour Red 1 Flavour Acid 1 Strig Handle Length 26.21 1 Seed Visibility Partially visible 1 References: 1. NFC fruit (undated) Unpublished characterisation by staff at NFC, Brogdale. Name Accession Number Accession A-Z Apple Pear Apricot Blackcurrant Currants Cherry Gooseberry Plum copyright 2025 Crown Copyright Copyright Information × You may use and re-use the information featured on this website (not including logos) free of charge in any format or medium, under the terms of the Open Government Licence open_in_new . Close email Contact Us brush Chris Turnbull August 2023",False,,https://www.nationalfruitcollection.org.uk/full2.php?id=8602&&fruit=redcurrant,Open Government Licence (Crown Copyright; excluding logos),8602.0,,,,,,,,,,,,,,,,,,,,,,,,,,,,,,,,,,,,Acid,,,
currant-red-lake,currant,fruit-currant,Red Lake,Ribes rubrum L.,,"Availability Not currently held in the National Fruit Collection. Accession No. 1940 - 011 cancel Accession name Red Lake Berry Shape Oblate/Pyriform 1 Strig Length 104.62 mm 1 Skin Thickness Very thin 1 Berry Colour Red 1 Flavour Intemediate 1 Strig Handle Length 25.38 1 Seed Visibility Partially visible 1 References: 1. NFC fruit (undated) Unpublished characterisation by staff at NFC, Brogdale. Name Accession Number Accession A-Z Apple Pear Apricot Blackcurrant Currants Cherry Gooseberry Plum copyright 2025 Crown Copyright Copyright Information × You may use and re-use the i",,"Not currently held in the National Fruit Collection. Accession No. 1940 - 011 cancel Accession name Red Lake Berry Shape Oblate/Pyriform 1 Strig Length 104.62 mm 1 Skin Thickness Very thin 1 Berry Colour Red 1 Flavour Intemediate 1 Strig Handle Length 25.38 1 Seed Visibility Partially visible 1 References: 1. NFC fruit (undated) Unpublished characterisation by staff at NFC, Brogdale. Name Accession Number Accession A-Z Apple Pear Apricot Blackcurrant Currants Cherry Gooseberry Plum copyright 2025 Crown Copyright Copyright Information × You may use and re-use the information featured on this website (not including logos) free of charge in any format or medium, under the terms of the Open Government Licence open_in_new . Close email Contact Us brush Chris Turnbull August 2023",False,,https://www.nationalfruitcollection.org.uk/full2.php?id=8633&&fruit=redcurrant,Open Government Licence (Crown Copyright; excluding logos),8633.0,,,,,,,,,,,,,,,,,,,,,,,,,,,,,,,,,,,,Intemediate,,,
currant-redstart,currant,fruit-currant,Redstart,Malus domestica Borkh.,Dessert,"Originated in about 1950 in an Oxford garden. Fruits have sweet, juicy, softish flesh.",,Material available from the National Fruit Collection. Accession No. 1977 - 068 fingerprint check_circle Accession name Redstart,True,,https://www.nationalfruitcollection.org.uk/full2.php?id=5117&&fruit=apple,Open Government Licence (Crown Copyright; excluding logos),5117.0,,05-11,05-20,,Late August,20.0,,,,,,,,,,,,small,,,,,,,,,,,,,soft-medium,,,,,,,,
currant-junifer,currant,fruit-currant,Junifer,,,,,,,,,Open Government Licence (Crown Copyright; excluding logos),,,,,,,,,,,,,,,,,,,,,,,,,,,,,,,,,,,,,,,,
currant-detvan,currant,fruit-currant,Detvan,,,,,,,,,Open Government Licence (Crown Copyright; excluding logos),,,,,,,,,,,,,,,,,,,,,,,,,,,,,,,,,,,,,,,,
currant-tatran,currant,fruit-currant,Tatran,,,,,,,,,Open Government Licence (Crown Copyright; excluding logos),,,,,,,,,,,,,,,,,,,,,,,,,,,,,,,,,,,,,,,,
currant-rolan,currant,fruit-currant,Rolan,Ribes rubrum L.,,"Availability Not currently held in the National Fruit Collection. Accession No. 1985 - 071 cancel Accession name Rolan Berry Shape Pyriform 1 Strig Length 94.32 mm 1 Skin Thickness Thick 1 Berry Colour Red 1 Flavour Very acid 1 Strig Handle Length 21.49 1 Seed Visibility Slightly visible 1 References: 1. NFC fruit (undated) Unpublished characterisation by staff at NFC, Brogdale. Name Accession Number Accession A-Z Apple Pear Apricot Blackcurrant Currants Cherry Gooseberry Plum copyright 2025 Crown Copyright Copyright Information × You may use and re-use the information feature",,"Not currently held in the National Fruit Collection. Accession No. 1985 - 071 cancel Accession name Rolan Berry Shape Pyriform 1 Strig Length 94.32 mm 1 Skin Thickness Thick 1 Berry Colour Red 1 Flavour Very acid 1 Strig Handle Length 21.49 1 Seed Visibility Slightly visible 1 References: 1. NFC fruit (undated) Unpublished characterisation by staff at NFC, Brogdale. Name Accession Number Accession A-Z Apple Pear Apricot Blackcurrant Currants Cherry Gooseberry Plum copyright 2025 Crown Copyright Copyright Information × You may use and re-use the information featured on this website (not including logos) free of charge in any format or medium, under the terms of the Open Government Licence open_in_new . Close email Contact Us brush Chris Turnbull August 2023",False,,https://www.nationalfruitcollection.org.uk/full2.php?id=8640&&fruit=redcurrant,Open Government Licence (Crown Copyright; excluding logos),8640.0,,,,,,,,,,,,,,,,,,,,,,,,,,,,,,,,,,,,Very acid,,,
currant-rosetta,currant,fruit-currant,Rosetta,Ribes rubrum L.,,"Availability Not currently held in the National Fruit Collection. Accession No. 1976 - 212 cancel Accession name Rosetta Berry Shape Pyriform 1 Strig Length 129.10 mm 1 Skin Thickness Thick 1 Berry Colour Red 1 Flavour Acid 1 Strig Handle Length 45.80 1 Seed Visibility Partially visible 1 References: 1. NFC fruit (undated) Unpublished characterisation by staff at NFC, Brogdale. Name Accession Number Accession A-Z Apple Pear Apricot Blackcurrant Currants Cherry Gooseberry Plum copyright 2025 Crown Copyright Copyright Information × You may use and re-use the information featured",,"Not currently held in the National Fruit Collection. Accession No. 1976 - 212 cancel Accession name Rosetta Berry Shape Pyriform 1 Strig Length 129.10 mm 1 Skin Thickness Thick 1 Berry Colour Red 1 Flavour Acid 1 Strig Handle Length 45.80 1 Seed Visibility Partially visible 1 References: 1. NFC fruit (undated) Unpublished characterisation by staff at NFC, Brogdale. Name Accession Number Accession A-Z Apple Pear Apricot Blackcurrant Currants Cherry Gooseberry Plum copyright 2025 Crown Copyright Copyright Information × You may use and re-use the information featured on this website (not including logos) free of charge in any format or medium, under the terms of the Open Government Licence open_in_new . Close email Contact Us brush Chris Turnbull August 2023",False,,https://www.nationalfruitcollection.org.uk/full2.php?id=8643&&fruit=redcurrant,Open Government Licence (Crown Copyright; excluding logos),8643.0,,,,,,,,,,,,,,,,,,,,,,,,,,,,,,,,,,,,Acid,,,
currant-gloire-des-sablons,currant,fruit-currant,Gloire des Sablons,Ribes rubrum L.,,"Availability Not currently held in the National Fruit Collection. Accession No. 1958 - 079 cancel Accession name Gloire de Sablons Berry Shape Oblate/Circular 1 Strig Length 72.50 mm 1 Skin Thickness Thin 1 Berry Colour Green/Pink 1 Flavour Intemediate 1 Strig Handle Length 20.44 1 Seed Visibility Visible 1 References: 1. NFC fruit (undated) Unpublished characterisation by staff at NFC, Brogdale. Name Accession Number Accession A-Z Apple Pear Apricot Blackcurrant Currants Cherry Gooseberry Plum copyright 2025 Crown Copyright Copyright Information × You may use and re-use the i",,"Not currently held in the National Fruit Collection. Accession No. 1958 - 079 cancel Accession name Gloire de Sablons Berry Shape Oblate/Circular 1 Strig Length 72.50 mm 1 Skin Thickness Thin 1 Berry Colour Green/Pink 1 Flavour Intemediate 1 Strig Handle Length 20.44 1 Seed Visibility Visible 1 References: 1. NFC fruit (undated) Unpublished characterisation by staff at NFC, Brogdale. Name Accession Number Accession A-Z Apple Pear Apricot Blackcurrant Currants Cherry Gooseberry Plum copyright 2025 Crown Copyright Copyright Information × You may use and re-use the information featured on this website (not including logos) free of charge in any format or medium, under the terms of the Open Government Licence open_in_new . Close email Contact Us brush Chris Turnbull August 2023",False,,https://www.nationalfruitcollection.org.uk/full2.php?id=8588&&fruit=pinkcurrant,Open Government Licence (Crown Copyright; excluding logos),8588.0,,,,,,,,,,,,,,,,,,,,,,,,,,,,,,,,,,,,Intemediate,,,
currant-versailles,currant,fruit-currant,Versailles,Ribes rubrum L.,,"Availability Not currently held in the National Fruit Collection. Accession No. 2004 - 023 cancel Accession name Versailles Berry Shape Oblate 1 Strig Length 73.65 mm 1 Skin Thickness Intermediate 1 Berry Colour Red 1 Flavour Intermediate-sweet 1 Strig Handle Length 16.72 1 Seed Visibility Slightly visible 1 References: 1. NFC fruit (undated) Unpublished characterisation by staff at NFC, Brogdale. Name Accession Number Accession A-Z Apple Pear Apricot Blackcurrant Currants Cherry Gooseberry Plum copyright 2025 Crown Copyright Copyright Information × You may use and re-use the",,"Not currently held in the National Fruit Collection. Accession No. 2004 - 023 cancel Accession name Versailles Berry Shape Oblate 1 Strig Length 73.65 mm 1 Skin Thickness Intermediate 1 Berry Colour Red 1 Flavour Intermediate-sweet 1 Strig Handle Length 16.72 1 Seed Visibility Slightly visible 1 References: 1. NFC fruit (undated) Unpublished characterisation by staff at NFC, Brogdale. Name Accession Number Accession A-Z Apple Pear Apricot Blackcurrant Currants Cherry Gooseberry Plum copyright 2025 Crown Copyright Copyright Information × You may use and re-use the information featured on this website (not including logos) free of charge in any format or medium, under the terms of the Open Government Licence open_in_new . Close email Contact Us brush Chris Turnbull August 2023",False,,https://www.nationalfruitcollection.org.uk/full2.php?id=8661&&fruit=redcurrant,Open Government Licence (Crown Copyright; excluding logos),8661.0,,,,,,,,,,,,,,,,,,,,,,,,,,,,,,,,,,,,Intermediate-sweet,,,
currant-white-versailles,currant,fruit-currant,White Versailles,Ribes rubrum L.,,"Availability Not currently held in the National Fruit Collection. Accession No. 1958 - 096 cancel Accession name White Versailles Berry Shape Circular 1 Strig Length 55.65 mm 1 Skin Thickness Thin 1 Berry Colour White 1 Flavour Intemediate 1 Strig Handle Length 13.39 1 Seed Visibility Clearly visible 1 References: 1. NFC fruit (undated) Unpublished characterisation by staff at NFC, Brogdale. Name Accession Number Accession A-Z Apple Pear Apricot Blackcurrant Currants Cherry Gooseberry Plum copyright 2025 Crown Copyright Copyright Information × You may use and re-use the inform",,"Not currently held in the National Fruit Collection. Accession No. 1958 - 096 cancel Accession name White Versailles Berry Shape Circular 1 Strig Length 55.65 mm 1 Skin Thickness Thin 1 Berry Colour White 1 Flavour Intemediate 1 Strig Handle Length 13.39 1 Seed Visibility Clearly visible 1 References: 1. NFC fruit (undated) Unpublished characterisation by staff at NFC, Brogdale. Name Accession Number Accession A-Z Apple Pear Apricot Blackcurrant Currants Cherry Gooseberry Plum copyright 2025 Crown Copyright Copyright Information × You may use and re-use the information featured on this website (not including logos) free of charge in any format or medium, under the terms of the Open Government Licence open_in_new . Close email Contact Us brush Chris Turnbull August 2023",False,,https://www.nationalfruitcollection.org.uk/full2.php?id=8673&&fruit=whitecurrant,Open Government Licence (Crown Copyright; excluding logos),8673.0,,,,,,,,,,,,,,,,,,,,,,,,,,,,,,,,,,,,Intemediate,,,
currant-blanka,currant,fruit-currant,Blanka,Ribes rubrum L.,,"Availability Not currently held in the National Fruit Collection. Accession No. 1978 - 130 cancel Accession name Blanka Berry Shape Pyriform 1 Strig Length 151.12 mm 1 Skin Thickness Intermediate 1 Berry Colour Green/White 1 Flavour Acid-intermediate 1 Strig Handle Length 46.57 1 Seed Visibility Partially visible-visible 1 References: 1. NFC fruit (undated) Unpublished characterisation by staff at NFC, Brogdale. Name Accession Number Accession A-Z Apple Pear Apricot Blackcurrant Currants Cherry Gooseberry Plum copyright 2025 Crown Copyright Copyright Information × You may use",,"Not currently held in the National Fruit Collection. Accession No. 1978 - 130 cancel Accession name Blanka Berry Shape Pyriform 1 Strig Length 151.12 mm 1 Skin Thickness Intermediate 1 Berry Colour Green/White 1 Flavour Acid-intermediate 1 Strig Handle Length 46.57 1 Seed Visibility Partially visible-visible 1 References: 1. NFC fruit (undated) Unpublished characterisation by staff at NFC, Brogdale. Name Accession Number Accession A-Z Apple Pear Apricot Blackcurrant Currants Cherry Gooseberry Plum copyright 2025 Crown Copyright Copyright Information × You may use and re-use the information featured on this website (not including logos) free of charge in any format or medium, under the terms of the Open Government Licence open_in_new . Close email Contact Us brush Chris Turnbull August 2023",False,,https://www.nationalfruitcollection.org.uk/full2.php?id=8427&&fruit=whitecurrant,Open Government Licence (Crown Copyright; excluding logos),8427.0,,,,,,,,,,,,,,,,,,,,,,,,,,,,,,,,,,,,Acid-intermediate,,,
currant-white-dutch,currant,fruit-currant,White Dutch,Ribes rubrum L.,,"Availability Not currently held in the National Fruit Collection. Accession No. 1947 - 451 cancel Accession name White Dutch Berry Shape Circular/Pyriform 1 Strig Length 67.62 mm 1 Skin Thickness Intermediate 1 Berry Colour White 1 Flavour Acid-intermediate 1 Strig Handle Length 23.11 1 Seed Visibility Clearly visible 1 References: 1. NFC fruit (undated) Unpublished characterisation by staff at NFC, Brogdale. Name Accession Number Accession A-Z Apple Pear Apricot Blackcurrant Currants Cherry Gooseberry Plum copyright 2025 Crown Copyright Copyright Information × You may use and",,"Not currently held in the National Fruit Collection. Accession No. 1947 - 451 cancel Accession name White Dutch Berry Shape Circular/Pyriform 1 Strig Length 67.62 mm 1 Skin Thickness Intermediate 1 Berry Colour White 1 Flavour Acid-intermediate 1 Strig Handle Length 23.11 1 Seed Visibility Clearly visible 1 References: 1. NFC fruit (undated) Unpublished characterisation by staff at NFC, Brogdale. Name Accession Number Accession A-Z Apple Pear Apricot Blackcurrant Currants Cherry Gooseberry Plum copyright 2025 Crown Copyright Copyright Information × You may use and re-use the information featured on this website (not including logos) free of charge in any format or medium, under the terms of the Open Government Licence open_in_new . Close email Contact Us brush Chris Turnbull August 2023",False,,https://www.nationalfruitcollection.org.uk/full2.php?id=8668&&fruit=whitecurrant,Open Government Licence (Crown Copyright; excluding logos),8668.0,,,,,,,,,,,,,,,,,,,,,,,,,,,,,,,,,,,,Acid-intermediate,,,
currant-pink-champagne,currant,fruit-currant,Pink Champagne,,,,,,,,,Open Government Licence (Crown Copyright; excluding logos),,,,,,,,,,,,,,,,,,,,,,,,,,,,,,,,,,,,,,,,
currant-primus,currant,fruit-currant,Primus,Malus domestica Borkh.,Dessert,"Raised in 1935 at the Horticultural Laboratory, Wageningen, The Netherlands. Fruits have soft, coarse, creamy white flesh with a very sweet flavour.",,Material available from the National Fruit Collection.,True,,https://www.nationalfruitcollection.org.uk/full2.php?id=4825&&fruit=apple,Open Government Licence (Crown Copyright; excluding logos),4825.0,,05-12,05-19,,Early October,20.0,,,,,,,,,,,,large,Globose conical,very weak,very weak,Yellow,medium,Orange,striped/mottled,low,,White,71.51 mm,79.69 mm,,,,,,,,,
gooseberry-invicta,gooseberry,fruit-gooseberry,Invicta,Ribes grossularia L.,,"Availability Not currently held in the National Fruit Collection. Accession No. 1972 - 197 cancel Accession name Invicta (8995/2) Fruit Shape Globose/Ellipsoid 1 Flesh Colour Green 1 Fruit Weight 12.6 g 1 Skin Colour Green with white tinge 1 Veining Medium 1 Hairiness Medium 1 Bristles Many 1 Skin Strength Very weak 1 References: 1. NFC fruit (undated) Unpublished characterisation by staff at NFC, Brogdale. Name Accession Number Accession A-Z Apple Pear Apricot Blackcurrant Currants Cherry Gooseberry Plum copyright 2025 Crown Copyright Copyright Information × You may use and",,"Not currently held in the National Fruit Collection. Accession No. 1972 - 197 cancel Accession name Invicta (8995/2) Fruit Shape Globose/Ellipsoid 1 Flesh Colour Green 1 Fruit Weight 12.6 g 1 Skin Colour Green with white tinge 1 Veining Medium 1 Hairiness Medium 1 Bristles Many 1 Skin Strength Very weak 1 References: 1. NFC fruit (undated) Unpublished characterisation by staff at NFC, Brogdale. Name Accession Number Accession A-Z Apple Pear Apricot Blackcurrant Currants Cherry Gooseberry Plum copyright 2025 Crown Copyright Copyright Information × You may use and re-use the information featured on this website (not including logos) free of charge in any format or medium, under the terms of the Open Government Licence open_in_new . Close email Contact Us brush Chris Turnbull August 2023",False,,https://www.nationalfruitcollection.org.uk/full2.php?id=8777&&fruit=gooseberry,Open Government Licence (Crown Copyright; excluding logos),8777,,,,,,,,,,,,,,,,,,,,,,,,,,,,Green,,,,Green with white tinge,,,,,Medium,Medium,Many
gooseberry-hinnonmaki-red,gooseberry,fruit-gooseberry,Hinnonmaki Red,,,,,,,,,Open Government Licence (Crown Copyright; excluding logos),,,,,,,,,,,,,,,,,,,,,,,,,,,,,,,,,,,,,,,,
gooseberry-hinnonmaki-yellow,gooseberry,fruit-gooseberry,Hinnonmaki Yellow,,,,,,,,,Open Government Licence (Crown Copyright; excluding logos),,,,,,,,,,,,,,,,,,,,,,,,,,,,,,,,,,,,,,,,
gooseberry-hinnonmaki-green,gooseberry,fruit-gooseberry,Hinnonmaki Green,,,,,,,,,Open Government Licence (Crown Copyright; excluding logos),,,,,,,,,,,,,,,,,,,,,,,,,,,,,,,,,,,,,,,,
gooseberry-captivator,gooseberry,fruit-gooseberry,Captivator,Ribes grossularia L.,,"Availability Not currently held in the National Fruit Collection. Accession No. 1951 - 312 cancel Accession name Captivator Fruit Shape Globose/Ellipsoid 1 Flesh Colour Green 1 Fruit Weight 6.8 g 1 Skin Colour Red 1 Veining Absent or very weak 1 Hairiness Absent or very weak 1 Bristles Nil or very few 1 Skin Strength Medium 1 References: 1. NFC fruit (undated) Unpublished characterisation by staff at NFC, Brogdale. Name Accession Number Accession A-Z Apple Pear Apricot Blackcurrant Currants Cherry Gooseberry Plum copyright 2025 Crown Copyright Copyright Information × You may",,"Not currently held in the National Fruit Collection. Accession No. 1951 - 312 cancel Accession name Captivator Fruit Shape Globose/Ellipsoid 1 Flesh Colour Green 1 Fruit Weight 6.8 g 1 Skin Colour Red 1 Veining Absent or very weak 1 Hairiness Absent or very weak 1 Bristles Nil or very few 1 Skin Strength Medium 1 References: 1. NFC fruit (undated) Unpublished characterisation by staff at NFC, Brogdale. Name Accession Number Accession A-Z Apple Pear Apricot Blackcurrant Currants Cherry Gooseberry Plum copyright 2025 Crown Copyright Copyright Information × You may use and re-use the information featured on this website (not including logos) free of charge in any format or medium, under the terms of the Open Government Licence open_in_new . Close email Contact Us brush Chris Turnbull August 2023",False,,https://www.nationalfruitcollection.org.uk/full2.php?id=8692&&fruit=gooseberry,Open Government Licence (Crown Copyright; excluding logos),8692,,,,,,,,,,,,,,,,,,,,,,,,,,,,Green,,,,Red,,,,,Absent or very weak,Absent or very weak,Nil or very few
gooseberry-pax,gooseberry,fruit-gooseberry,Pax,Ribes grossularia L.,,"Availability Not currently held in the National Fruit Collection. Accession No. 2000 - 150 cancel Accession name Pax Fruit Shape Pyriform 1 Flesh Colour Green/Red 1 Fruit Weight 10.5 g 1 Skin Colour Green with white tinge/Red 1 Veining Weak 1 Hairiness Medium 1 Bristles Few 1 Skin Strength Very Strong 1 References: 1. NFC fruit (undated) Unpublished characterisation by staff at NFC, Brogdale. Name Accession Number Accession A-Z Apple Pear Apricot Blackcurrant Currants Cherry Gooseberry Plum copyright 2025 Crown Copyright Copyright Information × You may use and re-use the info",,"Not currently held in the National Fruit Collection. Accession No. 2000 - 150 cancel Accession name Pax Fruit Shape Pyriform 1 Flesh Colour Green/Red 1 Fruit Weight 10.5 g 1 Skin Colour Green with white tinge/Red 1 Veining Weak 1 Hairiness Medium 1 Bristles Few 1 Skin Strength Very Strong 1 References: 1. NFC fruit (undated) Unpublished characterisation by staff at NFC, Brogdale. Name Accession Number Accession A-Z Apple Pear Apricot Blackcurrant Currants Cherry Gooseberry Plum copyright 2025 Crown Copyright Copyright Information × You may use and re-use the information featured on this website (not including logos) free of charge in any format or medium, under the terms of the Open Government Licence open_in_new . Close email Contact Us brush Chris Turnbull August 2023",False,,https://www.nationalfruitcollection.org.uk/full2.php?id=8839&&fruit=gooseberry,Open Government Licence (Crown Copyright; excluding logos),8839,,,,,,,,,,,,,,,,,,,,,,,,,,,,Green/Red,,,,Green with white tinge/Red,,,,,Weak,Medium,Few
gooseberry-careless,gooseberry,fruit-gooseberry,Careless,Ribes grossularia L.,,Availability Not currently held in the National Fruit Collection. Accession No. 1968 - 033 cancel Accession name Careless 3041 Fruit Shape Ellipsoid/Pyriform 1 Flesh Colour White/Green 1 Skin Colour Green/Red 1 Veining Weak 1 Hairiness Very strong 1 Bristles Few 1 Skin Strength Medium 1 Accession No. 1969 - 056 cancel Accession name Careless 3024Y Fruit Shape Ellipsoid/Pyriform 1 Flesh Colour White/Green 1 Skin Colour Green/Red 1 Veining Weak 1 Hairiness Very strong 1 Bristles Few 1 Skin Strength Very Strong 1 Accession No. 1969 - 093 cancel Accession name Carel,,"Not currently held in the National Fruit Collection. Accession No. 1968 - 033 cancel Accession name Careless 3041 Fruit Shape Ellipsoid/Pyriform 1 Flesh Colour White/Green 1 Skin Colour Green/Red 1 Veining Weak 1 Hairiness Very strong 1 Bristles Few 1 Skin Strength Medium 1 Accession No. 1969 - 056 cancel Accession name Careless 3024Y Fruit Shape Ellipsoid/Pyriform 1 Flesh Colour White/Green 1 Skin Colour Green/Red 1 Veining Weak 1 Hairiness Very strong 1 Bristles Few 1 Skin Strength Very Strong 1 Accession No. 1969 - 093 cancel Accession name Careless 3024L Fruit Shape Ellipsoid/Pyriform 1 Flesh Colour White/Green 1 Fruit Weight 9.8 g 1 Skin Colour Green/Red 1 Veining Absent or very weak 1 Hairiness Very strong 1 Bristles Few 1 Skin Strength Very weak 1 Accession No. 1968 - 032 cancel Accession name Careless 490 Fruit Shape Ellipsoid/Pyriform 1 Flesh Colour White/Green 1 Fruit Weight 10.6 g 1 Skin Colour Green with white tinge 1 Veining Medium 1 Hairiness Medium 1 Bristles Medium 1 Skin Strength Very weak 1 Accession No. 1968 - 031 cancel Accession name Careless 292 Fruit Shape Ellipsoid/Pyriform 1 Flesh Colour Green 1 Fruit Weight 11.2 g 1 Skin Colour Green with white tinge 1 Veining Strong 1 Hairiness Medium 1 Bristles Few-Medium 1 Skin Strength Very weak 1 Accession No. 1972 - 198 cancel Accession name Careless VT Fruit Shape Ellipsoid/Pyriform 1 Flesh Colour White/Green 1 Fruit Weight 9.6 g 1 Skin Colour Green with white tinge 1 Veining Strong 1 Hairiness Weak 1 Bristles Few-Medium 1 Skin Strength Very weak 1 Accession No. 1926 - 041 cancel Accession name Careless (Kent) Fruit Shape Ellipsoid/Pyriform 1 Skin Colour Green 1 Veining Strong 1 Hairiness Weak-Medium 1 Bristles Medium 1 References: 1. NFC fruit (undated) Unpublished characterisation by staff at NFC, Brogdale. Name Accession Number Accession A-Z Apple Pear Apricot Blackcurrant Currants Cherry Gooseberry Plum copyright 2025 Crown Copyright Copyright Information × You may use and re-use the information featured on this website (not including logos) free of charge in any format or medium, under the terms of the Open Government Licence open_in_new . Close email Contact Us brush Chris Turnbull August 2023",False,,https://www.nationalfruitcollection.org.uk/full2.php?id=8693&&fruit=gooseberry,Open Government Licence (Crown Copyright; excluding logos),8693,,,,,,,,,,,,,,,,,,,,,,,,,,,,White/Green,,,,Green,,,,,Strong,Weak-Medium,Medium
gooseberry-whinhams-industry,gooseberry,fruit-gooseberry,Whinham's Industry,Ribes grossularia L.,,"Availability Not currently held in the National Fruit Collection. Accession No. 1957 - 062 cancel Accession name Whinham's Industry Fruit Shape Globose/Ellipsoid 1 Flesh Colour Green/Red 1 Fruit Weight 14.8 g 1 Skin Colour Red 1 Veining Absent or very weak 1 Hairiness Strong 1 Bristles Few-Medium 1 Skin Strength Strong 1 References: 1. NFC fruit (undated) Unpublished characterisation by staff at NFC, Brogdale. Name Accession Number Accession A-Z Apple Pear Apricot Blackcurrant Currants Cherry Gooseberry Plum copyright 2025 Crown Copyright Copyright Information × You may use a",,"Not currently held in the National Fruit Collection. Accession No. 1957 - 062 cancel Accession name Whinham's Industry Fruit Shape Globose/Ellipsoid 1 Flesh Colour Green/Red 1 Fruit Weight 14.8 g 1 Skin Colour Red 1 Veining Absent or very weak 1 Hairiness Strong 1 Bristles Few-Medium 1 Skin Strength Strong 1 References: 1. NFC fruit (undated) Unpublished characterisation by staff at NFC, Brogdale. Name Accession Number Accession A-Z Apple Pear Apricot Blackcurrant Currants Cherry Gooseberry Plum copyright 2025 Crown Copyright Copyright Information × You may use and re-use the information featured on this website (not including logos) free of charge in any format or medium, under the terms of the Open Government Licence open_in_new . Close email Contact Us brush Chris Turnbull August 2023",False,,https://www.nationalfruitcollection.org.uk/full2.php?id=8910&&fruit=gooseberry,Open Government Licence (Crown Copyright; excluding logos),8910,,,,,,,,,,,,,,,,,,,,,,,,,,,,Green/Red,,,,Red,,,,,Absent or very weak,Strong,Few-Medium
gooseberry-leveller,gooseberry,fruit-gooseberry,Leveller,Ribes grossularia L.,,"Availability Not currently held in the National Fruit Collection. Accession No. 2004 - 062 cancel Accession name Leveller Accession No. 1979 - 248 cancel Accession name Leveller (Sanders) Fruit Shape Ellipsoid/Pyriform 1 Flesh Colour Green 1 Skin Colour Yellow green 1 Veining Medium 1 Hairiness Medium 1 Bristles Nil or very few 1 Skin Strength Very weak 1 References: 1. NFC fruit (undated) Unpublished characterisation by staff at NFC, Brogdale. Name Accession Number Accession A-Z Apple Pear Apricot Blackcurrant Currants Cherry Gooseberry Plum copyright 2025 Crown Copyrig",,"Not currently held in the National Fruit Collection. Accession No. 2004 - 062 cancel Accession name Leveller Accession No. 1979 - 248 cancel Accession name Leveller (Sanders) Fruit Shape Ellipsoid/Pyriform 1 Flesh Colour Green 1 Skin Colour Yellow green 1 Veining Medium 1 Hairiness Medium 1 Bristles Nil or very few 1 Skin Strength Very weak 1 References: 1. NFC fruit (undated) Unpublished characterisation by staff at NFC, Brogdale. Name Accession Number Accession A-Z Apple Pear Apricot Blackcurrant Currants Cherry Gooseberry Plum copyright 2025 Crown Copyright Copyright Information × You may use and re-use the information featured on this website (not including logos) free of charge in any format or medium, under the terms of the Open Government Licence open_in_new . Close email Contact Us brush Chris Turnbull August 2023",False,,https://www.nationalfruitcollection.org.uk/full2.php?id=8804&&fruit=gooseberry,Open Government Licence (Crown Copyright; excluding logos),8804,,,,,,,,,,,,,,,,,,,,,,,,,,,,Green,,,,Yellow green,,,,,Medium,Medium,Nil or very few
gooseberry-greenfinch,gooseberry,fruit-gooseberry,Greenfinch,Ribes grossularia L.,,"Availability Not currently held in the National Fruit Collection. Accession No. 1975 - 369 cancel Accession name Greenfinch Fruit Shape Ellipsoid 1 Flesh Colour White 1 Fruit Weight 14.2 g 1 Skin Colour Green 1 Veining Strong 1 Hairiness Very weak-Weak 1 Bristles Nil or very few 1 Skin Strength Very weak 1 References: 1. NFC fruit (undated) Unpublished characterisation by staff at NFC, Brogdale. Name Accession Number Accession A-Z Apple Pear Apricot Blackcurrant Currants Cherry Gooseberry Plum copyright 2025 Crown Copyright Copyright Information × You may use and re-use the i",,"Not currently held in the National Fruit Collection. Accession No. 1975 - 369 cancel Accession name Greenfinch Fruit Shape Ellipsoid 1 Flesh Colour White 1 Fruit Weight 14.2 g 1 Skin Colour Green 1 Veining Strong 1 Hairiness Very weak-Weak 1 Bristles Nil or very few 1 Skin Strength Very weak 1 References: 1. NFC fruit (undated) Unpublished characterisation by staff at NFC, Brogdale. Name Accession Number Accession A-Z Apple Pear Apricot Blackcurrant Currants Cherry Gooseberry Plum copyright 2025 Crown Copyright Copyright Information × You may use and re-use the information featured on this website (not including logos) free of charge in any format or medium, under the terms of the Open Government Licence open_in_new . Close email Contact Us brush Chris Turnbull August 2023",False,,https://www.nationalfruitcollection.org.uk/full2.php?id=2259&&fruit=gooseberry,Open Government Licence (Crown Copyright; excluding logos),2259,,,,,,,,,,,,,,,,,,,,,,,,,,,,White,,,,Green,,,,,Strong,Very weak-Weak,Nil or very few
gooseberry-xenia,gooseberry,fruit-gooseberry,Xenia,,,,,,,,,Open Government Licence (Crown Copyright; excluding logos),,,,,,,,,,,,,,,,,,,,,,,,,,,,,,,,,,,,,,,,
gooseberry-lady-sun,gooseberry,fruit-gooseberry,Lady Sun,,,,,,,,,Open Government Licence (Crown Copyright; excluding logos),,,,,,,,,,,,,,,,,,,,,,,,,,,,,,,,,,,,,,,,
gooseberry-giggles-green,gooseberry,fruit-gooseberry,Giggles Green,,,,,,,,,Open Government Licence (Crown Copyright; excluding logos),,,,,,,,,,,,,,,,,,,,,,,,,,,,,,,,,,,,,,,,
gooseberry-martlet,gooseberry,fruit-gooseberry,Martlet,Ribes grossularia L.,,"Availability Not currently held in the National Fruit Collection. Accession No. 2004 - 033 cancel Accession name Martlet Fruit Shape Ellipsoid 1 Flesh Colour Green/Red 1 Fruit Weight 11.2 g 1 Skin Colour Red 1 Veining Absent or very weak 1 Hairiness Weak-Medium 1 Bristles Nil or very few 1 Skin Strength Very weak 1 References: 1. NFC fruit (undated) Unpublished characterisation by staff at NFC, Brogdale. Name Accession Number Accession A-Z Apple Pear Apricot Blackcurrant Currants Cherry Gooseberry Plum copyright 2025 Crown Copyright Copyright Information × You may use and re-",,"Not currently held in the National Fruit Collection. Accession No. 2004 - 033 cancel Accession name Martlet Fruit Shape Ellipsoid 1 Flesh Colour Green/Red 1 Fruit Weight 11.2 g 1 Skin Colour Red 1 Veining Absent or very weak 1 Hairiness Weak-Medium 1 Bristles Nil or very few 1 Skin Strength Very weak 1 References: 1. NFC fruit (undated) Unpublished characterisation by staff at NFC, Brogdale. Name Accession Number Accession A-Z Apple Pear Apricot Blackcurrant Currants Cherry Gooseberry Plum copyright 2025 Crown Copyright Copyright Information × You may use and re-use the information featured on this website (not including logos) free of charge in any format or medium, under the terms of the Open Government Licence open_in_new . Close email Contact Us brush Chris Turnbull August 2023",False,,https://www.nationalfruitcollection.org.uk/full2.php?id=8821&&fruit=gooseberry,Open Government Licence (Crown Copyright; excluding logos),8821,,,,,,,,,,,,,,,,,,,,,,,,,,,,Green/Red,,,,Red,,,,,Absent or very weak,Weak-Medium,Nil or very few
