text_key,text_en,text_es,text_fr,text_pt,text_de,text_it,text_nl,text_pl,text_tr,text_sv,context,page,category
index.nav.marine_conditions_are_temporar_4,Marine conditions are temporarily unavailable. We’ll show land‑based suggestions for now.,Las condiciones marinas no están disponibles temporalmente. Por ahora te mostramos sugerencias terrestres.,Les conditions marines sont temporairement indisponibles. Nous affichons des suggestions terrestres pour l'instant.,"As condições marítimas estão temporariamente indisponíveis. Por agora, mostramos sugestões terrestres.",Meeresbedingungen sind vorübergehend nicht verfügbar. Wir zeigen vorerst landbasierte Vorschläge.,Le condizioni marine sono temporaneamente non disponibili. Per ora mostriamo suggerimenti terrestri.,Zeeomstandigheden zijn tijdelijk niet beschikbaar. We tonen voorlopig suggesties voor aan land.,Warunki morskie są tymczasowo niedostępne. Na razie pokazujemy sugestie lądowe.,Deniz koşulları geçici olarak kullanılamıyor. Şimdilik kara bazlı öneriler gösteriyoruz.,Havsförhållandena är tillfälligt otillgängliga. Vi visar landbaserade förslag tills vidare.,"Line 229: setMarineError(""Marine conditions are temporarily unavailable. We’ll show land‑b",index,nav
index.paragraph.please_set_your_home_location__5,Please set your home location to see suggestions.,Establece tu ubicación para ver sugerencias.,Définissez votre emplacement pour voir les suggestions.,Define a tua localização para ver sugestões.,"Bitte lege deinen Standort fest, um Vorschläge zu sehen.",Imposta la tua posizione per vedere i suggerimenti.,Stel je locatie in om suggesties te zien.,"Ustaw swoją lokalizację, aby zobaczyć sugestie.",Önerileri görmek için konumunuzu ayarlayın.,Ange din plats för att se förslag.,Line 646: return <div>Please set your home location to see suggestions.</div>;,index,paragraph
index.heading.no_activities_selected_7,No Activities Selected,No hay actividades seleccionadas,Aucune activité sélectionnée,Nenhuma atividade selecionada,Keine Aktivitäten ausgewählt,Nessuna attività selezionata,Geen activiteiten geselecteerd,Nie wybrano żadnych aktywności,Hiç aktivite seçilmedi,Inga aktiviteter valda,"Line 660: <h2 style={{ color: '#d97706', marginBottom: '0.5rem' }}>No Activities Selected<",index,heading
index.paragraph.loading_your_smart_recommendat_8,Loading your smart recommendations...,Cargando tus recomendaciones...,Chargement de vos recommandations...,A carregar as tuas recomendações...,Lade deine Empfehlungen...,Caricamento dei tuoi consigli...,Je aanbevelingen laden...,Ładowanie Twoich rekomendacji...,Önerileriniz yükleniyor...,Laddar dina rekommendationer...,Line 685: return <div>Loading your smart recommendations...</div>;,index,paragraph
index.label.pick_your_home_location_9,Pick your home location,Elige tu ubicación,Choisissez votre emplacement,Escolhe a tua localização,Wähle deinen Standort,Scegli la tua posizione,Kies je locatie,Wybierz swoją lokalizację,Konumunuzu seçin,Välj din plats,"Line 700: title=""Pick your home location""",index,label
index.heading._also_perfect_today_11,💯 Also Perfect Today,💯 También perfecto hoy,💯 Également parfait aujourd'hui,💯 Também perfeito hoje,💯 Heute auch perfekt,💯 Perfetto anche oggi,💯 Vandaag ook perfect,💯 Dziś też idealnie,💯 Bugün de mükemmel,💯 Också perfekt idag,"Line 918: <h4 className=""also-good-title"">💯 Also Perfect Today</h4>",index,heading
index.heading._good_options_today_12,👍 Good Options Today,👍 Buenas opciones hoy,👍 Bonnes options aujourd'hui,👍 Boas opções hoje,👍 Gute Optionen heute,👍 Buone opzioni oggi,👍 Goede opties vandaag,👍 Dobre opcje na dziś,👍 Bugün için iyi seçenekler,👍 Bra alternativ idag,"Line 970: <h4 className=""also-good-title"">👍 Good Options Today</h4>",index,heading
index.heading._staying_indoors__13,👺 Staying Indoors?,👺 ¿Te quedas en casa?,👺 Vous restez à l'intérieur ?,👺 Ficas em casa?,👺 Drinnen bleiben?,👺 Resti in casa?,👺 Binnen blijven?,👺 Zostajesz w domu?,👺 İçeride mi kalıyorsunuz?,👺 Stannar du inne?,"Line 1026: <h4 className=""also-good-title"">👺 Staying Indoors?</h4>",index,heading
support.label.support_go_daisy_14,Support Go Daisy,Apoya Go Daisy,Soutenir Go Daisy,Apoia o Go Daisy,Go Daisy unterstützen,Sostieni Go Daisy,Steun Go Daisy,Wesprzyj Go Daisy,Go Daisy'yi Destekle,Stöd Go Daisy,Line 28: <title>Support Go Daisy</title>,support,label
support.paragraph.join_the_go_daisy_community_on_15,"Join the Go Daisy community on Patreon or tip via Apple. Help cover weather data, hosting, and keep Damian — and Bruno — in biscuits.","Únete a la comunidad de Go Daisy en Patreon o haz una donación. Ayuda a cubrir los datos meteorológicos, el hosting, y mantén a Damian — y a Bruno — con galletas.","Rejoignez la communauté Go Daisy sur Patreon ou faites un don. Aidez à couvrir les données météo, l'hébergement, et gardez Damian — et Bruno — en biscuits.","Junta-te à comunidade Go Daisy no Patreon ou faz uma doação. Ajuda a cobrir dados meteorológicos, alojamento, e mantém o Damian — e o Bruno — com bolachas.","Werde Teil der Go Daisy Community auf Patreon oder spende über Apple. Hilf bei Wetterdaten, Hosting und halte Damian — und Bruno — mit Keksen versorgt.","Unisciti alla comunità Go Daisy su Patreon o fai una donazione. Aiuta a coprire i dati meteo, l'hosting, e tieni Damian — e Bruno — riforniti di biscotti.","Word lid van de Go Daisy community op Patreon of geef een fooi. Help met weerdata, hosting, en houd Damian — en Bruno — voorzien van koekjes.","Dołącz do społeczności Go Daisy na Patreonie lub zostaw napiwek. Pomóż pokryć koszty danych pogodowych, hostingu i zapewnij Damianowi — i Bruno — herbatniki.","Patreon'da Go Daisy topluluğuna katılın veya bağış yapın. Hava durumu verileri, barındırma masraflarını karşılamaya yardımcı olun ve Damian'ı — ve Bruno'yu — bisküviyle besleyin.","Gå med i Go Daisy-communityn på Patreon eller donera. Hjälp till att täcka väderdata, hosting och håll Damian — och Bruno — försedda med kex.","Line 31: content=""Join the Go Daisy community on Patreon or tip via Apple. Help cover wea",support,paragraph
support.heading.keep_go_daisy_blooming_21,Keep Go Daisy Blooming,Haz florecer Go Daisy,Faites fleurir Go Daisy,Faz florescer o Go Daisy,Lass Go Daisy erblühen,Fai fiorire Go Daisy,Laat Go Daisy bloeien,Pozwól Go Daisy rozkwitać,Go Daisy'nin çiçek açmasını sağla,Låt Go Daisy blomstra,"Line 57: <h2 className=""card-title text-3xl text-base-content"">Keep Go Daisy Blooming</h2",support,heading
support.label.no_paywalls_24,No paywalls,Sin muros de pago,Sans paywall,Sem paywalls,Keine Paywalls,Nessun paywall,Geen paywalls,Bez paywalli,Ödeme duvarı yok,Inga betalväggar,"Line 66: <span className=""badge badge-outline"">No paywalls</span>",support,label
support.label.indie_friendly_26,Indie & friendly,Indie y cercano,Indie et convivial,Indie e acessível,Indie und freundlich,Indie e amichevole,Indie en vriendelijk,Indie i przyjazne,Bağımsız ve samimi,Indie och vänlig,"Line 67: <span className=""badge badge-outline"">Indie & friendly</span>",support,label
support.heading.join_us_on_patreon_30,Join us on Patreon,Únete en Patreon,Rejoignez-nous sur Patreon,Junta-te no Patreon,Werde Patron,Unisciti su Patreon,Word Patron,Dołącz na Patreonie,Patreon'da bize katılın,Gå med på Patreon,"Line 77: <h2 className=""card-title text-lg text-base-content"">Join us on Patreon</h2>",support,heading
support.heading.apple_tip_jar_35,Apple Tip Jar,Propina de Apple,Pourboire Apple,Gorjeta Apple,Apple Trinkgeld,Mancia Apple,Apple fooienpot,Napiwek Apple,Apple Bahşiş,Apple-dricks,"Line 96: <h2 className=""card-title text-lg text-base-content"">Apple Tip Jar</h2>",support,heading
support.paragraph.no_features_are_gated_behind_s_38,No features are gated behind support. Everyone gets the same forecast.,Ninguna función está bloqueada. Todos reciben el mismo pronóstico.,Aucune fonctionnalité n'est bloquée. Tout le monde reçoit les mêmes prévisions.,Nenhuma funcionalidade está bloqueada. Todos recebem a mesma previsão.,Keine Funktionen sind gesperrt. Alle bekommen die gleiche Vorhersage.,Nessuna funzione è bloccata. Tutti ricevono le stesse previsioni.,Geen functies zijn geblokkeerd. Iedereen krijgt dezelfde voorspelling.,Żadne funkcje nie są zablokowane. Wszyscy otrzymują tę samą prognozę.,Hiçbir özellik kilitli değil. Herkes aynı tahmini alır.,Inga funktioner är låsta. Alla får samma prognos.,Line 121: <li>No features are gated behind support. Everyone gets the same forecast.</li>,support,paragraph
support.paragraph.patreon_updates_and_progress_n_39,Patreon updates and progress notes are shared with supporters; feature launches land for all users.,Las actualizaciones de Patreon se comparten con los patrocinadores; las nuevas funciones llegan a todos.,Les mises à jour Patreon sont partagées avec les supporters ; les nouvelles fonctionnalités arrivent pour tous.,As atualizações do Patreon são partilhadas com apoiantes; novas funcionalidades chegam a todos.,Patreon-Updates werden mit Unterstützern geteilt; neue Funktionen kommen für alle.,Gli aggiornamenti Patreon sono condivisi con i sostenitori; le nuove funzioni arrivano a tutti.,Patreon-updates worden gedeeld met supporters; nieuwe functies komen voor iedereen.,Aktualizacje Patreon są udostępniane wspierającym; nowe funkcje trafiają do wszystkich.,Patreon güncellemeleri destekçilerle paylaşılır; yeni özellikler herkese ulaşır.,Patreon-uppdateringar delas med supportrar; nya funktioner kommer till alla.,Line 122: <li>Patreon updates and progress notes are shared with supporters; feature launc,support,paragraph
support.heading.frequently_asked_questions_40,Frequently asked questions,Preguntas frecuentes,Questions fréquentes,Perguntas frequentes,Häufig gestellte Fragen,Domande frequenti,Veelgestelde vragen,Często zadawane pytania,Sık sorulan sorular,Vanliga frågor,"Line 129: <h2 className=""text-lg font-semibold text-base-content"">Frequently asked questio",support,heading
support.paragraph.does_support_unlock_features__41,Does support unlock features?,¿El apoyo desbloquea funciones?,Le soutien débloque-t-il des fonctionnalités ?,O apoio desbloqueia funcionalidades?,Schaltet Unterstützung Funktionen frei?,Il supporto sblocca funzioni?,Ontgrendelt steun functies?,Czy wsparcie odblokowuje funkcje?,Destek özellikleri açar mı?,Låser stöd upp funktioner?,"Line 133: <div className=""collapse-title text-base font-medium text-base-content"">Does sup",support,paragraph
support.paragraph.afraid_not_support_keeps_the_l_42,"Afraid not. Support keeps the lights on and the data flowing, but features roll out to everyone.","Me temo que no. Tu apoyo mantiene todo funcionando, pero las funciones llegan a todos.","Malheureusement non. Votre soutien maintient tout en marche, mais les fonctionnalités arrivent pour tous.","Infelizmente não. O teu apoio mantém tudo a funcionar, mas as funcionalidades chegam a todos.","Leider nein. Deine Unterstützung hält alles am Laufen, aber Funktionen kommen für alle.","Purtroppo no. Il tuo supporto tiene tutto attivo, ma le funzioni arrivano a tutti.","Helaas niet. Je steun houdt alles draaiende, maar functies komen voor iedereen.","Niestety nie. Twoje wsparcie utrzymuje wszystko w ruchu, ale funkcje trafiają do wszystkich.","Maalesef hayır. Desteğiniz her şeyi çalışır tutar, ama özellikler herkese ulaşır.","Tyvärr inte. Ditt stöd håller allt igång, men funktioner kommer till alla.","Line 135: <p className=""text-base-content"">Afraid not. Support keeps the lights on and the",support,paragraph
support.paragraph.can_i_cancel_any_time__43,Can I cancel any time?,¿Puedo cancelar en cualquier momento?,Puis-je annuler à tout moment ?,Posso cancelar a qualquer momento?,Kann ich jederzeit kündigen?,Posso annullare in qualsiasi momento?,Kan ik op elk moment opzeggen?,Czy mogę anulować w dowolnym momencie?,İstediğim zaman iptal edebilir miyim?,Kan jag avsluta när som helst?,"Line 141: <div className=""collapse-title text-base font-medium text-base-content"">Can I ca",support,paragraph
support.paragraph.yes_patreon_manages_billing_yo_44,Yes — Patreon manages billing. You can switch tiers or cancel whenever you like. Apple tips are one-off.,Sí — Patreon gestiona la facturación. Puedes cambiar de nivel o cancelar cuando quieras. Las propinas de Apple son únicas.,Oui — Patreon gère la facturation. Vous pouvez changer de niveau ou annuler quand vous voulez. Les pourboires Apple sont uniques.,Sim — o Patreon gere a faturação. Podes mudar de nível ou cancelar quando quiseres. As gorjetas Apple são únicas.,Ja — Patreon verwaltet die Abrechnung. Du kannst jederzeit wechseln oder kündigen. Apple-Tipps sind einmalig.,Sì — Patreon gestisce la fatturazione. Puoi cambiare livello o annullare quando vuoi. Le mance Apple sono una tantum.,Ja — Patreon beheert de facturering. Je kunt van niveau wisselen of opzeggen wanneer je wilt. Apple-fooien zijn eenmalig.,Tak — Patreon zarządza płatnościami. Możesz zmienić poziom lub anulować kiedy chcesz. Napiwki Apple są jednorazowe.,Evet — Patreon faturalamayı yönetir. İstediğiniz zaman seviye değiştirebilir veya iptal edebilirsiniz. Apple bahşişleri tek seferlik.,Ja — Patreon hanterar fakturering. Du kan byta nivå eller avsluta när du vill. Apple-dricks är engångsbelopp.,"Line 143: <p className=""text-base-content"">Yes — Patreon manages billing. You can switch t",support,paragraph
support.paragraph.other_ways_to_help__45,Other ways to help?,¿Otras formas de ayudar?,D'autres façons d'aider ?,Outras formas de ajudar?,Andere Möglichkeiten zu helfen?,Altri modi per aiutare?,Andere manieren om te helpen?,Inne sposoby pomocy?,Yardım etmenin diğer yolları?,Andra sätt att hjälpa?,"Line 149: <div className=""collapse-title text-base font-medium text-base-content"">Other wa",support,paragraph
support.paragraph.tell_a_friend_start_a_plan_or__46,"Tell a friend, start a plan, or share your favourite Go Daisy moment. Word of mouth is golden.","Cuéntaselo a un amigo, haz un plan, o comparte tu momento favorito de Go Daisy. El boca a boca vale oro.","Parlez-en à un ami, faites un plan, ou partagez votre moment Go Daisy préféré. Le bouche-à-oreille est précieux.","Conta a um amigo, faz um plano, ou partilha o teu momento Go Daisy favorito. O boca-a-boca vale ouro.","Erzähl einem Freund davon, mach einen Plan, oder teile deinen liebsten Go Daisy Moment. Mundpropaganda ist Gold wert.","Dillo a un amico, fai un piano, o condividi il tuo momento Go Daisy preferito. Il passaparola vale oro.","Vertel het een vriend, maak een plan, of deel je favoriete Go Daisy moment. Mond-tot-mondreclame is goud waard.","Powiedz znajomemu, zrób plan lub podziel się ulubionym momentem z Go Daisy. Marketing szeptany jest bezcenny.","Bir arkadaşınıza söyleyin, plan yapın veya favori Go Daisy anınızı paylaşın. Ağızdan ağıza pazarlama altın değerinde.","Berätta för en vän, gör en plan eller dela ditt favoritögonblick med Go Daisy. Mun-till-mun är guld värt.","Line 151: <p className=""text-base-content"">Tell a friend, start a plan, or share your favo",support,paragraph
whether-weather.heading.on_this_page_51,On this page,En esta página,Sur cette page,Nesta página,Auf dieser Seite,In questa pagina,Op deze pagina,Na tej stronie,Bu sayfada,På denna sida,"Line 53: <h2 className=""card-title text-base text-base-content"">On this page</h2>",whether-weather,heading
whether-weather.link.a_familiar_frustration_52,A familiar frustration,Una frustración conocida,Une frustration familière,Uma frustração conhecida,Eine bekannte Frustration,Una frustrazione familiare,Een bekende frustratie,Znana frustracja,Tanıdık bir hayal kırıklığı,En välbekant frustration,"Line 55: <li><a href=""#opening"" className=""text-base-content"">A familiar frustration</a><",whether-weather,link
whether-weather.link.sparse_sensors_microclimates_53,Sparse sensors & microclimates,Sensores escasos y microclimas,Capteurs épars et microclimats,Sensores escassos e microclimas,Wenige Sensoren und Mikroklimate,Sensori sparsi e microclimi,Schaarse sensoren en microklimaten,Rzadkie czujniki i mikroklimaty,Seyrek sensörler ve mikro iklimler,Glesa sensorer och mikroklimat,"Line 56: <li><a href=""#coverage"" className=""text-base-content"">Sparse sensors & microclim",whether-weather,link
whether-weather.link.instrument_quirks_data_sharing_54,Instrument quirks & data sharing,Peculiaridades de los instrumentos y compartición de datos,Particularités des instruments et partage de données,Peculiaridades dos instrumentos e partilha de dados,Instrumenteneigenheiten und Datenaustausch,Peculiarità degli strumenti e condivisione dati,Instrumenteigenaardigheden en datadeling,Dziwactwa instrumentów i udostępnianie danych,Alet tuhaflıkları ve veri paylaşımı,Instrumentegenheter och datadelning,"Line 57: <li><a href=""#instruments"" className=""text-base-content"">Instrument quirks & dat",whether-weather,link
whether-weather.link.models_resolution_limits_55,Models & resolution limits,Modelos y límites de resolución,Modèles et limites de résolution,Modelos e limites de resolução,Modelle und Auflösungsgrenzen,Modelli e limiti di risoluzione,Modellen en resolutielimieten,Modele i ograniczenia rozdzielczości,Modeller ve çözünürlük sınırları,Modeller och upplösningsgränser,"Line 58: <li><a href=""#models"" className=""text-base-content"">Models & resolution limits</",whether-weather,link
whether-weather.link.politics_in_the_weather_56,Politics in the weather,La política en el tiempo,La politique dans la météo,Política no tempo,Politik im Wetter,Politica nel meteo,Politiek in het weer,Polityka w pogodzie,Hava durumunda politika,Politik i vädret,"Line 59: <li><a href=""#politics"" className=""text-base-content"">Politics in the weather</a",whether-weather,link
whether-weather.link.coping_smartly_57,Coping smartly,Afrontarlo con inteligencia,S'adapter intelligemment,Lidar de forma inteligente,Clever damit umgehen,Affrontare con intelligenza,Slim omgaan,Radzenie sobie mądrze,Akıllıca başa çıkmak,Hantera smart,"Line 60: <li><a href=""#cope"" className=""text-base-content"">Coping smartly</a></li>",whether-weather,link
whether-weather.link.in_short__58,In short…,En resumen…,En bref…,Em resumo…,Kurz gesagt…,In breve…,Kortom…,W skrócie…,Kısacası…,Kort sagt…,"Line 61: <li><a href=""#wrap"" className=""text-base-content"">In short…</a></li>",whether-weather,link
whether-weather.paragraph.always_keep_a_compact_brolly_i_61,Always keep a compact brolly in your bag.,Lleva siempre un paraguas compacto en tu bolsa.,Gardez toujours un parapluie compact dans votre sac.,Leva sempre um guarda-chuva compacto na tua mala.,Habe immer einen kompakten Regenschirm in deiner Tasche.,Tieni sempre un ombrello compatto nella tua borsa.,Houd altijd een compacte paraplu in je tas.,Zawsze miej przy sobie składany parasol.,Çantanızda her zaman kompakt bir şemsiye bulundurun.,Ha alltid ett kompakt paraply i väskan.,"Line 67: <p className=""flex items-start gap-2""><Umbrella className=""w-4 h-4 mt-0.5""/> Alw",whether-weather,paragraph
whether-weather.paragraph.check_two_sources_when_it_look_62,Check two sources when it looks marginal.,Consulta dos fuentes cuando parezca dudoso.,Consultez deux sources quand c'est incertain.,Consulta duas fontes quando parecer duvidoso.,"Prüfe zwei Quellen, wenn es unsicher aussieht.",Controlla due fonti quando sembra incerto.,Controleer twee bronnen als het twijfelachtig lijkt.,"Sprawdź dwa źródła, gdy wygląda niepewnie.",Belirsiz göründüğünde iki kaynağı kontrol edin.,Kolla två källor när det ser osäkert ut.,"Line 68: <p className=""flex items-start gap-2 mt-1""><Wind className=""w-4 h-4 mt-0.5""/> Ch",whether-weather,paragraph
whether-weather.heading.sensors_aren_t_everywhere_and__63,Sensors aren’t everywhere (and microclimates are sneaky),Los sensores no están en todas partes (y los microclimas son traicioneros),Les capteurs ne sont pas partout (et les microclimats sont sournois),Os sensores não estão em todo o lado (e os microclimas são traiçoeiros),Sensoren sind nicht überall (und Mikroklimate sind tückisch),I sensori non sono ovunque (e i microclimi sono subdoli),Sensoren zijn niet overal (en microklimaten zijn stiekem),Czujniki nie są wszędzie (a mikroklimaty są podstępne),Sensörler her yerde değil (ve mikro iklimler sinsi),Sensorer finns inte överallt (och mikroklimat är lömska),"Line 89: <h2 className=""mt-8"">Sensors aren’t everywhere (and microclimates are sneaky)</h",whether-weather,heading
whether-weather.heading.instrument_quirks_patchy_data__64,Instrument quirks & patchy data sharing,Peculiaridades de los instrumentos y datos incompletos,Particularités des instruments et données parcellaires,Peculiaridades dos instrumentos e dados incompletos,Instrumenteneigenheiten und lückenhafte Daten,Peculiarità degli strumenti e dati frammentari,Instrumenteigenaardigheden en onvolledige gegevens,Dziwactwa instrumentów i niekompletne dane,Alet tuhaflıkları ve eksik veri paylaşımı,Instrumentegenheter och ojämn datadelning,"Line 103: <h2 className=""mt-8"">Instrument quirks & patchy data sharing</h2>",whether-weather,heading
whether-weather.heading.models_smooth_the_world_and_mi_65,Models smooth the world (and miss the cheeky bits),Los modelos suavizan el mundo (y pierden los detalles),Les modèles lissent le monde (et ratent les détails),Os modelos suavizam o mundo (e perdem os detalhes),Modelle glätten die Welt (und verpassen die Details),I modelli levigano il mondo (e perdono i dettagli),Modellen smoothen de wereld (en missen de details),Modele wygładzają świat (i tracą szczegóły),Modeller dünyayı yumuşatır (ve detayları kaçırır),Modeller jämnar ut världen (och missar detaljerna),"Line 113: <h2 className=""mt-8"">Models smooth the world (and miss the cheeky bits)</h2>",whether-weather,heading
whether-weather.heading.a_dash_of_politics_66,A dash of politics,Un toque de política,Une touche de politique,Um toque de política,Ein Hauch von Politik,Un tocco di politica,Een vleugje politiek,Odrobina polityki,Bir tutam politika,En gnutta politik,"Line 124: <h2 className=""mt-8"">A dash of politics</h2>",whether-weather,heading
whether-weather.heading.how_to_keep_calm_and_weather_o_67,How to keep calm and weather on,Cómo mantener la calma y seguir adelante,Comment rester calme et continuer,Como manter a calma e seguir em frente,Wie man ruhig bleibt und weitermacht,Come mantenere la calma e andare avanti,Hoe je kalm blijft en doorgaat,Jak zachować spokój i iść dalej,Sakin kalıp devam etmek,Hur man håller sig lugn och fortsätter,"Line 140: <h2 className=""mt-8"">How to keep calm and weather on</h2>",whether-weather,heading
whether-weather.heading.quick_practice_70,Quick practice,Práctica rápida,Exercice rapide,Prática rápida,Schnelle Übung,Esercizio rapido,Snelle oefening,Szybka praktyka,Hızlı pratik,Snabb övning,"Line 159: <h3 className=""card-title text-base text-base-content""><Zap className=""w-4 h-4""/",whether-weather,heading
whether-weather.paragraph.pick_two_forecast_apps_and_com_71,Pick two forecast apps and compare their next‑24‑hour outlook; note which one handles showers best in your area.,Elige dos apps de pronóstico y compara sus previsiones para las próximas 24 horas.,Choisissez deux applis météo et comparez leurs prévisions sur 24 heures.,Escolhe duas apps de previsão e compara as suas previsões para as próximas 24 horas.,Wähle zwei Wetter-Apps und vergleiche ihre 24-Stunden-Vorhersage.,Scegli due app meteo e confronta le loro previsioni per le prossime 24 ore.,Kies twee weer-apps en vergelijk hun 24-uurs voorspelling.,Wybierz dwie aplikacje pogodowe i porównaj ich prognozy na 24 godziny.,İki hava durumu uygulaması seçin ve 24 saatlik tahminlerini karşılaştırın.,Välj två väderappar och jämför deras 24-timmarsprognoser.,"Line 160: <p className=""text-sm text-base-content/70"">Pick two forecast apps and compare t",whether-weather,paragraph
whether-weather.heading.local_cues_74,Local cues,Señales locales,Indices locaux,Sinais locais,Lokale Hinweise,Indizi locali,Lokale aanwijzingen,Lokalne wskazówki,Yerel ipuçları,Lokala ledtrådar,"Line 165: <h3 className=""card-title text-base text-base-content""><Wind className=""w-4 h-4""",whether-weather,heading
whether-weather.paragraph.watch_flags_tree_tops_hills_an_75,"Watch flags, tree‑tops, hills and sea‑breeze patterns—your microclimate has tells the grid might miss.","Observa banderas, copas de árboles, colinas y patrones de brisa marina—tu microclima tiene señales.","Observez les drapeaux, les cimes des arbres, les collines et les brises marines—votre microclimat a des indices.","Observa bandeiras, copas das árvores, colinas e padrões de brisa marítima—o teu microclima tem sinais.","Beobachte Flaggen, Baumkronen, Hügel und Seewind-Muster—dein Mikroklima hat Zeichen.","Osserva bandiere, cime degli alberi, colline e brezze marine—il tuo microclima ha segnali.","Let op vlaggen, boomtoppen, heuvels en zeebries-patronen—jouw microklimaat heeft signalen.","Obserwuj flagi, korony drzew, wzgórza i wzorce bryzy morskiej—twój mikroklimat ma sygnały.","Bayrakları, ağaç tepelerini, tepeleri ve deniz esintisi kalıplarını izleyin—mikro ikliminizin işaretleri var.","Titta på flaggor, trädtoppar, kullar och sjöbrismönster—ditt mikroklimat har tecken.","Line 166: <p className=""text-sm text-base-content/70"">Watch flags, tree‑tops, hills and se",whether-weather,paragraph
aboutus.heading.about_us_78,About Us,Sobre nosotros,À propos,Sobre nós,Über uns,Chi siamo,Over ons,O nas,Hakkımızda,Om oss,"Line 16: <h1 className=""text-4xl font-bold mb-6"">About Us</h1>",AboutUs,heading
aboutus.label.bruno_enjoying_the_river_79,Bruno enjoying the river,Bruno disfrutando del río,Bruno profitant de la rivière,Bruno a aproveitar o rio,Bruno genießt den Fluss,Bruno si gode il fiume,Bruno geniet van de rivier,Bruno cieszy się rzeką,Bruno nehrin tadını çıkarıyor,Bruno njuter av floden,"Line 21: alt=""Bruno enjoying the river""",AboutUs,label
aboutus.label.bruno_chief_happiness_officer_80,"Bruno, Chief Happiness Officer","Bruno, Director de Felicidad","Bruno, Directeur du Bonheur","Bruno, Diretor de Felicidade","Bruno, Chief Happiness Officer","Bruno, Responsabile della Felicità","Bruno, Chief Happiness Officer","Bruno, Dyrektor ds. Szczęścia","Bruno, Mutluluk Sorumlusu","Bruno, Lyckoansvarig","Line 26: <span className=""text-secondary mt-4 text-lg font-semibold"">Bruno, Chief Happine",AboutUs,label
aboutus.label.go_daisy_81,Go Daisy,Go Daisy,Go Daisy,Go Daisy,Go Daisy,Go Daisy,Go Daisy,Go Daisy,Go Daisy,Go Daisy,Line 30: Welcome to <strong>Go Daisy</strong> — where it’s pretty much just one man and h,AboutUs,label
aboutus.label.get_people_off_their_phones_82,get people off their phones,hacer que la gente deje el móvil,inciter les gens à lâcher leur téléphone,tirar as pessoas do telemóvel,Menschen vom Handy weglocken,far staccare le persone dal telefono,mensen van hun telefoon krijgen,oderwać ludzi od telefonów,insanları telefonlarından uzaklaştırmak,få folk att lägga ner telefonerna,"Line 42: not just to predict or inform, but to <em>get people off their phones</em> and b",AboutUs,label
activities.label._indoor_85,🛋️ indoor,🛋️ interior,🛋️ intérieur,🛋️ interior,🛋️ drinnen,🛋️ al chiuso,🛋️ binnen,🛋️ w pomieszczeniu,🛋️ iç mekan,🛋️ inomhus,Line 311: <>🛋️ indoor</>,activities,label
activities.label._offseason_86,🍂 offseason,🍂 fuera de temporada,🍂 hors saison,🍂 fora de época,🍂 Nebensaison,🍂 fuori stagione,🍂 buiten seizoen,🍂 poza sezonem,🍂 sezon dışı,🍂 lågsäsong,Line 313: <>🍂 offseason</>,activities,label
activities.label._but_still_an_option_if_you_87,")}, but still an option if you",—,—,—,—,—,—,—,—,—,Line 334: `Not ideal weather for ${activity?.name || (activityId ? activityId.replace(/_/g,activities,label
activities.label.snow_advisory_90,Snow advisory,Aviso de nieve,Alerte neige,Aviso de neve,Schneewarnung,Avviso neve,Sneeuwwaarschuwing,Ostrzeżenie śnieżne,Kar uyarısı,Snövarning,Line 346: <Image src={String(snow.level).startsWith('snowfall_') ? '/weather-icons/design/,activities,label
activities.label.forecast_days_97,Forecast days,Días de pronóstico,Jours de prévision,Dias de previsão,Vorhersagetage,Giorni di previsione,Voorspellingsdagen,Dni prognozy,Tahmin günleri,Prognosdagar,"Line 570: aria-label=""Forecast days""",activities,label
activities.label.available_option_104,Available option,Opción disponible,Option disponible,Opção disponível,Verfügbare Option,Opzione disponibile,Beschikbare optie,Dostępna opcja,Mevcut seçenek,Tillgängligt alternativ,"Line 929: evaluation: 'Available option',",activities,label
activities.paragraph.conditions_vary_but_available__105,"Conditions vary, but available based on your interests","Las condiciones varían, pero disponible según tus intereses","Les conditions varient, mais disponible selon vos intérêts","As condições variam, mas disponível com base nos teus interesses","Bedingungen variieren, aber verfügbar basierend auf deinen Interessen","Le condizioni variano, ma disponibile in base ai tuoi interessi","Omstandigheden variëren, maar beschikbaar op basis van je interesses","Warunki się różnią, ale dostępne na podstawie Twoich zainteresowań","Koşullar değişir, ancak ilgi alanlarınıza göre mevcut","Förhållandena varierar, men tillgängligt baserat på dina intressen","Line 930: reasoning: 'Conditions vary, but available based on your interests',",activities,paragraph
activities.label.loading_your_activities_107,Loading your activities,Cargando tus actividades,Chargement de vos activités,A carregar as tuas atividades,Lade deine Aktivitäten,Caricamento delle tue attività,Je activiteiten laden,Ładowanie Twoich aktywności,Aktiviteleriniz yükleniyor,Laddar dina aktiviteter,"Line 980: <span className=""ml-3 text-base-content/80"">Loading your activities</span>",activities,label
activities.paragraph.browse_all_your_selected_activ_108,"Browse all your selected activities with detailed weather conditions, scores, and recommendations for the next 8 days.","Explora todas tus actividades con condiciones meteorológicas detalladas, puntuaciones y recomendaciones para los próximos 8 días.","Parcourez toutes vos activités avec les conditions météo détaillées, scores et recommandations pour les 8 prochains jours.","Explora todas as tuas atividades com condições meteorológicas detalhadas, pontuações e recomendações para os próximos 8 dias.","Durchsuche alle deine Aktivitäten mit detaillierten Wetterbedingungen, Bewertungen und Empfehlungen für die nächsten 8 Tage.","Esplora tutte le tue attività con condizioni meteo dettagliate, punteggi e consigli per i prossimi 8 giorni.","Bekijk al je activiteiten met gedetailleerde weersomstandigheden, scores en aanbevelingen voor de komende 8 dagen.","Przeglądaj wszystkie swoje aktywności ze szczegółowymi warunkami pogodowymi, ocenami i rekomendacjami na najbliższe 8 dni.","Tüm aktivitelerinizi detaylı hava koşulları, puanlar ve önümüzdeki 8 gün için önerilerle inceleyin.","Bläddra bland alla dina aktiviteter med detaljerade väderförhållanden, betyg och rekommendationer för de kommande 8 dagarna.","Line 993: description=""Browse all your selected activities with detailed weather condition",activities,paragraph
activities.heading.location_required_110,Location Required,Ubicación requerida,Emplacement requis,Localização necessária,Standort erforderlich,Posizione richiesta,Locatie vereist,Wymagana lokalizacja,Konum gerekli,Plats krävs,"Line 1016: <h2 style={{ color: '#dc2626', marginBottom: '0.5rem' }}>Location Required</h2>",activities,heading
weather.heading.precip_next_24_hours_117,Precip next 24 hours,Precipitación próximas 24h,Précip. prochaines 24h,Precip. próximas 24h,Niederschlag nächste 24h,Precip. prossime 24h,Neerslag komende 24u,Opady w ciągu 24h,Önümüzdeki 24 saatte yağış,Nederbörd nästa 24h,"Line 108: <h3 className=""card__header-title text-sm font-semibold mb-2"">Precip next 24 hou",weather,heading
weather.label._span_span_classname__118,></span><span className=,—,—,—,—,—,—,—,—,—,"Line 109: <div className=""flex items-center py-2""><span className=""loading loading-ring lo",weather,label
weather.label._return_121,)) return,—,—,—,—,—,—,—,—,—,Line 162: if (description.includes('thunder')) return 'storm';,weather,label
weather.label.very_rough_129,Very rough,Muy agitado,Très agitée,Muito agitado,Sehr rau,Molto mosso,Zeer ruw,Bardzo wzburzone,Çok dalgalı,Mycket grov,Line 206: if (h < 4.00) return 'Very rough';,weather,label
weather.label.stormy_seas_130,Stormy seas,Mar tormentoso,Mer tempétueuse,Mar tempestuoso,Stürmische See,Mare in tempesta,Stormachtige zee,Sztormowe morze,Fırtınalı deniz,Stormigt hav,Line 208: return 'Stormy seas';,weather,label
weather.label.set_your_home_location_147,Set your home location,Establece tu ubicación,Définissez votre emplacement,Define a tua localização,Lege deinen Standort fest,Imposta la tua posizione,Stel je locatie in,Ustaw swoją lokalizację,Konumunuzu ayarlayın,Ange din plats,"Line 493: title=""Set your home location""",weather,label
weather.label.set_your_beach_location_148,Set your beach location,Establece tu playa,Définissez votre plage,Define a tua praia,Lege deinen Strand fest,Imposta la tua spiaggia,Stel je strand in,Ustaw swoją plażę,Plajınızı ayarlayın,Ange din strand,"Line 507: title=""Set your beach location""",weather,label
weather.label.weather_data_error_149,Weather data error,Error de datos meteorológicos,Erreur de données météo,Erro nos dados meteorológicos,Wetterdaten-Fehler,Errore dati meteo,Weerdata fout,Błąd danych pogodowych,Hava durumu veri hatası,Väderdata-fel,"Line 554: <span className=""font-semibold"">Weather data error</span>",weather,label
weather.label.surf_marine_conditions_150,Surf & Marine Conditions,Condiciones de surf y mar,Conditions surf et marine,Condições de surf e mar,Surf- und Meeresbedingungen,Condizioni surf e mare,Surf- en zeeomstandigheden,Warunki surfowe i morskie,Sörf ve deniz koşulları,Surf- och havsförhållanden,"Line 567: <SectionHeader icon=""🌊"" title=""Surf & Marine Conditions"" />",weather,label
weather.label.next_few_days_160,Next Few Days,Próximos días,Prochains jours,Próximos dias,Nächste Tage,Prossimi giorni,Komende dagen,Najbliższe dni,Önümüzdeki günler,Närmaste dagarna,"Line 630: <Safe fallback={<Card title=""Next Few Days""><div className=""flex items-center py",weather,label
weather.label.atmospheric_conditions_163,Atmospheric Conditions,Condiciones atmosféricas,Conditions atmosphériques,Condições atmosféricas,Atmosphärische Bedingungen,Condizioni atmosferiche,Atmosferische omstandigheden,Warunki atmosferyczne,Atmosferik koşullar,Atmosfäriska förhållanden,"Line 648: <SectionHeader icon=""🌡️"" title=""Atmospheric Conditions"" />",weather,label
weather.label.feels_like_168,Feels Like,Sensación térmica,Ressenti,Sensação térmica,Gefühlt wie,Percepita,Gevoelstemperatuur,Odczuwalna,Hissedilen,Känns som,"Line 653: <Safe fallback={<Card title=""Feels Like""><div className=""flex items-center py-2""",weather,label
weather.label.precip_next_24h_170,Precip next 24h,Precip. próximas 24h,Précip. prochaines 24h,Precip. próximas 24h,Niederschlag nächste 24h,Precip. prossime 24h,Neerslag komende 24u,Opady w ciągu 24h,Önümüzdeki 24 saatte yağış,Nederbörd nästa 24h,"Line 668: title=""Precip next 24h""",weather,label
weather.label.visibility_comfort_171,Visibility & Comfort,Visibilidad y confort,Visibilité et confort,Visibilidade e conforto,Sicht und Komfort,Visibilità e comfort,Zicht en comfort,Widoczność i komfort,Görüş ve konfor,Sikt och komfort,"Line 683: <SectionHeader icon=""👁️"" title=""Visibility & Comfort"" />",weather,label
weather.label.environment_astronomy_172,Environment & Astronomy,Entorno y astronomía,Environnement et astronomie,Ambiente e astronomia,Umwelt und Astronomie,Ambiente e astronomia,Omgeving en astronomie,Środowisko i astronomia,Çevre ve astronomi,Miljö och astronomi,"Line 697: <SectionHeader icon=""🌙"" title=""Environment & Astronomy"" />",weather,label
weather.label.current_forecast_173,Current & Forecast,Actual y pronóstico,Actuel et prévisions,Atual e previsão,Aktuell und Vorhersage,Attuale e previsioni,Huidig en voorspelling,Teraz i prognoza,Şu an ve tahmin,Nu och prognos,"Line 726: <SectionHeader icon=""⛅"" title=""Current & Forecast"" />",weather,label
weather.label.multi_day_forecast_176,Multi-Day Forecast,Pronóstico extendido,Prévisions étendues,Previsão alargada,Mehrtagesvorhersage,Previsioni estese,Meerdaagse voorspelling,Prognoza wielodniowa,Çok günlü tahmin,Flerdagsprognos,"Line 792: <SectionHeader icon=""📅"" title=""Multi-Day Forecast"" />",weather,label
weather.label.sunrise_sunset_179,Sunrise & Sunset,Amanecer y atardecer,Lever et coucher du soleil,Nascer e pôr do sol,Sonnenauf- und -untergang,Alba e tramonto,Zonsopgang en -ondergang,Wschód i zachód słońca,Gün doğumu ve batımı,Soluppgång och solnedgång,"Line 799: <Safe fallback={<Card title=""Sunrise & Sunset""><div className=""flex items-center",weather,label
weather.label.atmospheric_environment_181,Atmospheric & Environment,Atmósfera y entorno,Atmosphère et environnement,Atmosfera e ambiente,Atmosphäre und Umwelt,Atmosfera e ambiente,Atmosfeer en omgeving,Atmosfera i środowisko,Atmosfer ve çevre,Atmosfär och miljö,"Line 807: <SectionHeader icon=""🌡️"" title=""Atmospheric & Environment"" />",weather,label
weather.paragraph.weather_gods_what_have_you_got_196,"Weather gods, what have you got for us mortals?","Dioses del tiempo, ¿qué nos tenéis preparado a los mortales?","Dieux de la météo, qu'avez-vous prévu pour nous autres mortels ?","Deuses do tempo, o que têm para nós mortais?","Wettergötter, was habt ihr für uns Sterbliche?","Dei del meteo, cosa avete in serbo per noi mortali?","Weergoden, wat hebben jullie voor ons stervelingen?","Bogowie pogody, co macie dla nas śmiertelników?","Hava tanrıları, biz faniler için neler var?","Vädergudarna, vad har ni för oss dödliga?","Line 915: <span className=""opacity-80"">Weather gods, what have you got for us mortals?</sp",weather,paragraph
weather.label.text_xl_md_text_2xl_capitalize_200,text-xl md:text-2xl capitalize,—,—,—,—,—,—,—,—,—,"Line 955: <div className=""text-xl md:text-2xl capitalize"">{condition}</div>",weather,label
weather.paragraph.communing_with_the_weather_god_205,Communing with the weather gods...,Consultando a los dioses del tiempo...,Consultation des dieux de la météo...,A consultar os deuses do tempo...,Befrage die Wettergötter...,Consultando gli dei del meteo...,De weergoden raadplegen...,Konsultacja z bogami pogody...,Hava tanrılarına danışılıyor...,Konsulterar vädergudarna...,"Line 988: <span className=""ml-2 opacity-70"">Communing with the weather gods...</span>",weather,paragraph
weather.label.wind_beaufort__207,Wind (Beaufort),Viento (Beaufort),Vent (Beaufort),Vento (Beaufort),Wind (Beaufort),Vento (Beaufort),Wind (Beaufort),Wiatr (Beaufort),Rüzgar (Beaufort),Vind (Beaufort),"Line 1097: <Image src={beaufortIconPath(w.windSpeedMS)} alt=""Wind (Beaufort)"" width={60} he",weather,label
weather.label.unable_to_determine_air_qualit_217,Unable to determine air quality,No se puede determinar la calidad del aire,Impossible de déterminer la qualité de l'air,Não foi possível determinar a qualidade do ar,Luftqualität nicht bestimmbar,Impossibile determinare la qualità dell'aria,Luchtkwaliteit niet te bepalen,Nie można określić jakości powietrza,Hava kalitesi belirlenemiyor,Kan inte fastställa luftkvalitet,"Line 1268: function _getAQIAdvice(aqi?: number): string { if (!aqi) return ""Unable to deter",weather,label
weather.label.enjoy_outdoor_activities_218,Enjoy outdoor activities,Disfruta de actividades al aire libre,Profitez des activités en plein air,Desfruta de atividades ao ar livre,Genieße Outdoor-Aktivitäten,Goditi le attività all'aperto,Geniet van buitenactiviteiten,Ciesz się aktywnościami na świeżym powietrzu,Açık hava aktivitelerinin tadını çıkarın,Njut av utomhusaktiviteter,"Line 1268: function _getAQIAdvice(aqi?: number): string { if (!aqi) return ""Unable to deter",weather,label
weather.label.consider_reducing_prolonged_ou_219,Consider reducing prolonged outdoor activities,Considera reducir actividades prolongadas al aire libre,Envisagez de réduire les activités prolongées en extérieur,Considera reduzir atividades prolongadas ao ar livre,"Erwäge, längere Outdoor-Aktivitäten zu reduzieren",Considera di ridurre le attività prolungate all'aperto,Overweeg langdurige buitenactiviteiten te beperken,Rozważ ograniczenie długotrwałych aktywności na zewnątrz,Uzun süreli açık hava aktivitelerini azaltmayı düşünün,Överväg att minska långvariga utomhusaktiviteter,"Line 1268: function _getAQIAdvice(aqi?: number): string { if (!aqi) return ""Unable to deter",weather,label
weather.paragraph.limit_outdoor_activities_espec_220,"Limit outdoor activities, especially for sensitive groups","Limita las actividades al aire libre, especialmente para grupos sensibles","Limitez les activités en extérieur, surtout pour les personnes sensibles","Limita atividades ao ar livre, especialmente para grupos sensíveis","Begrenze Outdoor-Aktivitäten, besonders für empfindliche Gruppen","Limita le attività all'aperto, specialmente per i gruppi sensibili","Beperk buitenactiviteiten, vooral voor gevoelige groepen","Ogranicz aktywności na zewnątrz, szczególnie dla grup wrażliwych","Açık hava aktivitelerini sınırlayın, özellikle hassas gruplar için","Begränsa utomhusaktiviteter, särskilt för känsliga grupper","Line 1268: function _getAQIAdvice(aqi?: number): string { if (!aqi) return ""Unable to deter",weather,paragraph
weather.label.avoid_outdoor_activities_221,Avoid outdoor activities,Evita actividades al aire libre,Évitez les activités en extérieur,Evita atividades ao ar livre,Vermeide Outdoor-Aktivitäten,Evita le attività all'aperto,Vermijd buitenactiviteiten,Unikaj aktywności na zewnątrz,Açık hava aktivitelerinden kaçının,Undvik utomhusaktiviteter,"Line 1268: function _getAQIAdvice(aqi?: number): string { if (!aqi) return ""Unable to deter",weather,label
weather.label.stay_indoors_222,Stay indoors,Quédate en casa,Restez à l'intérieur,Fica em casa,Bleib drinnen,Resta in casa,Blijf binnen,Zostań w domu,İçeride kalın,Stanna inomhus,"Line 1268: function _getAQIAdvice(aqi?: number): string { if (!aqi) return ""Unable to deter",weather,label
weather.label.no_pollen_data_available_223,No pollen data available,Sin datos de polen,Pas de données pollen,Sem dados de pólen,Keine Pollendaten verfügbar,Nessun dato sui pollini,Geen pollendata beschikbaar,Brak danych o pyłkach,Polen verisi yok,Ingen pollendata tillgänglig,"Line 1270: if (!pollen) return ""No pollen data available"";",weather,label
weather.label.no_pollen_data_226,No pollen data,Sin datos de polen,Pas de données pollen,Sem dados de pólen,Keine Pollendaten,Nessun dato pollini,Geen pollendata,Brak danych o pyłkach,Polen verisi yok,Ingen pollendata,"Line 1272: if (levels.length === 0) return ""No pollen data"";",weather,label
weather.label.monitor_local_pollen_reports_227,Monitor local pollen reports,Consulta los informes locales de polen,Consultez les bulletins polliniques locaux,Consulta os relatórios locais de pólen,Beachte lokale Pollenberichte,Consulta i bollettini pollinici locali,Raadpleeg lokale pollenberichten,Sprawdzaj lokalne raporty pyłkowe,Yerel polen raporlarını takip edin,Följ lokala pollenrapporter,"Line 1281: if (!pollen) return ""Monitor local pollen reports"";",weather,label
weather.paragraph.perfect_conditions_for_outdoor_228,Perfect conditions for outdoor activities. Minimal allergy symptoms expected.,Condiciones perfectas para actividades al aire libre. Síntomas alérgicos mínimos.,Conditions parfaites pour les activités en plein air. Symptômes allergiques minimaux.,Condições perfeitas para atividades ao ar livre. Sintomas alérgicos mínimos.,Perfekte Bedingungen für Outdoor-Aktivitäten. Minimale Allergiesymptome erwartet.,Condizioni perfette per attività all'aperto. Sintomi allergici minimi previsti.,Perfecte omstandigheden voor buitenactiviteiten. Minimale allergiesymptomen verwacht.,Idealne warunki do aktywności na świeżym powietrzu. Minimalne objawy alergii.,Açık hava aktiviteleri için mükemmel koşullar. Minimum alerji belirtisi bekleniyor.,Perfekta förhållanden för utomhusaktiviteter. Minimala allergisymptom förväntas.,"Line 1283: if (maxLevel <= 1) return ""Perfect conditions for outdoor activities. Minimal al",weather,paragraph
weather.paragraph.generally_safe_outdoors_sensit_229,Generally safe outdoors. Sensitive individuals may experience mild symptoms.,Generalmente seguro al aire libre. Las personas sensibles pueden experimentar síntomas leves.,Généralement sûr en extérieur. Les personnes sensibles peuvent ressentir des symptômes légers.,Geralmente seguro ao ar livre. Pessoas sensíveis podem ter sintomas ligeiros.,Generell sicher draußen. Empfindliche Personen können leichte Symptome haben.,Generalmente sicuro all'aperto. Le persone sensibili potrebbero avere sintomi lievi.,Over het algemeen veilig buiten. Gevoelige personen kunnen milde symptomen ervaren.,Ogólnie bezpiecznie na zewnątrz. Osoby wrażliwe mogą odczuwać łagodne objawy.,Genellikle dışarıda güvenli. Hassas bireyler hafif belirtiler yaşayabilir.,Generellt säkert utomhus. Känsliga individer kan uppleva milda symtom.,"Line 1284: if (maxLevel === 2) return ""Generally safe outdoors. Sensitive individuals may e",weather,paragraph
weather.label.local_spot_233,Local Spot,Lugar local,Spot local,Local,Lokaler Spot,Spot locale,Lokale spot,Lokalne miejsce,Yerel nokta,Lokal plats,Line 1324: name: 'Local Spot',weather,label
faqs.heading.go_daisy_frequently_asked_ques_237,Go Daisy — Frequently Asked Questions,Go Daisy — Preguntas frecuentes,Go Daisy — Questions fréquentes,Go Daisy — Perguntas frequentes,Go Daisy — Häufig gestellte Fragen,Go Daisy — Domande frequenti,Go Daisy — Veelgestelde vragen,Go Daisy — Często zadawane pytania,Go Daisy — Sık Sorulan Sorular,Go Daisy — Vanliga frågor,"Line 29: <h2 className=""card-title"">Go Daisy — Frequently Asked Questions</h2>",FAQs,heading
faqs.label.wave_size_238,wave size,altura de ola,taille des vagues,tamanho das ondas,Wellenhöhe,dimensione delle onde,golfgrootte,wielkość fal,dalga boyutu,vågstorlek,"Line 35: We blend the main ingredients of good surf — <b>wave size</b>, <b>period</b>, <b",FAQs,label
faqs.label.swell_direction_239,swell direction,dirección del oleaje,direction de la houle,direção da ondulação,Swellrichtung,direzione del moto ondoso,deiningrichting,kierunek fali,dalga yönü,svallriktning,"Line 35: We blend the main ingredients of good surf — <b>wave size</b>, <b>period</b>, <b",FAQs,label
faqs.paragraph._fun_clean_and_safe_for_interm_241,"— fun, clean and safe for intermediates.","— divertido, limpio y seguro para intermedios.","— fun, propre et sûr pour les intermédiaires.","— divertido, limpo e seguro para intermédios.","— spaßig, sauber und sicher für Fortgeschrittene.","— divertente, pulito e sicuro per intermedi.","— leuk, schoon en veilig voor gemiddelden.","— zabawne, czyste i bezpieczne dla średnio zaawansowanych.","— orta seviyeler için eğlenceli, temiz ve güvenli.","— kul, rent och säkert för medelnivå.","Line 38: <li><b>Green</b> — fun, clean and safe for intermediates.</li>",FAQs,paragraph
faqs.paragraph._surfable_but_mixed_wind_tide__242,— surfable but mixed (wind/tide/consistency may be off).,— surfeable pero irregular (viento/marea/consistencia pueden fallar).,— surfable mais mitigé (vent/marée/régularité peuvent varier).,— surfável mas misto (vento/maré/consistência podem falhar).,— surfbar aber gemischt (Wind/Tide/Konsistenz können schwanken).,— surfabile ma misto (vento/marea/consistenza possono variare).,— surfbaar maar wisselend (wind/getij/consistentie kunnen tegenvallen).,"— do surfowania, ale niestabilne (wiatr/przypływ/spójność mogą zawodzić).",— sörf yapılabilir ama karışık (rüzgar/gelgit/tutarlılık değişebilir).,— surfbart men blandat (vind/tidvatten/jämnhet kan variera).,Line 39: <li><b>Amber</b> — surfable but mixed (wind/tide/consistency may be off).</li>,FAQs,paragraph
faqs.paragraph._poor_or_unsafe_for_non_expert_243,— poor or unsafe for non-experts.,— malo o inseguro para no expertos.,— mauvais ou dangereux pour les non-experts.,— mau ou inseguro para não especialistas.,— schlecht oder unsicher für Nicht-Experten.,— scarso o non sicuro per non esperti.,— slecht of onveilig voor niet-experts.,— słabe lub niebezpieczne dla nieprofesjonalistów.,— uzman olmayanlar için kötü veya güvensiz.,— dåligt eller osäkert för icke-experter.,Line 40: <li><b>Red</b> — poor or unsafe for non-experts.</li>,FAQs,paragraph
faqs.label.safety_gates_244,safety gates,filtros de seguridad,filtres de sécurité,filtros de segurança,Sicherheitsfilter,filtri di sicurezza,veiligheidsfilters,filtry bezpieczeństwa,güvenlik filtreleri,säkerhetsfilter,Line 43: We apply strict <b>safety gates</b> so conditions that are too large or powerful,FAQs,label
faqs.label.stormglass_tides_api_245,Stormglass Tides API,API de mareas Stormglass,API Stormglass Tides,API Stormglass Tides,Stormglass Tides API,API Stormglass Tides,Stormglass Tides API,API Stormglass Tides,Stormglass Tides API,Stormglass Tides API,Line 43: We apply strict <b>safety gates</b> so conditions that are too large or powerful,FAQs,label
faqs.heading.where_does_the_data_come_from__246,Where does the data come from?,¿De dónde vienen los datos?,D'où viennent les données ?,De onde vêm os dados?,Woher kommen die Daten?,Da dove vengono i dati?,Waar komen de gegevens vandaan?,Skąd pochodzą dane?,Veriler nereden geliyor?,Var kommer data ifrån?,"Line 48: <Item title=""Where does the data come from?"">",FAQs,heading
faqs.paragraph.stormglass_tides_api_queried_s_247,Stormglass Tides API (queried separately for accuracy).,API de mareas Stormglass (consultada por separado para mayor precisión).,API Stormglass Tides (interrogée séparément pour plus de précision).,API Stormglass Tides (consultada separadamente para maior precisão).,Stormglass Tides API (separat abgefragt für Genauigkeit).,API Stormglass Tides (interrogata separatamente per precisione).,Stormglass Tides API (apart opgevraagd voor nauwkeurigheid).,API Stormglass Tides (odpytywane oddzielnie dla dokładności).,Stormglass Tides API (doğruluk için ayrı olarak sorgulanır).,Stormglass Tides API (hämtas separat för noggrannhet).,Line 51: <li><b>Tides:</b> Stormglass Tides API (queried separately for accuracy).</li>,FAQs,paragraph
faqs.paragraph.beach_orientation_tide_windows_248,"beach orientation, tide windows and local notes stored in Go Daisy.","orientación de la playa, ventanas de marea y notas locales almacenadas en Go Daisy.","orientation de la plage, fenêtres de marée et notes locales stockées dans Go Daisy.","orientação da praia, janelas de maré e notas locais armazenadas no Go Daisy.","Strandausrichtung, Gezeitenfenster und lokale Notizen in Go Daisy gespeichert.","orientamento della spiaggia, finestre di marea e note locali memorizzate in Go Daisy.","strandoriëntatie, getijvensters en lokale notities opgeslagen in Go Daisy.","orientacja plaży, okna przypływów i lokalne notatki przechowywane w Go Daisy.","plaj yönü, gelgit pencereleri ve yerel notlar Go Daisy'de saklanır.","strandorientering, tidvattenfönster och lokala anteckningar lagrade i Go Daisy.","Line 52: <li><b>Spot metadata:</b> beach orientation, tide windows and local notes stored",FAQs,paragraph
faqs.heading.how_often_is_the_forecast_upda_249,How often is the forecast updated?,¿Con qué frecuencia se actualiza el pronóstico?,À quelle fréquence les prévisions sont-elles mises à jour ?,Com que frequência a previsão é atualizada?,Wie oft wird die Vorhersage aktualisiert?,Con quale frequenza vengono aggiornate le previsioni?,Hoe vaak wordt de voorspelling bijgewerkt?,Jak często aktualizowana jest prognoza?,Tahmin ne sıklıkla güncellenir?,Hur ofta uppdateras prognosen?,"Line 60: <Item title=""How often is the forecast updated?"">",FAQs,heading
faqs.heading.what_if_the_beach_orientation__250,What if the beach orientation isn’t known?,¿Qué pasa si no se conoce la orientación de la playa?,Et si l'orientation de la plage n'est pas connue ?,E se a orientação da praia não for conhecida?,"Was, wenn die Strandausrichtung nicht bekannt ist?",E se l'orientamento della spiaggia non è noto?,Wat als de strandoriëntatie niet bekend is?,Co jeśli orientacja plaży nie jest znana?,Plaj yönü bilinmiyorsa ne olur?,Vad händer om strandorienteringen inte är känd?,"Line 67: <Item title=""What if the beach orientation isn’t known?"">",FAQs,heading
faqs.heading.why_do_tides_matter_so_much__251,Why do tides matter so much?,¿Por qué importan tanto las mareas?,Pourquoi les marées sont-elles si importantes ?,Por que as marés são tão importantes?,Warum sind Gezeiten so wichtig?,Perché le maree sono così importanti?,Waarom zijn getijden zo belangrijk?,Dlaczego przypływy są tak ważne?,Gelgitler neden bu kadar önemli?,Varför är tidvatten så viktigt?,"Line 74: <Item title=""Why do tides matter so much?"">",FAQs,heading
faqs.label.tide_safety_flags_252,tide safety flags,indicadores de seguridad de marea,indicateurs de sécurité des marées,indicadores de segurança de maré,Gezeitensicherheitsflags,indicatori di sicurezza delle maree,getijveiligheidsvlaggen,flagi bezpieczeństwa przypływów,gelgit güvenlik bayrakları,tidvattensäkerhetsflaggor,Line 76: Many breaks only work within a certain tide height band. Big spring ranges ampli,FAQs,label
faqs.heading.how_do_you_keep_it_safe_for_in_253,How do you keep it safe for intermediates?,¿Cómo lo mantenéis seguro para intermedios?,Comment le gardez-vous sûr pour les intermédiaires ?,Como mantêm isto seguro para intermédios?,Wie haltet ihr es sicher für Fortgeschrittene?,Come lo mantenete sicuro per gli intermedi?,Hoe houden jullie het veilig voor gemiddelden?,Jak utrzymujecie bezpieczeństwo dla średnio zaawansowanych?,Orta seviyeler için nasıl güvenli tutuyorsunuz?,Hur håller ni det säkert för medelnivå?,"Line 81: <Item title=""How do you keep it safe for intermediates?"">",FAQs,heading
faqs.heading.how_do_you_choose_the_best_hou_254,How do you choose the best hour of the day?,¿Cómo elegís la mejor hora del día?,Comment choisissez-vous la meilleure heure de la journée ?,Como escolhem a melhor hora do dia?,Wie wählt ihr die beste Stunde des Tages?,Come scegliete l'ora migliore della giornata?,Hoe kiezen jullie het beste uur van de dag?,Jak wybieracie najlepszą godzinę dnia?,Günün en iyi saatini nasıl seçiyorsunuz?,Hur väljer ni den bästa timmen på dagen?,"Line 88: <Item title=""How do you choose the best hour of the day?"">",FAQs,heading
faqs.label.green_amber_red_255,Green > Amber > Red,Verde > Ámbar > Rojo,Vert > Orange > Rouge,Verde > Âmbar > Vermelho,Grün > Gelb > Rot,Verde > Ambra > Rosso,Groen > Oranje > Rood,Zielony > Bursztynowy > Czerwony,Yeşil > Sarı > Kırmızı,Grön > Gul > Röd,"Line 90: We score each hour separately and highlight the top pick, preferring <b>Green &g",FAQs,label
faqs.heading.what_do_the_colours_mean_exact_256,What do the colours mean exactly?,¿Qué significan exactamente los colores?,Que signifient exactement les couleurs ?,O que significam exatamente as cores?,Was bedeuten die Farben genau?,Cosa significano esattamente i colori?,Wat betekenen de kleuren precies?,Co dokładnie oznaczają kolory?,Renkler tam olarak ne anlama geliyor?,Vad betyder färgerna exakt?,"Line 95: <Item title=""What do the colours mean exactly?"">",FAQs,heading
faqs.label.svg_repo_258,SVG Repo,SVG Repo,SVG Repo,SVG Repo,SVG Repo,SVG Repo,SVG Repo,SVG Repo,SVG Repo,SVG Repo,"Line 109: We stick to royalty-free libraries like <b>Lucide</b> (MIT), <b>Heroicons</b> (M",FAQs,label
faqs.paragraph._same_wave_glyph_tinted_by_sco_259,: same wave glyph tinted by score.,: mismo icono de ola coloreado según puntuación.,: même icône de vague coloré selon le score.,: mesmo ícone de onda colorido conforme pontuação.,: gleiches Wellensymbol je nach Bewertung gefärbt.,: stessa icona onda colorata in base al punteggio.,: hetzelfde golficoon gekleurd op basis van score.,: ten sam symbol fali zabarwiony według wyniku.,: puana göre renklendirilmiş aynı dalga simgesi.,: samma vågsymbol färgad efter poäng.,Line 112: <li><b>Green/Amber/Red</b>: same wave glyph tinted by score.</li>,FAQs,paragraph
faqs.paragraph._animated_phase_speed_e_g_wave_260,": animated phase speed (e.g., “waves every 10 s”).",": velocidad de fase animada (ej., olas cada 10 s).",": vitesse de phase animée (ex., vagues toutes les 10 s).",": velocidade de fase animada (ex., ondas a cada 10 s).",: animierte Phasengeschwindigkeit (z.B. Wellen alle 10 s).,": velocità di fase animata (es., onde ogni 10 s).",: geanimeerde fasesnelheid (bijv. golven elke 10 s).,: animowana prędkość fazy (np. fale co 10 s).,": animasyonlu faz hızı (ör., her 10 s'de dalga).",: animerad fashastighet (t.ex. vågor var 10:e s).,"Line 113: <li><b>Period</b>: animated phase speed (e.g., “waves every 10 s”).</li>",FAQs,paragraph
faqs.paragraph._relative_size_element_e_g_buo_261,": relative size element (e.g., buoy mast or stacked crests) to avoid confusion with period.",: elemento de tamaño relativo para evitar confusión con el período.,: élément de taille relative pour éviter la confusion avec la période.,: elemento de tamanho relativo para evitar confusão com o período.,: relatives Größenelement um Verwechslung mit der Periode zu vermeiden.,: elemento di dimensione relativa per evitare confusione con il periodo.,: relatief grootte-element om verwarring met periode te voorkomen.,: element rozmiaru względnego aby uniknąć pomylenia z okresem.,: periyotla karışıklığı önlemek için göreceli boyut öğesi.,: relativt storlekselement för att undvika förväxling med period.,"Line 114: <li><b>Height</b>: relative size element (e.g., buoy mast or stacked crests) to ",FAQs,paragraph
faqs.paragraph.is_the_design_accessible__262,Is the design accessible?,¿Es accesible el diseño?,Le design est-il accessible ?,O design é acessível?,Ist das Design barrierefrei?,Il design è accessibile?,Is het ontwerp toegankelijk?,Czy projekt jest dostępny?,Tasarım erişilebilir mi?,Är designen tillgänglig?,"Line 119: <Item title=""Is the design accessible?"">",FAQs,paragraph
faqs.paragraph.which_regions_are_supported__263,Which regions are supported?,¿Qué regiones están soportadas?,Quelles régions sont prises en charge ?,Que regiões são suportadas?,Welche Regionen werden unterstützt?,Quali regioni sono supportate?,Welke regio's worden ondersteund?,Jakie regiony są obsługiwane?,Hangi bölgeler destekleniyor?,Vilka regioner stöds?,"Line 126: <Item title=""Which regions are supported?"">",FAQs,paragraph
faqs.heading.what_data_do_you_store_about_m_264,What data do you store about me?,¿Qué datos guardáis sobre mí?,Quelles données stockez-vous sur moi ?,Que dados guardam sobre mim?,Welche Daten speichert ihr über mich?,Quali dati memorizzate su di me?,Welke gegevens slaan jullie over mij op?,Jakie dane przechowujecie o mnie?,Hakkımda hangi verileri saklıyorsunuz?,Vilka data lagrar ni om mig?,"Line 133: <Item title=""What data do you store about me?"">",FAQs,heading
faqs.label.known_limitations_265,Known limitations,Limitaciones conocidas,Limitations connues,Limitações conhecidas,Bekannte Einschränkungen,Limitazioni note,Bekende beperkingen,Znane ograniczenia,Bilinen sınırlamalar,Kända begränsningar,"Line 140: <Item title=""Known limitations"">",FAQs,label
faqs.paragraph.sandbar_shifts_can_make_otherw_266,Sandbar shifts can make otherwise “green” ingredients underperform.,Los cambios en los bancos de arena pueden hacer que ingredientes verdes rindan menos.,Les déplacements des bancs de sable peuvent faire sous-performer des ingrédients verts.,Mudanças nos bancos de areia podem fazer ingredientes verdes terem desempenho inferior.,Sandbankverschiebungen können sonst grüne Zutaten schlechter abschneiden lassen.,Gli spostamenti delle secche possono far sottoperformare ingredienti verdi.,Zandbankverschuivingen kunnen groene ingrediënten laten onderpresteren.,"Przesunięcia ławic piaskowych mogą sprawić, że zielone składniki będą działać gorzej.",Kum seti kaymaları yeşil bileşenlerin performansını düşürebilir.,Sandbanksförskjutningar kan göra att gröna ingredienser underpresterar.,Line 142: <li>Sandbar shifts can make otherwise “green” ingredients underperform.</li>,FAQs,paragraph
faqs.paragraph.extreme_events_storms_rogue_se_267,"Extreme events (storms, rogue sets) aren’t perfectly captured by any model; always use judgement on the day.",Los eventos extremos no se capturan perfectamente; usa siempre tu criterio.,Les événements extrêmes ne sont jamais parfaitement prédits ; utilisez votre jugement.,Eventos extremos não são perfeitamente captados; usa sempre o teu critério.,Extremereignisse werden von keinem Modell perfekt erfasst; nutze immer dein Urteil.,Eventi estremi non sono perfettamente catturati; usa sempre il tuo giudizio.,Extreme gebeurtenissen worden niet perfect voorspeld; gebruik je oordeel.,Ekstremalne zdarzenia nie są idealnie przewidywane; używaj własnego osądu.,Aşırı olaylar mükemmel yakalanmaz; kendi kararınızı kullanın.,Extrema händelser fångas inte perfekt; använd omdöme.,"Line 144: <li>Extreme events (storms, rogue sets) aren’t perfectly captured by any model; ",FAQs,paragraph
faqs.heading.how_can_i_give_feedback_or_rep_268,How can I give feedback or report an issue?,¿Cómo puedo dar feedback o reportar un problema?,Comment puis-je donner un retour ou signaler un problème ?,Como posso dar feedback ou reportar um problema?,Wie kann ich Feedback geben oder ein Problem melden?,Come posso dare feedback o segnalare un problema?,Hoe kan ik feedback geven of een probleem melden?,Jak mogę przekazać opinię lub zgłosić problem?,Nasıl geri bildirimde bulunabilir veya sorun bildirebilirim?,Hur kan jag ge feedback eller rapportera ett problem?,"Line 149: <Item title=""How can I give feedback or report an issue?"">",FAQs,heading
faqs.heading.what_improvements_are_coming_n_269,What improvements are coming next?,¿Qué mejoras vienen a continuación?,Quelles améliorations arrivent ensuite ?,Que melhorias vêm a seguir?,Welche Verbesserungen kommen als nächstes?,Quali miglioramenti arriveranno?,Welke verbeteringen komen er aan?,Jakie ulepszenia nadchodzą?,Sırada hangi iyileştirmeler var?,Vilka förbättringar kommer härnäst?,"Line 156: <Item title=""What improvements are coming next?"">",FAQs,heading
faqs.paragraph.rolling_out_editable_beach_ori_270,rolling out editable beach orientations plus curated tide profiles so grades respect each break’s quirks.,implementando orientaciones de playa editables y perfiles de marea curados.,déploiement d'orientations de plage modifiables et de profils de marée.,implementando orientações de praia editáveis e perfis de maré curados.,Einführung editierbarer Strandausrichtungen und kuratierter Gezeitenprofile.,implementazione di orientamenti spiaggia modificabili e profili di marea.,uitrol van bewerkbare strandoriëntaties en gecureerde getijprofielen.,wdrażanie edytowalnych orientacji plaż i kurowanych profili przypływów.,düzenlenebilir plaj yönleri ve küratörlü gelgit profilleri sunuyoruz.,rullar ut redigerbara strandorienteringar och kurerade tidvattenprofiler.,Line 161: <li><b>Spot metadata:</b> rolling out editable beach orientations plus curated t,FAQs,paragraph
faqs.paragraph.finer_control_over_units_skill_271,"finer control over units, skill presets, and favourite gear so recommendations feel bespoke.","mayor control sobre unidades, presets de habilidad y equipo favorito para recomendaciones personalizadas.","contrôle plus fin des unités, préréglages de compétence et équipement favori pour des recommandations sur mesure.","maior controlo sobre unidades, presets de habilidade e equipamento favorito para recomendações personalizadas.","feinere Kontrolle über Einheiten, Skill-Presets und Lieblingsausrüstung für maßgeschneiderte Empfehlungen.","controllo più fine su unità, preset di abilità e attrezzatura preferita per raccomandazioni personalizzate.","fijnere controle over eenheden, vaardigheidspresets en favoriete uitrusting voor op maat gemaakte aanbevelingen.","dokładniejsza kontrola nad jednostkami, presetami umiejętności i ulubionym sprzętem dla spersonalizowanych rekomendacji.","birimler, beceri ön ayarları ve favori ekipman üzerinde daha ince kontrol için özelleştirilmiş öneriler.","finare kontroll över enheter, färdighetsförval och favoritutrustring för skräddarsydda rekommendationer.","Line 162: <li><b>Personal settings:</b> finer control over units, skill presets, and favou",FAQs,paragraph
faqs.paragraph.vetted_notes_from_trusted_cont_272,"vetted notes from trusted contributors highlighting wind shelter, rip hotspots and parking tips.","notas verificadas de colaboradores de confianza sobre refugio del viento, zonas de corrientes y consejos de aparcamiento.","notes vérifiées de contributeurs de confiance sur les abris du vent, zones de courants et conseils de stationnement.","notas verificadas de colaboradores de confiança sobre abrigo do vento, zonas de correntes e dicas de estacionamento.","geprüfte Notizen von vertrauenswürdigen Mitwirkenden über Windschutz, Strömungs-Hotspots und Parktipps.","note verificate da collaboratori fidati su ripari dal vento, zone di correnti e consigli parcheggio.","geverifieerde notities van vertrouwde bijdragers over windschuilplaatsen, stroming-hotspots en parkeertips.","zweryfikowane notatki od zaufanych współtwórców o osłonach od wiatru, strefach prądów i poradach parkingowych.","güvenilir katkıda bulunanlardan rüzgar sığınağı, akıntı noktaları ve park ipuçları hakkında doğrulanmış notlar.","granskade anteckningar från betrodda bidragsgivare om vindskydd, strömhotspots och parkeringstips.",Line 165: <li><b>Local knowledge:</b> vetted notes from trusted contributors highlighting ,FAQs,paragraph
howwedoit.heading.how_do_we_do_what_we_do__273,How do we do what we do?,¿Cómo hacemos lo que hacemos?,Comment faisons-nous ce que nous faisons ?,Como fazemos o que fazemos?,"Wie machen wir das, was wir tun?",Come facciamo quello che facciamo?,Hoe doen we wat we doen?,"Jak robimy to, co robimy?",Yaptığımız işi nasıl yapıyoruz?,Hur gör vi det vi gör?,"Line 17: <h1 className=""text-4xl font-bold mb-6 text-primary"">How do we do what we do?</h",HowWeDoIt,heading
howwedoit.paragraph.illustration_of_a_person_with__274,Illustration of a person with many measuring devices watched by Bruno,Ilustración de una persona con muchos instrumentos de medición observada por Bruno,Illustration d'une personne avec de nombreux instruments de mesure observée par Bruno,Ilustração de uma pessoa com vários instrumentos de medição observada por Bruno,"Illustration einer Person mit vielen Messgeräten, beobachtet von Bruno",Illustrazione di una persona con molti strumenti di misurazione osservata da Bruno,Illustratie van een persoon met veel meetapparatuur bekeken door Bruno,Ilustracja osoby z wieloma przyrządami pomiarowymi obserwowanej przez Bruno,Bruno tarafından izlenen birçok ölçüm cihazına sahip bir kişinin illüstrasyonu,Illustration av en person med många mätinstrument iakttagen av Bruno,"Line 23: alt=""Illustration of a person with many measuring devices watched by Bruno""",HowWeDoIt,paragraph
howwedoit.label.rank_the_best_activities_for_a_277,rank the best activities for any given day,clasificar las mejores actividades para cada día,classer les meilleures activités pour chaque jour,classificar as melhores atividades para cada dia,die besten Aktivitäten für jeden Tag bewerten,classificare le migliori attività per ogni giorno,de beste activiteiten voor elke dag rangschikken,uszeregować najlepsze aktywności na dany dzień,her gün için en iyi aktiviteleri sıralamak,rangordna de bästa aktiviteterna för varje dag,Line 43: This nuanced understanding allows us to <strong>rank the best activities for any,HowWeDoIt,label
howwedoit.heading.how_the_waves_will_feel_at_any_278,how the waves will feel at any given beach,cómo se sentirán las olas en cualquier playa,comment les vagues seront ressenties sur n'importe quelle plage,como as ondas vão estar em qualquer praia,wie sich die Wellen an jedem Strand anfühlen werden,come saranno le onde su qualsiasi spiaggia,hoe de golven zullen aanvoelen op elk strand,jak fale będą się czuć na danej plaży,herhangi bir plajda dalgaların nasıl hissettireceği,hur vågorna kommer att kännas på vilken strand som helst,Line 47: Take the ocean as an example. Anyone can find out if the wind is blowing. But Go,HowWeDoIt,heading
cookiepolicy.heading.cookie_policy_284,Cookie Policy,Política de Cookies,Politique de Cookies,Política de Cookies,Cookie-Richtlinie,Politica dei Cookie,Cookiebeleid,Polityka Cookies,Çerez Politikası,Cookiepolicy,"Line 64: <h1 className=""text-4xl font-bold mb-2 text-primary"">Cookie Policy</h1>",CookiePolicy,heading
privacypolicy.heading.privacy_policy_285,Privacy Policy,Política de Privacidad,Politique de Confidentialité,Política de Privacidade,Datenschutzrichtlinie,Politica sulla Privacy,Privacybeleid,Polityka Prywatności,Gizlilik Politikası,Integritetspolicy,"Line 15: <h1 className=""text-4xl font-bold mb-6 text-primary"">Privacy Policy</h1>",PrivacyPolicy,heading
privacypolicy.heading.1_user_set_locations_only_286,1. User-Set Locations Only,1. Solo ubicaciones establecidas por el usuario,1. Uniquement les emplacements définis par l'utilisateur,1. Apenas localizações definidas pelo utilizador,1. Nur vom Nutzer festgelegte Standorte,1. Solo posizioni impostate dall'utente,1. Alleen door gebruiker ingestelde locaties,1. Tylko lokalizacje ustawione przez użytkownika,1. Yalnızca Kullanıcı Tarafından Belirlenen Konumlar,1. Endast användarinställda platser,"Line 18: <h2 className=""text-2xl font-semibold mb-2 text-secondary"">1. User-Set Locations",PrivacyPolicy,heading
privacypolicy.label.not_track_your_actual_location_287,not track your actual location automatically,no rastreamos tu ubicación real automáticamente,ne suivons pas votre position réelle automatiquement,não rastreamos a tua localização real automaticamente,verfolgen deinen tatsächlichen Standort nicht automatisch,non tracciamo automaticamente la tua posizione reale,volgen je werkelijke locatie niet automatisch,nie śledzimy automatycznie twojej rzeczywistej lokalizacji,gerçek konumunuzu otomatik olarak takip etmiyoruz,spårar inte din faktiska plats automatiskt,Line 20: We do <strong>not track your actual location automatically</strong>. You can set,PrivacyPolicy,label
privacypolicy.heading.2_use_of_data_288,2. Use of Data,2. Uso de datos,2. Utilisation des données,2. Uso de dados,2. Verwendung von Daten,2. Utilizzo dei dati,2. Gebruik van gegevens,2. Wykorzystanie danych,2. Veri Kullanımı,2. Användning av data,"Line 25: <h2 className=""text-2xl font-semibold mb-2 text-secondary"">2. Use of Data</h2>",PrivacyPolicy,heading
privacypolicy.heading.3_data_sharing_and_advertising_289,3. Data Sharing and Advertising,3. Compartición de datos y publicidad,3. Partage de données et publicité,3. Partilha de dados e publicidade,3. Datenweitergabe und Werbung,3. Condivisione dati e pubblicità,3. Gegevensdeling en advertenties,3. Udostępnianie danych i reklamy,3. Veri Paylaşımı ve Reklamcılık,3. Datadelning och reklam,"Line 32: <h2 className=""text-2xl font-semibold mb-2 text-secondary"">3. Data Sharing and A",PrivacyPolicy,heading
privacypolicy.heading.4_future_advertising_290,4. Future Advertising,4. Publicidad futura,4. Publicité future,4. Publicidade futura,4. Zukünftige Werbung,4. Pubblicità futura,4. Toekomstige advertenties,4. Przyszłe reklamy,4. Gelecekteki Reklamcılık,4. Framtida reklam,"Line 39: <h2 className=""text-2xl font-semibold mb-2 text-secondary"">4. Future Advertising",PrivacyPolicy,heading
privacypolicy.label.personalised_advertising_in_th_291,personalised advertising in the future,publicidad personalizada en el futuro,publicité personnalisée à l'avenir,publicidade personalizada no futuro,personalisierte Werbung in der Zukunft,pubblicità personalizzata in futuro,gepersonaliseerde advertenties in de toekomst,spersonalizowane reklamy w przyszłości,gelecekte kişiselleştirilmiş reklamcılık,personlig reklam i framtiden,Line 41: We reserve the right to offer <strong>personalised advertising in the future</st,PrivacyPolicy,label
privacypolicy.paragraph.to_enhance_your_experience_in__292,to enhance your experience in the app. Such advertising will only be implemented,para mejorar tu experiencia en la app. Esta publicidad solo se implementará,pour améliorer votre expérience dans l'app. Une telle publicité ne sera mise en œuvre,para melhorar a tua experiência na app. Esta publicidade só será implementada,um deine Erfahrung in der App zu verbessern. Solche Werbung wird nur implementiert,per migliorare la tua esperienza nell'app. Tale pubblicità sarà implementata solo,om je ervaring in de app te verbeteren. Dergelijke advertenties worden alleen geïmplementeerd,aby ulepszyć twoje doświadczenie w aplikacji. Taka reklama zostanie wdrożona tylko,uygulamadaki deneyiminizi geliştirmek için. Bu tür reklamcılık yalnızca uygulanacaktır,för att förbättra din upplevelse i appen. Sådan reklam kommer endast att implementeras,Line 41: We reserve the right to offer <strong>personalised advertising in the future</st,PrivacyPolicy,paragraph
privacypolicy.label.with_your_explicit_consent_293,with your explicit consent,con tu consentimiento explícito,avec votre consentement explicite,com o teu consentimento explícito,mit deiner ausdrücklichen Zustimmung,con il tuo consenso esplicito,met je uitdrukkelijke toestemming,za twoją wyraźną zgodą,açık onayınızla,med ditt uttryckliga samtycke,Line 41: We reserve the right to offer <strong>personalised advertising in the future</st,PrivacyPolicy,label
privacypolicy.heading.5_gdpr_and_legal_compliance_294,5. GDPR and Legal Compliance,5. RGPD y cumplimiento legal,5. RGPD et conformité légale,5. RGPD e conformidade legal,5. DSGVO und rechtliche Konformität,5. GDPR e conformità legale,5. AVG en juridische naleving,5. RODO i zgodność prawna,5. KVKK ve Yasal Uyumluluk,5. GDPR och juridisk efterlevnad,"Line 46: <h2 className=""text-2xl font-semibold mb-2 text-secondary"">5. GDPR and Legal Com",PrivacyPolicy,heading
privacypolicy.label.general_data_protection_regula_295,General Data Protection Regulation (GDPR),Reglamento General de Protección de Datos (RGPD),Règlement Général sur la Protection des Données (RGPD),Regulamento Geral de Proteção de Dados (RGPD),Datenschutz-Grundverordnung (DSGVO),Regolamento Generale sulla Protezione dei Dati (GDPR),Algemene Verordening Gegevensbescherming (AVG),Ogólne Rozporządzenie o Ochronie Danych (RODO),Genel Veri Koruma Yönetmeliği (KVKK),Dataskyddsförordningen (GDPR),Line 48: Go Daisy is based in Spain and fully complies with the <strong>General Data Prot,PrivacyPolicy,label
privacypolicy.heading.plain_english_summary_296,Plain English Summary,Resumen en lenguaje sencillo,Résumé en langage simple,Resumo em linguagem simples,Zusammenfassung in einfacher Sprache,Riassunto in parole semplici,Samenvatting in eenvoudige taal,Podsumowanie prostym językiem,Basit Dilde Özet,Sammanfattning på enkelt språk,"Line 56: <h2 className=""text-2xl font-semibold mb-2 text-secondary"">Plain English Summary",PrivacyPolicy,heading
privacypolicy.paragraph.we_don_t_automatically_track_y_297,We don’t automatically track you. You choose locations to get weather info.,No te rastreamos automáticamente. Tú eliges las ubicaciones.,Nous ne vous suivons pas automatiquement. Vous choisissez les lieux.,Não te rastreamos automaticamente. Tu escolhes as localizações.,Wir verfolgen dich nicht automatisch. Du wählst Orte.,Non ti tracciamo automaticamente. Tu scegli le posizioni.,We volgen je niet automatisch. Jij kiest locaties.,Nie śledzimy cię automatycznie. Ty wybierasz lokalizacje.,Sizi otomatik olarak takip etmiyoruz. Konumları siz seçersiniz.,Vi spårar dig inte automatiskt. Du väljer platser.,Line 58: <li>We don’t automatically track you. You choose locations to get weather info.<,PrivacyPolicy,paragraph
privacypolicy.paragraph.your_data_is_used_only_to_make_298,Your data is used only to make your experience better.,Tus datos se usan solo para mejorar tu experiencia.,Vos données sont utilisées uniquement pour améliorer votre expérience.,Os teus dados são usados apenas para melhorar a tua experiência.,"Deine Daten werden nur verwendet, um deine Erfahrung zu verbessern.",I tuoi dati sono usati solo per migliorare la tua esperienza.,Je gegevens worden alleen gebruikt om je ervaring te verbeteren.,Twoje dane są używane tylko do ulepszenia twojego doświadczenia.,Verileriniz yalnızca deneyiminizi iyileştirmek için kullanılır.,Din data används endast för att förbättra din upplevelse.,Line 59: <li>Your data is used only to make your experience better.</li>,PrivacyPolicy,paragraph
privacypolicy.paragraph.we_never_share_or_sell_your_da_299,We never share or sell your data.,Nunca compartimos ni vendemos tus datos.,Nous ne partageons ni ne vendons jamais vos données.,Nunca partilhamos nem vendemos os teus dados.,Wir teilen oder verkaufen deine Daten nie.,Non condividiamo né vendiamo mai i tuoi dati.,We delen of verkopen je gegevens nooit.,Nigdy nie udostępniamy ani nie sprzedajemy twoich danych.,Verilerinizi asla paylaşmıyor veya satmıyoruz.,Vi delar eller säljer aldrig din data.,Line 60: <li>We never share or sell your data.</li>,PrivacyPolicy,paragraph
privacypolicy.paragraph.if_we_add_ads_later_you_ll_hav_300,"If we add ads later, you’ll have the choice to accept them.","Si añadimos anuncios más adelante, tendrás la opción de aceptarlos.","Si nous ajoutons des publicités plus tard, vous aurez le choix.","Se adicionarmos anúncios mais tarde, terás a opção de os aceitar.","Wenn wir später Werbung hinzufügen, hast du die Wahl.","Se aggiungiamo pubblicità in seguito, avrai la scelta.","Als we later advertenties toevoegen, heb je de keuze.","Jeśli później dodamy reklamy, będziesz mieć wybór.","Daha sonra reklam eklersek, kabul etme seçeneğiniz olacak.",Om vi lägger till annonser senare har du valet.,"Line 61: <li>If we add ads later, you’ll have the choice to accept them.</li>",PrivacyPolicy,paragraph
privacypolicy.paragraph.we_follow_europe_s_strict_gdpr_301,"We follow Europe’s strict GDPR privacy laws, no matter where you use the app.",Seguimos las estrictas leyes de privacidad RGPD de Europa.,Nous respectons les strictes lois RGPD européennes.,Seguimos as rigorosas leis de privacidade RGPD da Europa.,Wir folgen Europas strengen DSGVO-Datenschutzgesetzen.,Seguiamo le rigorose leggi GDPR europee sulla privacy.,We volgen Europa's strenge AVG-privacywetten.,Przestrzegamy surowych europejskich przepisów RODO.,Avrupa'nın katı KVKK gizlilik yasalarına uyuyoruz.,Vi följer Europas strikta GDPR-integritetslagar.,"Line 62: <li>We follow Europe’s strict GDPR privacy laws, no matter where you use the app",PrivacyPolicy,paragraph
termsandconditions.label.terms_conditions_go_daisy_302,Terms & Conditions - Go Daisy,Términos y Condiciones - Go Daisy,Conditions Générales - Go Daisy,Termos e Condições - Go Daisy,AGB - Go Daisy,Termini e Condizioni - Go Daisy,Algemene Voorwaarden - Go Daisy,Regulamin - Go Daisy,Şartlar ve Koşullar - Go Daisy,Villkor - Go Daisy,Line 10: <title>Terms & Conditions - Go Daisy</title>,TermsAndConditions,label
termsandconditions.label.always_double_check_local_weat_303,always double check local weather sources,comprueba siempre las fuentes meteorológicas locales,vérifiez toujours les sources météo locales,verifica sempre as fontes meteorológicas locais,überprüfe immer lokale Wetterquellen,controlla sempre le fonti meteo locali,controleer altijd lokale weerbronnen,zawsze sprawdzaj lokalne źródła pogodowe,her zaman yerel hava durumu kaynaklarını kontrol edin,dubbelkolla alltid lokala väderkällor,Line 25: The weather information and forecasts provided by this app are based on data mod,TermsAndConditions,label
termsandconditions.label.no_guarantees_or_warranties_304,no guarantees or warranties,sin garantías,sans garanties,sem garantias,keine Garantien,nessuna garanzia,geen garanties,bez gwarancji,garanti yok,inga garantier,"Line 34: While we strive to provide accurate and up-to-date weather information, we make ",TermsAndConditions,label
termsandconditions.label.at_your_own_risk_305,at your own risk,bajo tu propia responsabilidad,à vos risques et périls,por tua conta e risco,auf eigene Gefahr,a tuo rischio,op eigen risico,na własne ryzyko,kendi sorumluluğunuzda,på egen risk,"Line 43: By using this app and relying on the weather forecasts or recommendations, you a",TermsAndConditions,label
termsandconditions.paragraph.cannot_be_held_responsible_for_306,"cannot be held responsible for any harm, injury, loss, or damage","no podemos ser responsables de ningún daño, lesión o pérdida","ne peut être tenu responsable de tout dommage, blessure ou perte","não podemos ser responsabilizados por qualquer dano, lesão ou perda","können nicht für Schäden, Verletzungen oder Verluste verantwortlich gemacht werden","non possiamo essere ritenuti responsabili per danni, lesioni o perdite","kunnen niet verantwoordelijk worden gehouden voor schade, letsel of verlies","nie możemy ponosić odpowiedzialności za szkody, obrażenia lub straty","herhangi bir zarar, yaralanma veya kayıptan sorumlu tutulamayız","kan inte hållas ansvariga för skada, personskada eller förlust","Line 52: We <strong>cannot be held responsible for any harm, injury, loss, or damage</str",TermsAndConditions,paragraph
termsandconditions.heading.legal_terms_explanation_plain__309,Legal Terms Explanation (Plain English):,Explicación de términos legales (lenguaje sencillo):,Explication des termes juridiques (langage simple) :,Explicação dos termos legais (linguagem simples):,Erklärung der rechtlichen Begriffe (einfache Sprache):,Spiegazione dei termini legali (linguaggio semplice):,Uitleg juridische termen (eenvoudige taal):,Wyjaśnienie terminów prawnych (prosty język):,Yasal Terimlerin Açıklaması (Basit Dilde):,Förklaring av juridiska termer (enkelt språk):,"Line 72: <h2 className=""text-2xl font-semibold mb-2 text-secondary"">Legal Terms Explanati",TermsAndConditions,heading
termsandconditions.paragraph.we_try_our_best_but_don_t_prom_310,We try our best but don’t promise everything will be right.,Hacemos todo lo posible pero no prometemos que todo sea correcto.,Nous faisons de notre mieux mais ne promettons pas que tout sera correct.,Fazemos o nosso melhor mas não prometemos que tudo esteja certo.,"Wir geben unser Bestes, versprechen aber nicht, dass alles richtig ist.",Facciamo del nostro meglio ma non promettiamo che tutto sia corretto.,We doen ons best maar beloven niet dat alles correct is.,"Staramy się jak najlepiej, ale nie obiecujemy, że wszystko będzie prawidłowe.",Elimizden geleni yapıyoruz ama her şeyin doğru olacağını vaat etmiyoruz.,Vi gör vårt bästa men lovar inte att allt blir rätt.,Line 74: <li><strong>No guarantees or warranties:</strong> We try our best but don’t prom,TermsAndConditions,paragraph
termsandconditions.paragraph.if_you_get_hurt_or_something_g_311,"If you get hurt or something goes wrong, it’s on you, not us.","Si te haces daño o algo sale mal, es tu responsabilidad, no la nuestra.","Si vous vous blessez ou si quelque chose tourne mal, c'est votre responsabilité.","Se te magoares ou algo correr mal, é da tua responsabilidade.","Wenn du dich verletzt oder etwas schiefgeht, liegt es an dir, nicht an uns.","Se ti fai male o qualcosa va storto, è responsabilità tua, non nostra.","Als je gewond raakt of iets misgaat, is dat jouw verantwoordelijkheid.","Jeśli zranisz się lub coś pójdzie nie tak, to twoja odpowiedzialność.","Yaralanırsanız veya bir şeyler ters giderse, sizin sorumluluğunuzdadır.",Om du skadas eller något går fel är det ditt ansvar.,Line 75: <li><strong>Use at your own risk:</strong> If you get hurt or something goes wro,TermsAndConditions,paragraph
termsandconditions.paragraph.it_means_legal_responsibility__312,"It means legal responsibility; here, we say we are not legally responsible for any problems.",Significa responsabilidad legal; aquí decimos que no somos legalmente responsables de ningún problema.,"Cela signifie responsabilité légale ; ici, nous disons que nous ne sommes pas légalement responsables.",Significa responsabilidade legal; aqui dizemos que não somos legalmente responsáveis por quaisquer problemas.,"Es bedeutet rechtliche Verantwortung; hier sagen wir, dass wir nicht rechtlich verantwortlich sind.",Significa responsabilità legale; qui diciamo che non siamo legalmente responsabili.,Dit betekent juridische verantwoordelijkheid; hier zeggen we dat we niet juridisch verantwoordelijk zijn.,"Oznacza odpowiedzialność prawną; tutaj mówimy, że nie ponosimy odpowiedzialności prawnej.",Yasal sorumluluk anlamına gelir; burada herhangi bir sorun için yasal olarak sorumlu olmadığımızı belirtiyoruz.,Det betyder juridiskt ansvar; här säger vi att vi inte är juridiskt ansvariga för problem.,"Line 76: <li><strong>Liability:</strong> It means legal responsibility; here, we say we a",TermsAndConditions,paragraph
termsandconditions.paragraph.the_app_and_weather_info_come__313,The app and weather info come with no promises about quality or accuracy.,La app e info meteorológica vienen sin promesas sobre calidad o precisión.,L'app et les infos météo sont fournies sans promesse de qualité ou de précision.,A app e info meteorológica vêm sem promessas sobre qualidade ou precisão.,Die App und Wetterinfos kommen ohne Versprechen über Qualität oder Genauigkeit.,L'app e le info meteo vengono fornite senza promesse su qualità o precisione.,De app en weerinfo komen zonder beloftes over kwaliteit of nauwkeurigheid.,Aplikacja i info pogodowe są dostarczane bez obietnic dotyczących jakości lub dokładności.,Uygulama ve hava durumu bilgisi kalite veya doğruluk hakkında hiçbir vaatle gelmez.,Appen och väderinfo kommer utan löften om kvalitet eller noggrannhet.,Line 77: <li><strong>“As is” basis:</strong> The app and weather info come with no promis,TermsAndConditions,paragraph
interests.label.active_sports_314,Active Sports,Deportes activos,Sports actifs,Desportos ativos,Aktive Sportarten,Sport attivi,Actieve sporten,Sporty aktywne,Aktif sporlar,Aktiva sporter,"Line 14: key: ""Active Sports"",",interests,label
interests.label.team_sports_315,Team Sports,Deportes de equipo,Sports d'équipe,Desportos de equipa,Mannschaftssport,Sport di squadra,Teamsporten,Sporty drużynowe,Takım sporları,Lagsporter,"Line 18: key: ""Team Sports"",",interests,label
interests.label.individual_sports_316,Individual Sports,Deportes individuales,Sports individuels,Desportos individuais,Einzelsportarten,Sport individuali,Individuele sporten,Sporty indywidualne,Bireysel sporlar,Individuella sporter,"Line 36: key: ""Individual Sports"",",interests,label
interests.label.water_sports_317,Water Sports,Deportes acuáticos,Sports nautiques,Desportos aquáticos,Wassersport,Sport acquatici,Watersporten,Sporty wodne,Su sporları,Vattensporter,"Line 52: key: ""Water Sports"",",interests,label
interests.label.action_sports_318,Action Sports,Deportes de acción,Sports d'action,Desportos de ação,Actionsport,Sport d'azione,Actiesporten,Sporty ekstremalne,Aksiyon sporları,Actionsporter,"Line 76: key: ""Action Sports"",",interests,label
interests.label.fitness_wellness_319,Fitness & Wellness,Fitness y bienestar,Fitness et bien-être,Fitness e bem-estar,Fitness und Wellness,Fitness e benessere,Fitness en wellness,Fitness i wellness,Fitness ve sağlık,Fitness och wellness,"Line 93: key: ""Fitness & Wellness"",",interests,label
interests.label.cardio_running_320,Cardio & Running,Cardio y running,Cardio et course,Cardio e corrida,Cardio und Laufen,Cardio e corsa,Cardio en hardlopen,Kardio i bieganie,Kardiyo ve koşu,Kondition och löpning,"Line 110: key: ""Cardio & Running"",",interests,label
interests.label.strength_gym_321,Strength & Gym,Fuerza y gimnasio,Musculation et gym,Musculação e ginásio,Kraft und Fitness,Forza e palestra,Kracht en fitness,Siłownia i trening siłowy,Güç ve spor salonu,Styrka och gym,"Line 115: key: ""Strength & Gym"",",interests,label
interests.label.outdoor_activities_322,Outdoor Activities,Actividades al aire libre,Activités en plein air,Atividades ao ar livre,Outdoor-Aktivitäten,Attività all'aperto,Buitenactiviteiten,Aktywności na świeżym powietrzu,Açık hava aktiviteleri,Utomhusaktiviteter,"Line 122: key: ""Outdoor Activities"",",interests,label
interests.label.nature_activities_323,Nature Activities,Actividades en la naturaleza,Activités nature,Atividades na natureza,Natur-Aktivitäten,Attività nella natura,Natuuractiviteiten,Aktywności na łonie natury,Doğa aktiviteleri,Naturaktiviteter,"Line 126: key: ""Nature Activities"",",interests,label
interests.label.kicking_back_and_relaxing_324,Kicking Back and Relaxing,Relax y descanso,Détente et repos,Relaxar e descansar,Entspannen und Erholen,Relax e riposo,Ontspannen en relaxen,Relaks i odpoczynek,Dinlenme ve rahatlama,Koppla av och vila,"Line 151: key: ""Kicking Back and Relaxing"",",interests,label
interests.label.winter_sports_325,Winter Sports,Deportes de invierno,Sports d'hiver,Desportos de inverno,Wintersport,Sport invernali,Wintersporten,Sporty zimowe,Kış sporları,Vintersporter,"Line 173: key: ""Winter Sports"",",interests,label
interests.label.snow_sports_326,Snow Sports,Deportes de nieve,Sports de neige,Desportos de neve,Schneesport,Sport sulla neve,Sneeuwsporten,Sporty śnieżne,Kar sporları,Snösporter,"Line 177: key: ""Snow Sports"",",interests,label
interests.label.ice_sports_327,Ice Sports,Deportes sobre hielo,Sports de glace,Desportos no gelo,Eissport,Sport sul ghiaccio,IJssporten,Sporty lodowe,Buz sporları,Issporter,"Line 182: key: ""Ice Sports"",",interests,label
interests.label.creative_arts_328,Creative & Arts,Creatividad y arte,Créativité et arts,Criatividade e artes,Kreativität und Kunst,Creatività e arte,Creativiteit en kunst,Kreatywność i sztuka,Yaratıcılık ve sanat,Kreativitet och konst,"Line 195: key: ""Creative & Arts"",",interests,label
interests.label.visual_arts_329,Visual Arts,Artes visuales,Arts visuels,Artes visuais,Bildende Kunst,Arti visive,Beeldende kunst,Sztuki wizualne,Görsel sanatlar,Visuell konst,"Line 199: key: ""Visual Arts"",",interests,label
interests.label.music_performance_330,Music & Performance,Música y espectáculos,Musique et spectacle,Música e espetáculos,Musik und Aufführung,Musica e spettacolo,Muziek en optreden,Muzyka i występy,Müzik ve performans,Musik och uppträdande,"Line 211: key: ""Music & Performance"",",interests,label
interests.label.literature_learning_331,Literature & Learning,Literatura y aprendizaje,Littérature et apprentissage,Literatura e aprendizagem,Literatur und Lernen,Letteratura e apprendimento,Literatuur en leren,Literatura i nauka,Edebiyat ve öğrenme,Litteratur och lärande,"Line 221: key: ""Literature & Learning"",",interests,label
interests.label.indoor_recreation_332,Indoor Recreation,Ocio interior,Loisirs d'intérieur,Lazer interior,Indoor-Freizeit,Svago al chiuso,Binnenrecreatie,Rozrywka w pomieszczeniu,İç mekan eğlencesi,Inomhusrekreation,"Line 228: key: ""Indoor Recreation"",",interests,label
interests.label.home_activities_333,Home Activities,Actividades en casa,Activités à la maison,Atividades em casa,Aktivitäten zu Hause,Attività casalinghe,Thuisactiviteiten,Aktywności domowe,Ev aktiviteleri,Hemaktiviteter,"Line 232: key: ""Home Activities"",",interests,label
interests.label.social_activities_334,Social Activities,Actividades sociales,Activités sociales,Atividades sociais,Soziale Aktivitäten,Attività sociali,Sociale activiteiten,Aktywności społeczne,Sosyal aktiviteler,Sociala aktiviteter,"Line 248: key: ""Social Activities"",",interests,label
interests.label.indoor_sports_335,Indoor Sports,Deportes de interior,Sports en salle,Desportos de interior,Hallensport,Sport al chiuso,Binnensporten,Sporty halowe,Salon sporları,Inomhussporter,"Line 265: key: ""Indoor Sports"",",interests,label
interests.paragraph._start_by_selecting_activities_337,👋 Start by selecting activities from the suggestions below or browse categories,👋 Empieza seleccionando actividades de las sugerencias o explora las categorías,👋 Commencez par sélectionner des activités parmi les suggestions ou parcourez les catégories,👋 Começa por selecionar atividades das sugestões ou explora as categorias,👋 Wähle Aktivitäten aus den Vorschlägen oder durchsuche Kategorien,👋 Inizia selezionando attività dai suggerimenti o sfoglia le categorie,👋 Begin met het selecteren van activiteiten uit de suggesties of blader door categorieën,👋 Zacznij od wyboru aktywności z sugestii lub przeglądaj kategorie,👋 Önerilerden aktivite seçerek başlayın veya kategorilere göz atın,👋 Börja med att välja aktiviteter från förslagen eller bläddra i kategorier,Line 349: <span>👋 Start by selecting activities from the suggestions below or browse cate,interests,paragraph
interests.label.popular_activities_you_might_e_342,Popular activities you might enjoy,Actividades populares que te pueden gustar,Activités populaires qui pourraient vous plaire,Atividades populares que podes gostar,"Beliebte Aktivitäten, die dir gefallen könnten",Attività popolari che potrebbero piacerti,Populaire activiteiten die je misschien leuk vindt,"Popularne aktywności, które mogą Ci się spodobać",Hoşunuza gidebilecek popüler aktiviteler,Populära aktiviteter du kanske gillar,Line 428: {hasFallbacks ? 'Popular activities you might enjoy' : 'You might also like'},interests,label
interests.label.you_might_also_like_343,You might also like,También te puede gustar,Vous pourriez aussi aimer,Também podes gostar,Das könnte dir auch gefallen,Potrebbe piacerti anche,Misschien vind je dit ook leuk,Może Ci się też spodobać,Bunları da beğenebilirsiniz,Du kanske också gillar,Line 428: {hasFallbacks ? 'Popular activities you might enjoy' : 'You might also like'},interests,label
interests.paragraph.these_popular_activities_are_e_345,These popular activities are enjoyed by people with diverse interests,Estas actividades populares son disfrutadas por personas con intereses diversos,Ces activités populaires sont appréciées par des personnes aux intérêts variés,Estas atividades populares são apreciadas por pessoas com interesses diversos,Diese beliebten Aktivitäten werden von Menschen mit verschiedenen Interessen genossen,Queste attività popolari sono apprezzate da persone con interessi diversi,Deze populaire activiteiten worden gewaardeerd door mensen met diverse interesses,Te popularne aktywności są lubiane przez osoby o różnych zainteresowaniach,Bu popüler aktiviteler farklı ilgi alanlarına sahip insanlar tarafından sevilmektedir,Dessa populära aktiviteter uppskattas av personer med olika intressen,Line 432: ? 'These popular activities are enjoyed by people with diverse interests',interests,paragraph
interests.label.based_on_your_interests_we_thi_346,"Based on your interests, we think you","Según tus intereses, creemos que","Selon vos intérêts, nous pensons que vous","Com base nos teus interesses, achamos que","Basierend auf deinen Interessen denken wir, dass du","In base ai tuoi interessi, pensiamo che tu",Op basis van je interesses denken we dat je,"Na podstawie Twoich zainteresowań uważamy, że","İlgi alanlarınıza göre, sizin",Baserat på dina intressen tror vi att du,"Line 433: : ""Based on your interests, we think you'd enjoy these activities""}",interests,label
interests.button.add_to_your_interests_347,Add to your interests,Añadir a tus intereses,Ajouter à vos intérêts,Adicionar aos teus interesses,Zu deinen Interessen hinzufügen,Aggiungi ai tuoi interessi,Toevoegen aan je interesses,Dodaj do swoich zainteresowań,İlgi alanlarınıza ekleyin,Lägg till i dina intressen,"Line 449: title=""Add to your interests""",interests,button
interests.label.dismiss_suggestion_349,Dismiss suggestion,Descartar sugerencia,Ignorer la suggestion,Ignorar sugestão,Vorschlag ignorieren,Ignora suggerimento,Suggestie negeren,Odrzuć sugestię,Öneriyi kaldır,Avvisa förslag,"Line 458: aria-label=""Dismiss suggestion""",interests,label
interests.label.not_interested_350,Not interested,No me interesa,Pas intéressé,Não tenho interesse,Kein Interesse,Non mi interessa,Niet geïnteresseerd,Nie jestem zainteresowany,İlgilenmiyorum,Inte intresserad,"Line 461: title=""Not interested""",interests,label
interests.button.saved_locally_supabase_sync_fa_354,Saved locally! (Supabase sync failed),¡Guardado localmente! (Falló la sincronización),Enregistré localement ! (Échec de synchronisation),Guardado localmente! (Falha na sincronização),Lokal gespeichert! (Synchronisierung fehlgeschlagen),Salvato localmente! (Sincronizzazione fallita),Lokaal opgeslagen! (Synchronisatie mislukt),Zapisano lokalnie! (Synchronizacja nie powiodła się),Yerel olarak kaydedildi! (Senkronizasyon başarısız),Sparat lokalt! (Synkronisering misslyckades),Line 726: showSuccessToast('Saved locally! (Supabase sync failed)');,interests,button
interests.paragraph.your_interests_have_been_saved_355,Your interests have been saved!,¡Tus intereses se han guardado!,Vos intérêts ont été enregistrés !,Os teus interesses foram guardados!,Deine Interessen wurden gespeichert!,I tuoi interessi sono stati salvati!,Je interesses zijn opgeslagen!,Twoje zainteresowania zostały zapisane!,İlgi alanlarınız kaydedildi!,Dina intressen har sparats!,Line 728: showSuccessToast('Your interests have been saved!');,interests,paragraph
interests.paragraph.your_interests_have_been_saved_356,Your interests have been saved locally!,¡Tus intereses se han guardado localmente!,Vos intérêts ont été enregistrés localement !,Os teus interesses foram guardados localmente!,Deine Interessen wurden lokal gespeichert!,I tuoi interessi sono stati salvati localmente!,Je interesses zijn lokaal opgeslagen!,Twoje zainteresowania zostały zapisane lokalnie!,İlgi alanlarınız yerel olarak kaydedildi!,Dina intressen har sparats lokalt!,Line 732: showSuccessToast('Your interests have been saved locally!');,interests,paragraph
interests.label.loading_your_interests__359,Loading your interests…,Cargando tus intereses…,Chargement de vos intérêts…,A carregar os teus interesses…,Lade deine Interessen…,Caricamento dei tuoi interessi…,Je interesses laden…,Ładowanie Twoich zainteresowań…,İlgi alanlarınız yükleniyor…,Laddar dina intressen…,Line 758: <p>Loading your interests…</p>,interests,label
interests.heading.your_interests_360,Your Interests,Tus intereses,Vos intérêts,Os teus interesses,Deine Interessen,I tuoi interessi,Je interesses,Twoje zainteresowania,İlgi alanlarınız,Dina intressen,"Line 782: <h1 className=""text-3xl font-bold"">Your Interests</h1>",interests,heading
onboarding.label.text_sm_text_base_content_60_364,text-sm text-base-content/60,—,—,—,—,—,—,—,—,—,"Line 60: <p className=""text-sm text-base-content/60"">{subtitle}</p>",onboarding,label
onboarding.link.settings_interests_368,Settings → Interests,Ajustes → Intereses,Paramètres → Intérêts,Definições → Interesses,Einstellungen → Interessen,Impostazioni → Interessi,Instellingen → Interesses,Ustawienia → Zainteresowania,Ayarlar → İlgi Alanları,Inställningar → Intressen,"Line 138: You can edit your interests any time in <Link className=""link"" href=""/interests""",onboarding,link
onboarding.label.complete_setup_369,Complete Setup,Completar configuración,Terminer la configuration,Concluir configuração,Einrichtung abschließen,Completa configurazione,Installatie voltooien,Zakończ konfigurację,Kurulumu Tamamla,Slutför inställning,"Line 143: {isLast ? ""Complete Setup"" : ""Nearly there, keep going""}",onboarding,label
onboarding.label.nearly_there_keep_going_370,"Nearly there, keep going","Ya casi está, sigue adelante","Presque fini, continuez","Quase lá, continua","Fast geschafft, weiter so","Quasi fatto, continua","Bijna klaar, ga door","Prawie gotowe, kontynuuj","Neredeyse bitti, devam edin","Nästan klart, fortsätt","Line 143: {isLast ? ""Complete Setup"" : ""Nearly there, keep going""}",onboarding,label
onboarding.button.clear_all_372,Clear all,Borrar todo,Tout effacer,Limpar tudo,Alles löschen,Cancella tutto,Alles wissen,Wyczyść wszystko,Tümünü temizle,Rensa allt,"Line 333: <button type=""button"" className=""btn btn-ghost btn-xs text-base-content"" onClick",onboarding,button
onboarding.label.search_a_place__373,Search a place…,Buscar un lugar…,Rechercher un lieu…,Procurar um local…,Ort suchen…,Cerca un luogo…,Zoek een plaats…,Szukaj miejsca…,Bir yer ara…,Sök en plats…,"Line 371: placeholder = ""Search a place…"",",onboarding,label
onboarding.nav.geolocation_is_not_available_i_374,Geolocation is not available in this browser.,La geolocalización no está disponible en este navegador.,La géolocalisation n'est pas disponible dans ce navigateur.,A geolocalização não está disponível neste navegador.,Geolocation ist in diesem Browser nicht verfügbar.,La geolocalizzazione non è disponibile in questo browser.,Geolocatie is niet beschikbaar in deze browser.,Geolokalizacja nie jest dostępna w tej przeglądarce.,Coğrafi konum bu tarayıcıda kullanılamıyor.,Geolokalisering är inte tillgänglig i denna webbläsare.,Line 495: if (!('geolocation' in navigator)) { setLocationError('Geolocation is not availa,onboarding,nav
onboarding.button.selected_place_376,Selected place,Lugar seleccionado,Lieu sélectionné,Local selecionado,Ausgewählter Ort,Luogo selezionato,Geselecteerde plaats,Wybrane miejsce,Seçilen yer,Vald plats,Line 534: const label = s?.structured_formatting?.main_text || s?.description || 'Selected,onboarding,button
onboarding.button.confirm_selection_378,Confirm selection,Confirmar selección,Confirmer la sélection,Confirmar seleção,Auswahl bestätigen,Conferma selezione,Selectie bevestigen,Potwierdź wybór,Seçimi onayla,Bekräfta val,"Line 618: aria-label=""Confirm selection""",onboarding,button
onboarding.label.use_current_location_380,Use current location,Usar ubicación actual,Utiliser la position actuelle,Usar localização atual,Aktuellen Standort verwenden,Usa posizione attuale,Huidige locatie gebruiken,Użyj bieżącej lokalizacji,Mevcut konumu kullan,Använd aktuell plats,Line 646: {isLocating ? 'Locating…' : 'Use current location'},onboarding,label
onboarding.label.pick_from_map_381,Pick from map,Elegir del mapa,Choisir sur la carte,Escolher do mapa,Auf Karte auswählen,Scegli dalla mappa,Kies van kaart,Wybierz z mapy,Haritadan seç,Välj från karta,Line 650: {showMap ? 'Hide map' : 'Pick from map'},onboarding,label
onboarding.nav.geolocation_not_available__383,Geolocation not available.,Geolocalización no disponible.,Géolocalisation non disponible.,Geolocalização não disponível.,Geolocation nicht verfügbar.,Geolocalizzazione non disponibile.,Geolocatie niet beschikbaar.,Geolokalizacja niedostępna.,Coğrafi konum kullanılamıyor.,Geolokalisering inte tillgänglig.,Line 780: if (!('geolocation' in navigator)) { setHomeLocateError('Geolocation not availab,onboarding,nav
onboarding.button.choose_areas_387,Choose areas,Elegir áreas,Choisir les domaines,Escolher áreas,Bereiche wählen,Scegli aree,Kies gebieden,Wybierz obszary,Alanları seç,Välj områden,"Line 898: const items = [""Choose areas"", ""Activities"", ""Home"", ...(isMarineChosen ? [""Mari",onboarding,button
onboarding.paragraph._welcome_to_godaisy__390,👋 Welcome to GoDaisy!,👋 ¡Bienvenido a GoDaisy!,👋 Bienvenue sur GoDaisy !,👋 Bem-vindo ao GoDaisy!,👋 Willkommen bei GoDaisy!,👋 Benvenuto su GoDaisy!,👋 Welkom bij GoDaisy!,👋 Witaj w GoDaisy!,👋 GoDaisy'ye hoş geldiniz!,👋 Välkommen till GoDaisy!,Line 915: {phase.type === 'clusters' ? '👋 Welcome to GoDaisy!' : phase.type === 'home' ? ,onboarding,paragraph
onboarding.label.set_your_home_location__391,Set your home location 📍,Establece tu ubicación 📍,Définissez votre emplacement 📍,Define a tua localização 📍,Lege deinen Standort fest 📍,Imposta la tua posizione 📍,Stel je locatie in 📍,Ustaw swoją lokalizację 📍,Konumunuzu ayarlayın 📍,Ange din plats 📍,Line 915: {phase.type === 'clusters' ? '👋 Welcome to GoDaisy!' : phase.type === 'home' ? ,onboarding,label
onboarding.label.set_a_coastal_spot__392,Set a coastal spot 🌊,Establece un punto costero 🌊,Définissez un spot côtier 🌊,Define um ponto costeiro 🌊,Lege einen Küstenort fest 🌊,Imposta un punto costiero 🌊,Stel een kustlocatie in 🌊,Ustaw miejsce nadmorskie 🌊,Bir kıyı noktası belirleyin 🌊,Ange en kustplats 🌊,Line 915: {phase.type === 'clusters' ? '👋 Welcome to GoDaisy!' : phase.type === 'home' ? ,onboarding,label
onboarding.paragraph._all_set__393,🎉 All set!,🎉 ¡Todo listo!,🎉 Tout est prêt !,🎉 Tudo pronto!,🎉 Alles bereit!,🎉 Tutto pronto!,🎉 Alles klaar!,🎉 Wszystko gotowe!,🎉 Her şey hazır!,🎉 Allt klart!,Line 915: {phase.type === 'clusters' ? '👋 Welcome to GoDaisy!' : phase.type === 'home' ? ,onboarding,paragraph
onboarding.label.fine_tune__394,Fine-tune 🎯,Ajuste fino 🎯,Affiner 🎯,Ajuste fino 🎯,Feinabstimmung 🎯,Regolazione fine 🎯,Fijnafstemmen 🎯,Dostosuj 🎯,İnce ayar 🎯,Finjustera 🎯,Line 915: {phase.type === 'clusters' ? '👋 Welcome to GoDaisy!' : phase.type === 'home' ? ,onboarding,label
onboarding.paragraph.deselect_any_areas_you_re_not__396,Deselect any areas you’re not into. You can change this any time.,Deselecciona las áreas que no te interesan. Puedes cambiarlo cuando quieras.,Désélectionnez les domaines qui ne vous intéressent pas.,Desseleciona as áreas que não te interessam. Podes mudar quando quiseres.,"Deaktiviere Bereiche, die dich nicht interessieren. Du kannst das jederzeit ändern.",Deseleziona le aree che non ti interessano. Puoi cambiare quando vuoi.,Deselecteer gebieden die je niet interesseren. Je kunt dit altijd wijzigen.,"Odznacz obszary, które cię nie interesują. Możesz to zmienić w dowolnym momencie.",İlgilenmediğiniz alanların seçimini kaldırın.,Avmarkera områden du inte är intresserad av.,"Line 918: {phase.type === 'clusters' && ""Deselect any areas you’re not into. You can chang",onboarding,paragraph
onboarding.paragraph.great_deselect_anything_that_s_397,Great! Deselect anything that’s not your vibe. We’ve pre‑selected a few to get you started.,¡Genial! Deselecciona lo que no va contigo. Hemos preseleccionado algunos.,Super ! Désélectionnez ce qui ne vous correspond pas.,Ótimo! Desseleciona o que não é a tua onda.,"Super! Deaktiviere, was nicht zu dir passt. Wir haben einige vorausgewählt.",Ottimo! Deseleziona ciò che non fa per te.,Geweldig! Deselecteer wat niet bij je past.,"Świetnie! Odznacz to, co ci nie odpowiada.",Harika! Size uymayanların seçimini kaldırın.,Toppen! Avmarkera det som inte passar dig.,"Line 919: {phase.type === 'activities-combined' && ""Great! Deselect anything that’s not yo",onboarding,paragraph
onboarding.paragraph.short_lists_better_choices_you_398,"Short lists, better choices. You can add more later.","Listas cortas, mejores elecciones. Puedes añadir más después.","Listes courtes, meilleurs choix. Vous pouvez en ajouter plus tard.","Listas curtas, melhores escolhas. Podes adicionar mais depois.","Kurze Listen, bessere Auswahl. Du kannst später mehr hinzufügen.","Liste corte, scelte migliori. Puoi aggiungerne altre dopo.","Korte lijsten, betere keuzes. Je kunt later meer toevoegen.","Krótkie listy, lepsze wybory. Możesz dodać więcej później.","Kısa listeler, daha iyi seçimler. Daha sonra ekleyebilirsiniz.","Korta listor, bättre val. Du kan lägga till fler senare.","Line 920: {phase.type === 'activities-chunk' && ""Short lists, better choices. You can add ",onboarding,paragraph
onboarding.paragraph.set_your_home_location_so_we_c_399,Set your home location so we can personalise local recommendations and forecasts.,Establece tu ubicación para que podamos personalizar recomendaciones locales y pronósticos.,Définissez votre emplacement pour personnaliser les recommandations locales et prévisions.,Define a tua localização para personalizarmos recomendações locais e previsões.,"Lege deinen Standort fest, damit wir lokale Empfehlungen und Vorhersagen personalisieren können.",Imposta la tua posizione per personalizzare raccomandazioni locali e previsioni.,Stel je locatie in zodat we lokale aanbevelingen en voorspellingen kunnen personaliseren.,"Ustaw lokalizację, abyśmy mogli spersonalizować lokalne rekomendacje i prognozy.",Yerel önerileri ve tahminleri kişiselleştirebilmemiz için konumunuzu ayarlayın.,Ange din plats så vi kan anpassa lokala rekommendationer och prognoser.,"Line 921: {phase.type === 'home' && ""Set your home location so we can personalise local re",onboarding,paragraph
onboarding.paragraph.because_you_chose_sea_activiti_400,"Because you chose sea activities, adding a coastal spot helps us give you seaside advice.","Como elegiste actividades marinas, añadir un punto costero nos ayuda a darte consejos de playa.","Comme vous avez choisi des activités maritimes, ajouter un spot côtier nous aide à vous conseiller.","Como escolheste atividades marítimas, adicionar um ponto costeiro ajuda-nos a dar-te conselhos de praia.","Da du Meeresaktivitäten gewählt hast, hilft uns ein Küstenort, dir Küstentipps zu geben.","Poiché hai scelto attività marine, aggiungere un punto costiero ci aiuta a darti consigli sul mare.","Omdat je zeeactiviteiten koos, helpt een kustlocatie ons om je kustadvies te geven.","Ponieważ wybrałeś aktywności morskie, dodanie miejsca nadmorskiego pomoże nam dać ci porady plażowe.","Deniz aktivitelerini seçtiğiniz için, bir kıyı noktası eklemek size sahil tavsiyeleri vermemize yardımcı olur.",Eftersom du valde havsaktiviteter hjälper en kustplats oss ge dig kustråd.,"Line 922: {phase.type === 'marine' && ""Because you chose sea activities, adding a coastal ",onboarding,paragraph
onboarding.paragraph.we_ve_saved_your_activities_yo_401,We’ve saved your activities. You can always add more later.,Hemos guardado tus actividades. Siempre puedes añadir más después.,Nous avons sauvegardé vos activités. Vous pouvez en ajouter plus tard.,Guardámos as tuas atividades. Podes sempre adicionar mais depois.,Wir haben deine Aktivitäten gespeichert. Du kannst später mehr hinzufügen.,Abbiamo salvato le tue attività. Puoi aggiungerne altre dopo.,We hebben je activiteiten opgeslagen. Je kunt later meer toevoegen.,Zapisaliśmy twoje aktywności. Zawsze możesz dodać więcej później.,Aktivitelerinizi kaydettik. Daha sonra ekleyebilirsiniz.,Vi har sparat dina aktiviteter. Du kan lägga till fler senare.,"Line 923: {phase.type === 'confirm' && ""We’ve saved your activities. You can always add mo",onboarding,paragraph
onboarding.label.home_location_402,Home location,Ubicación de casa,Emplacement domicile,Localização de casa,Heimatstandort,Posizione casa,Thuislocatie,Lokalizacja domowa,Ev konumu,Hemadress,"Line 929: title=""Home location""",onboarding,label
onboarding.paragraph.helps_us_tailor_forecasts_and__403,Helps us tailor forecasts and nearby suggestions.,Nos ayuda a personalizar pronósticos y sugerencias cercanas.,Nous aide à personnaliser les prévisions et suggestions à proximité.,Ajuda-nos a personalizar previsões e sugestões próximas.,"Hilft uns, Vorhersagen und nahegelegene Vorschläge anzupassen.",Ci aiuta a personalizzare previsioni e suggerimenti nelle vicinanze.,Helpt ons voorspellingen en nabije suggesties aan te passen.,Pomaga nam dostosować prognozy i sugestie w pobliżu.,Tahminleri ve yakındaki önerileri uyarlamamıza yardımcı olur.,Hjälper oss anpassa prognoser och närliggande förslag.,"Line 930: subtitle=""Helps us tailor forecasts and nearby suggestions.""",onboarding,paragraph
onboarding.label.search_for_your_home_location_405,Search for your home location,Busca tu ubicación de casa,Recherchez votre emplacement domicile,Procura a tua localização de casa,Suche nach deinem Heimatstandort,Cerca la tua posizione casa,Zoek je thuislocatie,Wyszukaj swoją lokalizację domową,Ev konumunuzu arayın,Sök efter din hemadress,"Line 935: <span className=""label-text"">Search for your home location</span>",onboarding,label
onboarding.label.type_a_place_postcode_or_addre_406,"Type a place, postcode, or address","Escribe un lugar, código postal o dirección","Tapez un lieu, code postal ou adresse","Escreve um local, código postal ou morada","Gib einen Ort, Postleitzahl oder Adresse ein","Digita un luogo, CAP o indirizzo","Typ een plaats, postcode of adres","Wpisz miejsce, kod pocztowy lub adres","Bir yer, posta kodu veya adres yazın","Skriv en plats, postnummer eller adress","Line 944: placeholder=""Type a place, postcode, or address""",onboarding,label
onboarding.label.autocomplete_map_inline_same_l_407,Autocomplete + map inline (same logic as header).,—,—,—,—,—,—,—,—,—,"Line 950: <span className=""label-text-alt"">Autocomplete + map inline (same logic as header",onboarding,label
onboarding.paragraph.you_can_change_this_any_time_i_413,You can change this any time in Settings → Location.,Puedes cambiar esto en cualquier momento en Ajustes → Ubicación.,Vous pouvez changer cela à tout moment dans Paramètres → Localisation.,Podes mudar isto a qualquer momento em Definições → Localização.,Du kannst das jederzeit in Einstellungen → Standort ändern.,Puoi cambiare questo in qualsiasi momento in Impostazioni → Posizione.,Je kunt dit altijd wijzigen in Instellingen → Locatie.,Możesz to zmienić w dowolnym momencie w Ustawienia → Lokalizacja.,Bunu istediğiniz zaman Ayarlar → Konum'da değiştirebilirsiniz.,Du kan ändra detta när som helst i Inställningar → Plats.,"Line 965: <p className=""text-xs text-base-content/60"">You can change this any time in Sett",onboarding,paragraph
onboarding.paragraph.deselect_anything_that_s_not_y_415,Deselect anything that’s not your vibe.,Deselecciona lo que no va contigo.,Désélectionnez ce qui ne vous correspond pas.,Desseleciona o que não é a tua onda.,"Deaktiviere, was nicht zu dir passt.",Deseleziona ciò che non fa per te.,Deselecteer wat niet bij je past.,"Odznacz to, co ci nie odpowiada.",Size uymayanların seçimini kaldırın.,Avmarkera det som inte passar dig.,"Line 997: subtitle=""Deselect anything that’s not your vibe.""",onboarding,paragraph
onboarding.paragraph.because_you_chose_sea_activiti_419,"Because you chose sea activities, setting a coastal spot lets us give tide, swell and wind‑aware advice.","Como elegiste actividades marinas, establecer un punto costero nos permite darte consejos sobre mareas, oleaje y viento.","Comme vous avez choisi des activités maritimes, définir un spot côtier nous permet de vous conseiller sur marées, houle et vent.","Como escolheste atividades marítimas, definir um ponto costeiro permite-nos dar conselhos sobre marés, ondulação e vento.","Da du Meeresaktivitäten gewählt hast, können wir dir mit einem Küstenort Tipps zu Gezeiten, Swell und Wind geben.","Poiché hai scelto attività marine, impostare un punto costiero ci permette di darti consigli su maree, moto ondoso e vento.","Omdat je zeeactiviteiten koos, kunnen we met een kustlocatie advies geven over getij, deining en wind.","Ponieważ wybrałeś aktywności morskie, ustawienie miejsca nadmorskiego pozwala nam dawać porady o przypływach, falach i wietrze.","Deniz aktivitelerini seçtiğiniz için, bir kıyı noktası belirlemek gelgit, dalga ve rüzgar bilinçli tavsiyeler vermemizi sağlar.","Eftersom du valde havsaktiviteter låter en kustplats oss ge råd om tidvatten, svall och vind.","Line 1096: <p className=""text-sm text-base-content/70"">Because you chose sea activities, se",onboarding,paragraph
onboarding.label.search_for_a_coastal_spot_422,Search for a coastal spot,Busca un punto costero,Recherchez un spot côtier,Procura um ponto costeiro,Suche nach einem Küstenort,Cerca un punto costiero,Zoek een kustlocatie,Wyszukaj miejsce nadmorskie,Bir kıyı noktası arayın,Sök efter en kustplats,"Line 1099: <span className=""label-text"">Search for a coastal spot</span>",onboarding,label
onboarding.label.type_a_beach_harbour_or_coastl_423,"Type a beach, harbour, or coastline","Escribe una playa, puerto o costa","Tapez une plage, port ou littoral","Escreve uma praia, porto ou costa","Gib einen Strand, Hafen oder Küste ein","Digita una spiaggia, porto o costa","Typ een strand, haven of kust","Wpisz plażę, port lub wybrzeże","Bir plaj, liman veya kıyı şeridi yazın","Skriv en strand, hamn eller kust","Line 1107: placeholder=""Type a beach, harbour, or coastline""",onboarding,label
onboarding.button.save_continue_427,Save & Continue,Guardar y continuar,Enregistrer et continuer,Guardar e continuar,Speichern und fortfahren,Salva e continua,Opslaan en doorgaan,Zapisz i kontynuuj,Kaydet ve devam et,Spara och fortsätt,"Line 1118: <button className=""btn btn-primary"" onClick={() => setStep(s => s + 1)} disabled",onboarding,button
onboarding.button.skip_for_now_430,Skip for now,Saltar por ahora,Passer pour l'instant,Saltar por agora,Erstmal überspringen,Salta per ora,Voorlopig overslaan,Pomiń na razie,Şimdilik atla,Hoppa över för nu,"Line 1126: <button className=""btn btn-ghost btn-sm"" onClick={() => setStep(s => s + 1)}>Ski",onboarding,button
onboarding.heading.coastal_spot_437,Coastal spot,Punto costero,Spot côtier,Ponto costeiro,Küstenort,Punto costiero,Kustlocatie,Miejsce nadmorskie,Kıyı noktası,Kustplats,"Line 1142: <h3 className=""card-title text-sm"">Coastal spot</h3>",onboarding,heading
onboarding.link.tip_you_can_edit_locations_any_439,Tip: you can edit locations any time in,Consejo: puedes editar ubicaciones en cualquier momento en,Astuce : vous pouvez modifier les emplacements à tout moment dans,Dica: podes editar localizações a qualquer momento em,Tipp: Du kannst Standorte jederzeit bearbeiten in,Suggerimento: puoi modificare le posizioni in qualsiasi momento in,Tip: je kunt locaties altijd bewerken in,Wskazówka: możesz edytować lokalizacje w dowolnym momencie w,İpucu: konumları istediğiniz zaman düzenleyebilirsiniz,Tips: du kan redigera platser när som helst i,"Line 1148: <p className=""text-xs text-base-content/60"">Tip: you can edit locations any time",onboarding,link
onboarding.link.account_locations_440,Account → Locations,Cuenta → Ubicaciones,Compte → Emplacements,Conta → Localizações,Konto → Standorte,Account → Posizioni,Account → Locaties,Konto → Lokalizacje,Hesap → Konumlar,Konto → Platser,"Line 1148: <p className=""text-xs text-base-content/60"">Tip: you can edit locations any time",onboarding,link
onboarding.button.save_these_to_your_account__442,Save these to your account?,¿Guardar esto en tu cuenta?,Enregistrer dans votre compte ?,Guardar isto na tua conta?,In deinem Konto speichern?,Salvare nel tuo account?,Opslaan in je account?,Zapisać na swoim koncie?,Bunları hesabınıza kaydedin mi?,Spara dessa till ditt konto?,"Line 1153: <div className=""font-medium"">Save these to your account?</div>",onboarding,button
onboarding.paragraph.register_to_sync_your_interest_443,Register to sync your interests and locations across devices.,Regístrate para sincronizar tus intereses y ubicaciones entre dispositivos.,Inscrivez-vous pour synchroniser vos intérêts et emplacements entre appareils.,Regista-te para sincronizar os teus interesses e localizações entre dispositivos.,"Registriere dich, um deine Interessen und Standorte geräteübergreifend zu synchronisieren.",Registrati per sincronizzare i tuoi interessi e posizioni tra dispositivi.,Registreer om je interesses en locaties te synchroniseren tussen apparaten.,"Zarejestruj się, aby zsynchronizować swoje zainteresowania i lokalizacje między urządzeniami.",İlgi alanlarınızı ve konumlarınızı cihazlar arasında senkronize etmek için kaydolun.,Registrera dig för att synkronisera dina intressen och platser mellan enheter.,"Line 1154: <div className=""text-sm opacity-70"">Register to sync your interests and location",onboarding,paragraph
onboarding.button.maybe_later_445,Maybe later,Quizás más tarde,Peut-être plus tard,Talvez mais tarde,Vielleicht später,Forse più tardi,Misschien later,Może później,Belki daha sonra,Kanske senare,"Line 1157: <button className=""btn btn-ghost btn-sm"" onClick={() => setShowRegisterNudge(fal",onboarding,button
onboarding.paragraph.we_ll_use_your_locally_saved_p_446,We’ll use your locally saved preferences on this device for now.,Por ahora usaremos tus preferencias guardadas localmente en este dispositivo.,Nous utiliserons vos préférences enregistrées localement pour l'instant.,Por agora usaremos as tuas preferências guardadas localmente.,Wir verwenden vorerst deine lokal gespeicherten Einstellungen.,Per ora useremo le tue preferenze salvate localmente.,We gebruiken voorlopig je lokaal opgeslagen voorkeuren.,Na razie użyjemy twoich lokalnie zapisanych preferencji.,Şimdilik yerel olarak kayıtlı tercihlerinizi kullanacağız.,Vi använder dina lokalt sparade inställningar tills vidare.,"Line 1160: <p className=""text-xs text-base-content/60 mt-2"">We’ll use your locally saved pr",onboarding,paragraph