[dotenv@17.2.1] injecting env (21) from .env.local -- tip: ⚙️  enable debug logging with { debug: true }
[dotenv@17.2.1] injecting env (2) from .env -- tip: 📡 version env with Radar: https://dotenvx.com/radar
[conditions-ingest] MET void for 20C5 @ 37.5000,-7.5000 (primary)
[conditions-ingest] MET void for 20C5 @ 37.5000,-7.3200 (primary:east@0.18)
[conditions-ingest] MET void for 20C5 @ 37.5000,-7.6800 (primary:west@0.18)
[conditions-ingest] MET void for 20C5 @ 37.6800,-7.5000 (primary:north@0.18)
[conditions-ingest] MET void for 20C5 @ 37.3200,-7.5000 (primary:south@0.18)
[conditions-ingest] MET void for 20C5 @ 37.7600,-7.2400 (primary:northeast@0.26)
[conditions-ingest] MET void for 20C5 @ 37.7600,-7.7600 (primary:northwest@0.26)
[conditions-ingest] MET void for 20C5 @ 37.2400,-7.2400 (primary:southeast@0.26)
[conditions-ingest] MET void for 20C5 @ 37.2400,-7.7600 (primary:southwest@0.26)
[conditions-ingest] MET void for 20C5 @ 37.5000,-8.2500 (primary:wide@-0.75:0.00)
[conditions-ingest] MET void for 20C5 @ 37.7500,-8.2500 (primary:wide@-0.75:0.25)
[conditions-ingest] MET void for 20C5 @ 37.2500,-8.2500 (primary:wide@-0.75:-0.25)
[conditions-ingest] MET void for 20C5 @ 37.5000,-7.9500 (primary:wide@-0.45:0.00)
[conditions-ingest] MET void for 20C5 @ 37.7500,-7.9500 (primary:wide@-0.45:0.25)
[conditions-ingest] MET void for 20C5 @ 37.2500,-7.9500 (primary:wide@-0.45:-0.25)
[conditions-ingest] MET void for 20C5 @ 37.5000,-7.0500 (primary:wide@0.45:0.00)
[conditions-ingest] MET void for 20C5 @ 37.7500,-7.0500 (primary:wide@0.45:0.25)
[conditions-ingest] MET void for 20C5 @ 37.2500,-7.0500 (primary:wide@0.45:-0.25)
[conditions-ingest] MET void for 20C5 @ 37.5000,-6.7500 (primary:wide@0.75:0.00)
[conditions-ingest] MET void for 20C5 @ 37.7500,-6.7500 (primary:wide@0.75:0.25)
[conditions-ingest] MET void for 20C5 @ 37.2500,-6.7500 (primary:wide@0.75:-0.25)
[conditions-ingest] MET void for 20C5 @ 37.9500,-7.5000 (primary:wide-lat@0.45)
[conditions-ingest] MET void for 20C5 @ 37.0500,-7.5000 (primary:wide-lat@-0.45)
[conditions-ingest] MET void for 20C5 @ 37.5000,-7.2500 (primary:wide@0.25:0.00)
[conditions-ingest] MET void for 20C5 @ 37.5000,-7.7500 (primary:wide@-0.25:0.00)
[conditions-ingest] Open-Meteo recovered marine data for 20C5
[conditions-ingest] Failed to upsert 20C5 {
  code: '23505',
  details: 'Key (rectangle_code, snapshot_day)=(20C5, 2025-10-15) already exists.',
  hint: null,
  message: 'duplicate key value violates unique constraint "uniq_snap_rect_day"'
}
[conditions-ingest] MET void for 21C6 @ 37.5000,-8.5000 (primary)
[conditions-ingest] MET void for 21C6 @ 37.5000,-8.3200 (primary:east@0.18)
[conditions-ingest] MET void for 21C6 @ 37.5000,-8.6800 (primary:west@0.18)
[conditions-ingest] MET void for 21C6 @ 37.6800,-8.5000 (primary:north@0.18)
[conditions-ingest] MET void for 21C6 @ 37.3200,-8.5000 (primary:south@0.18)
[conditions-ingest] MET void for 21C6 @ 37.7600,-8.2400 (primary:northeast@0.26)
[conditions-ingest] MET void for 21C6 @ 37.7600,-8.7600 (primary:northwest@0.26)
[conditions-ingest] MET void for 21C6 @ 37.2400,-8.2400 (primary:southeast@0.26)
[conditions-ingest] MET void for 21C6 @ 37.2400,-8.7600 (primary:southwest@0.26)
[conditions-ingest] MET void for 21C6 @ 37.5000,-9.2500 (primary:wide@-0.75:0.00)
[conditions-ingest] MET void for 21C6 @ 37.7500,-9.2500 (primary:wide@-0.75:0.25)
[conditions-ingest] MET void for 21C6 @ 37.2500,-9.2500 (primary:wide@-0.75:-0.25)
[conditions-ingest] MET void for 21C6 @ 37.5000,-8.9500 (primary:wide@-0.45:0.00)
[conditions-ingest] MET void for 21C6 @ 37.7500,-8.9500 (primary:wide@-0.45:0.25)
[conditions-ingest] MET void for 21C6 @ 37.2500,-8.9500 (primary:wide@-0.45:-0.25)
[conditions-ingest] MET void for 21C6 @ 37.5000,-8.0500 (primary:wide@0.45:0.00)
[conditions-ingest] MET void for 21C6 @ 37.7500,-8.0500 (primary:wide@0.45:0.25)
[conditions-ingest] MET void for 21C6 @ 37.2500,-8.0500 (primary:wide@0.45:-0.25)
[conditions-ingest] MET void for 21C6 @ 37.5000,-7.7500 (primary:wide@0.75:0.00)
[conditions-ingest] MET void for 21C6 @ 37.7500,-7.7500 (primary:wide@0.75:0.25)
[conditions-ingest] MET void for 21C6 @ 37.2500,-7.7500 (primary:wide@0.75:-0.25)
[conditions-ingest] MET void for 21C6 @ 37.9500,-8.5000 (primary:wide-lat@0.45)
[conditions-ingest] MET void for 21C6 @ 37.0500,-8.5000 (primary:wide-lat@-0.45)
[conditions-ingest] MET void for 21C6 @ 37.5000,-8.2500 (primary:wide@0.25:0.00)
[conditions-ingest] MET void for 21C6 @ 37.5000,-8.7500 (primary:wide@-0.25:0.00)
[conditions-ingest] Open-Meteo recovered marine data for 21C6
[conditions-ingest] Failed to upsert 21C6 {
  code: '23505',
  details: 'Key (rectangle_code, snapshot_day)=(21C6, 2025-10-15) already exists.',
  hint: null,
  message: 'duplicate key value violates unique constraint "uniq_snap_rect_day"'
}
[conditions-ingest] MET void for 21D7 @ 42.5000,-8.0000 (primary)
[conditions-ingest] MET void for 21D7 @ 42.5000,-7.8200 (primary:east@0.18)
[conditions-ingest] MET void for 21D7 @ 42.5000,-8.1800 (primary:west@0.18)
[conditions-ingest] MET void for 21D7 @ 42.6800,-8.0000 (primary:north@0.18)
[conditions-ingest] MET void for 21D7 @ 42.3200,-8.0000 (primary:south@0.18)
[conditions-ingest] MET void for 21D7 @ 42.7600,-7.7400 (primary:northeast@0.26)
[conditions-ingest] MET void for 21D7 @ 42.7600,-8.2600 (primary:northwest@0.26)
[conditions-ingest] MET void for 21D7 @ 42.2400,-7.7400 (primary:southeast@0.26)
[conditions-ingest] MET void for 21D7 @ 42.2400,-8.2600 (primary:southwest@0.26)
[conditions-ingest] MET void for 21D7 @ 42.5000,-8.7500 (primary:wide@-0.75:0.00)
[conditions-ingest] MET void for 21D7 @ 42.7500,-8.7500 (primary:wide@-0.75:0.25)
[conditions-ingest] MET void for 21D7 @ 42.2500,-8.7500 (primary:wide@-0.75:-0.25)
[conditions-ingest] MET void for 21D7 @ 42.5000,-8.4500 (primary:wide@-0.45:0.00)
[conditions-ingest] MET void for 21D7 @ 42.7500,-8.4500 (primary:wide@-0.45:0.25)
[conditions-ingest] MET void for 21D7 @ 42.2500,-8.4500 (primary:wide@-0.45:-0.25)
[conditions-ingest] MET void for 21D7 @ 42.5000,-7.5500 (primary:wide@0.45:0.00)
[conditions-ingest] MET void for 21D7 @ 42.7500,-7.5500 (primary:wide@0.45:0.25)
[conditions-ingest] MET void for 21D7 @ 42.2500,-7.5500 (primary:wide@0.45:-0.25)
[conditions-ingest] MET void for 21D7 @ 42.5000,-7.2500 (primary:wide@0.75:0.00)
[conditions-ingest] MET void for 21D7 @ 42.7500,-7.2500 (primary:wide@0.75:0.25)
[conditions-ingest] MET void for 21D7 @ 42.2500,-7.2500 (primary:wide@0.75:-0.25)
[conditions-ingest] MET void for 21D7 @ 42.9500,-8.0000 (primary:wide-lat@0.45)
[conditions-ingest] MET void for 21D7 @ 42.0500,-8.0000 (primary:wide-lat@-0.45)
[conditions-ingest] MET void for 21D7 @ 42.5000,-7.7500 (primary:wide@0.25:0.00)
[conditions-ingest] MET void for 21D7 @ 42.5000,-8.2500 (primary:wide@-0.25:0.00)
[conditions-ingest] Open-Meteo recovered marine data for 21D7
[conditions-ingest] Failed to upsert 21D7 {
  code: '23503',
  details: 'Key (rectangle_code)=(21D7) is not present in table "ices_rectangles".',
  hint: null,
  message: 'insert or update on table "findr_conditions_snapshots" violates foreign key constraint "findr_conditions_rectangle_fk"'
}
[conditions-ingest] MET void for 21D8 @ 42.5000,-9.0000 (primary)
[conditions-ingest] MET void for 21D8 @ 42.5000,-8.8200 (primary:east@0.18)
[conditions-ingest] MET void for 21D8 @ 42.5000,-9.1800 (primary:west@0.18)
[conditions-ingest] MET void for 21D8 @ 42.6800,-9.0000 (primary:north@0.18)
[conditions-ingest] MET void for 21D8 @ 42.3200,-9.0000 (primary:south@0.18)
[conditions-ingest] MET void for 21D8 @ 42.7600,-8.7400 (primary:northeast@0.26)
[conditions-ingest] MET void for 21D8 @ 42.7600,-9.2600 (primary:northwest@0.26)
[conditions-ingest] MET void for 21D8 @ 42.2400,-8.7400 (primary:southeast@0.26)
[conditions-ingest] MET void for 21D8 @ 42.2400,-9.2600 (primary:southwest@0.26)
[conditions-ingest] MET void for 21D8 @ 42.5000,-9.7500 (primary:wide@-0.75:0.00)
[conditions-ingest] MET void for 21D8 @ 42.7500,-9.7500 (primary:wide@-0.75:0.25)
[conditions-ingest] MET void for 21D8 @ 42.2500,-9.7500 (primary:wide@-0.75:-0.25)
[conditions-ingest] MET void for 21D8 @ 42.5000,-9.4500 (primary:wide@-0.45:0.00)
[conditions-ingest] MET void for 21D8 @ 42.7500,-9.4500 (primary:wide@-0.45:0.25)
[conditions-ingest] MET void for 21D8 @ 42.2500,-9.4500 (primary:wide@-0.45:-0.25)
[conditions-ingest] MET void for 21D8 @ 42.5000,-8.5500 (primary:wide@0.45:0.00)
[conditions-ingest] MET void for 21D8 @ 42.7500,-8.5500 (primary:wide@0.45:0.25)
[conditions-ingest] MET void for 21D8 @ 42.2500,-8.5500 (primary:wide@0.45:-0.25)
[conditions-ingest] MET void for 21D8 @ 42.5000,-8.2500 (primary:wide@0.75:0.00)
[conditions-ingest] MET void for 21D8 @ 42.7500,-8.2500 (primary:wide@0.75:0.25)
[conditions-ingest] MET void for 21D8 @ 42.2500,-8.2500 (primary:wide@0.75:-0.25)
[conditions-ingest] MET void for 21D8 @ 42.9500,-9.0000 (primary:wide-lat@0.45)
[conditions-ingest] MET void for 21D8 @ 42.0500,-9.0000 (primary:wide-lat@-0.45)
[conditions-ingest] MET void for 21D8 @ 42.5000,-8.7500 (primary:wide@0.25:0.00)
[conditions-ingest] MET void for 21D8 @ 42.5000,-9.2500 (primary:wide@-0.25:0.00)
[conditions-ingest] Open-Meteo recovered marine data for 21D8
[conditions-ingest] Failed to upsert 21D8 {
  code: '23505',
  details: 'Key (rectangle_code, snapshot_day)=(21D8, 2025-10-15) already exists.',
  hint: null,
  message: 'duplicate key value violates unique constraint "uniq_snap_rect_day"'
}
[conditions-ingest] MET void for 22D6 @ 38.5000,-9.0000 (primary)
[conditions-ingest] MET void for 22D6 @ 38.5000,-8.8200 (primary:east@0.18)
[conditions-ingest] MET void for 22D6 @ 38.5000,-9.1800 (primary:west@0.18)
[conditions-ingest] MET void for 22D6 @ 38.6800,-9.0000 (primary:north@0.18)
[conditions-ingest] MET void for 22D6 @ 38.3200,-9.0000 (primary:south@0.18)
[conditions-ingest] MET void for 22D6 @ 38.7600,-8.7400 (primary:northeast@0.26)
[conditions-ingest] MET void for 22D6 @ 38.7600,-9.2600 (primary:northwest@0.26)
[conditions-ingest] MET void for 22D6 @ 38.2400,-8.7400 (primary:southeast@0.26)
[conditions-ingest] MET void for 22D6 @ 38.2400,-9.2600 (primary:southwest@0.26)
[conditions-ingest] MET void for 22D6 @ 38.5000,-9.7500 (primary:wide@-0.75:0.00)
[conditions-ingest] MET void for 22D6 @ 38.7500,-9.7500 (primary:wide@-0.75:0.25)
[conditions-ingest] MET void for 22D6 @ 38.2500,-9.7500 (primary:wide@-0.75:-0.25)
[conditions-ingest] MET void for 22D6 @ 38.5000,-9.4500 (primary:wide@-0.45:0.00)
[conditions-ingest] MET void for 22D6 @ 38.7500,-9.4500 (primary:wide@-0.45:0.25)
[conditions-ingest] MET void for 22D6 @ 38.2500,-9.4500 (primary:wide@-0.45:-0.25)
[conditions-ingest] MET void for 22D6 @ 38.5000,-8.5500 (primary:wide@0.45:0.00)
[conditions-ingest] MET void for 22D6 @ 38.7500,-8.5500 (primary:wide@0.45:0.25)
[conditions-ingest] MET void for 22D6 @ 38.2500,-8.5500 (primary:wide@0.45:-0.25)
[conditions-ingest] MET void for 22D6 @ 38.5000,-8.2500 (primary:wide@0.75:0.00)
[conditions-ingest] MET void for 22D6 @ 38.7500,-8.2500 (primary:wide@0.75:0.25)
[conditions-ingest] MET void for 22D6 @ 38.2500,-8.2500 (primary:wide@0.75:-0.25)
[conditions-ingest] MET void for 22D6 @ 38.9500,-9.0000 (primary:wide-lat@0.45)
[conditions-ingest] MET void for 22D6 @ 38.0500,-9.0000 (primary:wide-lat@-0.45)
[conditions-ingest] MET void for 22D6 @ 38.5000,-8.7500 (primary:wide@0.25:0.00)
[conditions-ingest] MET void for 22D6 @ 38.5000,-9.2500 (primary:wide@-0.25:0.00)
[conditions-ingest] Open-Meteo recovered marine data for 22D6
[conditions-ingest] Failed to upsert 22D6 {
  code: '23505',
  details: 'Key (rectangle_code, snapshot_day)=(22D6, 2025-10-15) already exists.',
  hint: null,
  message: 'duplicate key value violates unique constraint "uniq_snap_rect_day"'
}
[conditions-ingest] MET void for 22D7 @ 43.5000,-8.0000 (primary)
[conditions-ingest] MET void for 22D7 @ 43.5000,-7.8200 (primary:east@0.18)
[conditions-ingest] MET void for 22D7 @ 43.5000,-8.1800 (primary:west@0.18)
[conditions-ingest] MET void for 22D7 @ 43.6800,-8.0000 (primary:north@0.18)
[conditions-ingest] MET void for 22D7 @ 43.3200,-8.0000 (primary:south@0.18)
[conditions-ingest] MET void for 22D7 @ 43.7600,-7.7400 (primary:northeast@0.26)
[conditions-ingest] MET void for 22D7 @ 43.7600,-8.2600 (primary:northwest@0.26)
[conditions-ingest] MET void for 22D7 @ 43.2400,-7.7400 (primary:southeast@0.26)
[conditions-ingest] MET void for 22D7 @ 43.2400,-8.2600 (primary:southwest@0.26)
[conditions-ingest] MET void for 22D7 @ 43.5000,-8.7500 (primary:wide@-0.75:0.00)
[conditions-ingest] MET void for 22D7 @ 43.7500,-8.7500 (primary:wide@-0.75:0.25)
[conditions-ingest] MET void for 22D7 @ 43.2500,-8.7500 (primary:wide@-0.75:-0.25)
[conditions-ingest] MET void for 22D7 @ 43.5000,-8.4500 (primary:wide@-0.45:0.00)
[conditions-ingest] MET void for 22D7 @ 43.7500,-8.4500 (primary:wide@-0.45:0.25)
[conditions-ingest] MET void for 22D7 @ 43.2500,-8.4500 (primary:wide@-0.45:-0.25)
[conditions-ingest] MET void for 22D7 @ 43.5000,-7.5500 (primary:wide@0.45:0.00)
[conditions-ingest] MET void for 22D7 @ 43.7500,-7.5500 (primary:wide@0.45:0.25)
[conditions-ingest] MET void for 22D7 @ 43.2500,-7.5500 (primary:wide@0.45:-0.25)
[conditions-ingest] MET void for 22D7 @ 43.5000,-7.2500 (primary:wide@0.75:0.00)
[conditions-ingest] MET void for 22D7 @ 43.7500,-7.2500 (primary:wide@0.75:0.25)
[conditions-ingest] MET void for 22D7 @ 43.2500,-7.2500 (primary:wide@0.75:-0.25)
[conditions-ingest] MET void for 22D7 @ 43.9500,-8.0000 (primary:wide-lat@0.45)
[conditions-ingest] MET void for 22D7 @ 43.0500,-8.0000 (primary:wide-lat@-0.45)
[conditions-ingest] MET void for 22D7 @ 43.5000,-7.7500 (primary:wide@0.25:0.00)
[conditions-ingest] MET void for 22D7 @ 43.5000,-8.2500 (primary:wide@-0.25:0.00)
[conditions-ingest] Open-Meteo recovered marine data for 22D7
[conditions-ingest] Failed to upsert 22D7 {
  code: '23505',
  details: 'Key (rectangle_code, snapshot_day)=(22D7, 2025-10-15) already exists.',
  hint: null,
  message: 'duplicate key value violates unique constraint "uniq_snap_rect_day"'
}
[conditions-ingest] MET void for 22D8 @ 43.5000,-9.0000 (primary)
[conditions-ingest] MET void for 22D8 @ 43.5000,-8.8200 (primary:east@0.18)
[conditions-ingest] MET void for 22D8 @ 43.5000,-9.1800 (primary:west@0.18)
[conditions-ingest] MET void for 22D8 @ 43.6800,-9.0000 (primary:north@0.18)
[conditions-ingest] MET void for 22D8 @ 43.3200,-9.0000 (primary:south@0.18)
[conditions-ingest] MET void for 22D8 @ 43.7600,-8.7400 (primary:northeast@0.26)
[conditions-ingest] MET void for 22D8 @ 43.7600,-9.2600 (primary:northwest@0.26)
[conditions-ingest] MET void for 22D8 @ 43.2400,-8.7400 (primary:southeast@0.26)
[conditions-ingest] MET void for 22D8 @ 43.2400,-9.2600 (primary:southwest@0.26)
[conditions-ingest] MET void for 22D8 @ 43.5000,-9.7500 (primary:wide@-0.75:0.00)
[conditions-ingest] MET void for 22D8 @ 43.7500,-9.7500 (primary:wide@-0.75:0.25)
[conditions-ingest] MET void for 22D8 @ 43.2500,-9.7500 (primary:wide@-0.75:-0.25)
[conditions-ingest] MET void for 22D8 @ 43.5000,-9.4500 (primary:wide@-0.45:0.00)
[conditions-ingest] MET void for 22D8 @ 43.7500,-9.4500 (primary:wide@-0.45:0.25)
[conditions-ingest] MET void for 22D8 @ 43.2500,-9.4500 (primary:wide@-0.45:-0.25)
[conditions-ingest] MET void for 22D8 @ 43.5000,-8.5500 (primary:wide@0.45:0.00)
[conditions-ingest] MET void for 22D8 @ 43.7500,-8.5500 (primary:wide@0.45:0.25)
[conditions-ingest] MET void for 22D8 @ 43.2500,-8.5500 (primary:wide@0.45:-0.25)
[conditions-ingest] MET void for 22D8 @ 43.5000,-8.2500 (primary:wide@0.75:0.00)
[conditions-ingest] MET void for 22D8 @ 43.7500,-8.2500 (primary:wide@0.75:0.25)
[conditions-ingest] MET void for 22D8 @ 43.2500,-8.2500 (primary:wide@0.75:-0.25)
[conditions-ingest] MET void for 22D8 @ 43.9500,-9.0000 (primary:wide-lat@0.45)
[conditions-ingest] MET void for 22D8 @ 43.0500,-9.0000 (primary:wide-lat@-0.45)
[conditions-ingest] MET void for 22D8 @ 43.5000,-8.7500 (primary:wide@0.25:0.00)
[conditions-ingest] MET void for 22D8 @ 43.5000,-9.2500 (primary:wide@-0.25:0.00)
[conditions-ingest] Open-Meteo recovered marine data for 22D8
[conditions-ingest] Failed to upsert 22D8 {
  code: '23505',
  details: 'Key (rectangle_code, snapshot_day)=(22D8, 2025-10-15) already exists.',
  hint: null,
  message: 'duplicate key value violates unique constraint "uniq_snap_rect_day"'
}
[conditions-ingest] Failed to upsert 22L4 {
  code: '23505',
  details: 'Key (rectangle_code, snapshot_day)=(22L4, 2025-10-15) already exists.',
  hint: null,
  message: 'duplicate key value violates unique constraint "uniq_snap_rect_day"'
}
[conditions-ingest] Failed to upsert 22L5 {
  code: '23505',
  details: 'Key (rectangle_code, snapshot_day)=(22L5, 2025-10-15) already exists.',
  hint: null,
  message: 'duplicate key value violates unique constraint "uniq_snap_rect_day"'
}
[conditions-ingest] MET void for 22L6 @ 54.2500,16.5000 (primary)
[conditions-ingest] MET void for 22L6 @ 54.2500,16.6800 (primary:east@0.18)
[conditions-ingest] MET recovered for 22L6 via primary:west@0.18 probe @ 54.2500,16.3200
[conditions-ingest] Failed to upsert 22L6 {
  code: '23505',
  details: 'Key (rectangle_code, snapshot_day)=(22L6, 2025-10-15) already exists.',
  hint: null,
  message: 'duplicate key value violates unique constraint "uniq_snap_rect_day"'
}
[conditions-ingest] MET void for 22L7 @ 54.2500,17.5000 (primary)
[conditions-ingest] MET void for 22L7 @ 54.2500,17.6800 (primary:east@0.18)
[conditions-ingest] MET void for 22L7 @ 54.2500,17.3200 (primary:west@0.18)
[conditions-ingest] MET void for 22L7 @ 54.4300,17.5000 (primary:north@0.18)
[conditions-ingest] MET void for 22L7 @ 54.0700,17.5000 (primary:south@0.18)
[conditions-ingest] MET void for 22L7 @ 54.5100,17.7600 (primary:northeast@0.26)
[conditions-ingest] MET void for 22L7 @ 54.5100,17.2400 (primary:northwest@0.26)
[conditions-ingest] MET void for 22L7 @ 53.9900,17.7600 (primary:southeast@0.26)
[conditions-ingest] MET void for 22L7 @ 53.9900,17.2400 (primary:southwest@0.26)
[conditions-ingest] MET void for 22L7 @ 54.2500,16.7500 (primary:wide@-0.75:0.00)
[conditions-ingest] MET recovered for 22L7 via primary:wide@-0.75:0.25 probe @ 54.5000,16.7500
[conditions-ingest] Failed to upsert 22L7 {
  code: '23503',
  details: 'Key (rectangle_code)=(22L7) is not present in table "ices_rectangles".',
  hint: null,
  message: 'insert or update on table "findr_conditions_snapshots" violates foreign key constraint "findr_conditions_rectangle_fk"'
}
[conditions-ingest] MET void for 22L8 @ 54.2500,18.5000 (primary)
[conditions-ingest] MET recovered for 22L8 via primary:east@0.18 probe @ 54.2500,18.6800
[conditions-ingest] Failed to upsert 22L8 {
  code: '23505',
  details: 'Key (rectangle_code, snapshot_day)=(22L8, 2025-10-15) already exists.',
  hint: null,
  message: 'duplicate key value violates unique constraint "uniq_snap_rect_day"'
}
[conditions-ingest] MET void for 22M3 @ 55.2500,10.5000 (primary)
[conditions-ingest] MET recovered for 22M3 via primary:east@0.18 probe @ 55.2500,10.6800
[conditions-ingest] Failed to upsert 22M3 {
  code: '23505',
  details: 'Key (rectangle_code, snapshot_day)=(22M3, 2025-10-15) already exists.',
  hint: null,
  message: 'duplicate key value violates unique constraint "uniq_snap_rect_day"'
}
[conditions-ingest] Failed to upsert 22M4 {
  code: '23505',
  details: 'Key (rectangle_code, snapshot_day)=(22M4, 2025-10-15) already exists.',
  hint: null,
  message: 'duplicate key value violates unique constraint "uniq_snap_rect_day"'
}
[conditions-ingest] Failed to upsert 22M5 {
  code: '23505',
  details: 'Key (rectangle_code, snapshot_day)=(22M5, 2025-10-15) already exists.',
  hint: null,
  message: 'duplicate key value violates unique constraint "uniq_snap_rect_day"'
}
[conditions-ingest] MET void for 23D6 @ 39.0000,-9.0000 (primary)
[conditions-ingest] MET void for 23D6 @ 39.0000,-8.8200 (primary:east@0.18)
[conditions-ingest] MET void for 23D6 @ 39.0000,-9.1800 (primary:west@0.18)
[conditions-ingest] MET void for 23D6 @ 39.1800,-9.0000 (primary:north@0.18)
[conditions-ingest] MET void for 23D6 @ 38.8200,-9.0000 (primary:south@0.18)
[conditions-ingest] MET void for 23D6 @ 39.2600,-8.7400 (primary:northeast@0.26)
[conditions-ingest] MET void for 23D6 @ 39.2600,-9.2600 (primary:northwest@0.26)
[conditions-ingest] MET void for 23D6 @ 38.7400,-8.7400 (primary:southeast@0.26)
[conditions-ingest] MET void for 23D6 @ 38.7400,-9.2600 (primary:southwest@0.26)
[conditions-ingest] MET void for 23D6 @ 39.0000,-9.7500 (primary:wide@-0.75:0.00)
[conditions-ingest] MET void for 23D6 @ 39.2500,-9.7500 (primary:wide@-0.75:0.25)
[conditions-ingest] MET void for 23D6 @ 38.7500,-9.7500 (primary:wide@-0.75:-0.25)
[conditions-ingest] MET void for 23D6 @ 39.0000,-9.4500 (primary:wide@-0.45:0.00)
[conditions-ingest] MET void for 23D6 @ 39.2500,-9.4500 (primary:wide@-0.45:0.25)
[conditions-ingest] MET void for 23D6 @ 38.7500,-9.4500 (primary:wide@-0.45:-0.25)
[conditions-ingest] MET void for 23D6 @ 39.0000,-8.5500 (primary:wide@0.45:0.00)
[conditions-ingest] MET void for 23D6 @ 39.2500,-8.5500 (primary:wide@0.45:0.25)
[conditions-ingest] MET void for 23D6 @ 38.7500,-8.5500 (primary:wide@0.45:-0.25)
[conditions-ingest] MET void for 23D6 @ 39.0000,-8.2500 (primary:wide@0.75:0.00)
[conditions-ingest] MET void for 23D6 @ 39.2500,-8.2500 (primary:wide@0.75:0.25)
[conditions-ingest] MET void for 23D6 @ 38.7500,-8.2500 (primary:wide@0.75:-0.25)
[conditions-ingest] MET void for 23D6 @ 39.4500,-9.0000 (primary:wide-lat@0.45)
[conditions-ingest] MET void for 23D6 @ 38.5500,-9.0000 (primary:wide-lat@-0.45)
[conditions-ingest] MET void for 23D6 @ 39.0000,-8.7500 (primary:wide@0.25:0.00)
[conditions-ingest] MET void for 23D6 @ 39.0000,-9.2500 (primary:wide@-0.25:0.00)
[conditions-ingest] Open-Meteo recovered marine data for 23D6
[conditions-ingest] Failed to upsert 23D6 {
  code: '23505',
  details: 'Key (rectangle_code, snapshot_day)=(23D6, 2025-10-15) already exists.',
  hint: null,
  message: 'duplicate key value violates unique constraint "uniq_snap_rect_day"'
}
[conditions-ingest] MET void for 23E0 @ 43.2500,-7.5000 (primary)
[conditions-ingest] MET void for 23E0 @ 43.2500,-7.3200 (primary:east@0.18)
[conditions-ingest] MET void for 23E0 @ 43.2500,-7.6800 (primary:west@0.18)
[conditions-ingest] MET void for 23E0 @ 43.4300,-7.5000 (primary:north@0.18)
[conditions-ingest] MET void for 23E0 @ 43.0700,-7.5000 (primary:south@0.18)
[conditions-ingest] MET void for 23E0 @ 43.5100,-7.2400 (primary:northeast@0.26)
[conditions-ingest] MET void for 23E0 @ 43.5100,-7.7600 (primary:northwest@0.26)
[conditions-ingest] MET void for 23E0 @ 42.9900,-7.2400 (primary:southeast@0.26)
[conditions-ingest] MET void for 23E0 @ 42.9900,-7.7600 (primary:southwest@0.26)
[conditions-ingest] MET void for 23E0 @ 43.2500,-8.2500 (primary:wide@-0.75:0.00)
[conditions-ingest] MET void for 23E0 @ 43.5000,-8.2500 (primary:wide@-0.75:0.25)
[conditions-ingest] MET void for 23E0 @ 43.0000,-8.2500 (primary:wide@-0.75:-0.25)
[conditions-ingest] MET void for 23E0 @ 43.2500,-7.9500 (primary:wide@-0.45:0.00)
[conditions-ingest] MET void for 23E0 @ 43.5000,-7.9500 (primary:wide@-0.45:0.25)
[conditions-ingest] MET void for 23E0 @ 43.0000,-7.9500 (primary:wide@-0.45:-0.25)
[conditions-ingest] MET void for 23E0 @ 43.2500,-7.0500 (primary:wide@0.45:0.00)
[conditions-ingest] MET void for 23E0 @ 43.5000,-7.0500 (primary:wide@0.45:0.25)
[conditions-ingest] MET void for 23E0 @ 43.0000,-7.0500 (primary:wide@0.45:-0.25)
[conditions-ingest] MET void for 23E0 @ 43.2500,-6.7500 (primary:wide@0.75:0.00)
[conditions-ingest] MET void for 23E0 @ 43.5000,-6.7500 (primary:wide@0.75:0.25)
[conditions-ingest] MET void for 23E0 @ 43.0000,-6.7500 (primary:wide@0.75:-0.25)
[conditions-ingest] MET void for 23E0 @ 43.7000,-7.5000 (primary:wide-lat@0.45)
[conditions-ingest] MET void for 23E0 @ 42.8000,-7.5000 (primary:wide-lat@-0.45)
[conditions-ingest] MET void for 23E0 @ 43.2500,-7.2500 (primary:wide@0.25:0.00)
[conditions-ingest] MET void for 23E0 @ 43.2500,-7.7500 (primary:wide@-0.25:0.00)
[conditions-ingest] Open-Meteo recovered marine data for 23E0
[conditions-ingest] Failed to upsert 23E0 {
  code: '23505',
  details: 'Key (rectangle_code, snapshot_day)=(23E0, 2025-10-15) already exists.',
  hint: null,
  message: 'duplicate key value violates unique constraint "uniq_snap_rect_day"'
}
[conditions-ingest] MET void for 23E1 @ 43.7500,-7.5000 (primary)
[conditions-ingest] MET void for 23E1 @ 43.7500,-7.3200 (primary:east@0.18)
[conditions-ingest] MET void for 23E1 @ 43.7500,-7.6800 (primary:west@0.18)
[conditions-ingest] MET void for 23E1 @ 43.9300,-7.5000 (primary:north@0.18)
[conditions-ingest] MET void for 23E1 @ 43.5700,-7.5000 (primary:south@0.18)
[conditions-ingest] MET void for 23E1 @ 44.0100,-7.2400 (primary:northeast@0.26)
[conditions-ingest] MET void for 23E1 @ 44.0100,-7.7600 (primary:northwest@0.26)
[conditions-ingest] MET void for 23E1 @ 43.4900,-7.2400 (primary:southeast@0.26)
[conditions-ingest] MET void for 23E1 @ 43.4900,-7.7600 (primary:southwest@0.26)
[conditions-ingest] MET void for 23E1 @ 43.7500,-8.2500 (primary:wide@-0.75:0.00)
[conditions-ingest] MET void for 23E1 @ 44.0000,-8.2500 (primary:wide@-0.75:0.25)
[conditions-ingest] MET void for 23E1 @ 43.5000,-8.2500 (primary:wide@-0.75:-0.25)
[conditions-ingest] MET void for 23E1 @ 43.7500,-7.9500 (primary:wide@-0.45:0.00)
[conditions-ingest] MET void for 23E1 @ 44.0000,-7.9500 (primary:wide@-0.45:0.25)
[conditions-ingest] MET void for 23E1 @ 43.5000,-7.9500 (primary:wide@-0.45:-0.25)
[conditions-ingest] MET void for 23E1 @ 43.7500,-7.0500 (primary:wide@0.45:0.00)
[conditions-ingest] MET void for 23E1 @ 44.0000,-7.0500 (primary:wide@0.45:0.25)
[conditions-ingest] MET void for 23E1 @ 43.5000,-7.0500 (primary:wide@0.45:-0.25)
[conditions-ingest] MET void for 23E1 @ 43.7500,-6.7500 (primary:wide@0.75:0.00)
[conditions-ingest] MET void for 23E1 @ 44.0000,-6.7500 (primary:wide@0.75:0.25)
[conditions-ingest] MET void for 23E1 @ 43.5000,-6.7500 (primary:wide@0.75:-0.25)
[conditions-ingest] MET void for 23E1 @ 44.2000,-7.5000 (primary:wide-lat@0.45)
[conditions-ingest] MET void for 23E1 @ 43.3000,-7.5000 (primary:wide-lat@-0.45)
[conditions-ingest] MET void for 23E1 @ 43.7500,-7.2500 (primary:wide@0.25:0.00)
[conditions-ingest] MET void for 23E1 @ 43.7500,-7.7500 (primary:wide@-0.25:0.00)
[conditions-ingest] Open-Meteo recovered marine data for 23E1
[conditions-ingest] Failed to upsert 23E1 {
  code: '23505',
  details: 'Key (rectangle_code, snapshot_day)=(23E1, 2025-10-15) already exists.',
  hint: null,
  message: 'duplicate key value violates unique constraint "uniq_snap_rect_day"'
}
[conditions-ingest] MET void for 23E2 @ 0.0000,0.0000 (primary)
[conditions-ingest] MET void for 23E2 @ 0.0000,0.1800 (primary:east@0.18)
[conditions-ingest] MET void for 23E2 @ 0.0000,-0.1800 (primary:west@0.18)
[conditions-ingest] MET void for 23E2 @ 0.1800,0.0000 (primary:north@0.18)
[conditions-ingest] MET void for 23E2 @ -0.1800,0.0000 (primary:south@0.18)
[conditions-ingest] MET void for 23E2 @ 0.2600,0.2600 (primary:northeast@0.26)
[conditions-ingest] MET void for 23E2 @ 0.2600,-0.2600 (primary:northwest@0.26)
[conditions-ingest] MET void for 23E2 @ -0.2600,0.2600 (primary:southeast@0.26)
[conditions-ingest] MET void for 23E2 @ -0.2600,-0.2600 (primary:southwest@0.26)
[conditions-ingest] MET void for 23E2 @ 0.0000,-0.7500 (primary:wide@-0.75:0.00)
[conditions-ingest] MET void for 23E2 @ 0.2500,-0.7500 (primary:wide@-0.75:0.25)
[conditions-ingest] MET void for 23E2 @ -0.2500,-0.7500 (primary:wide@-0.75:-0.25)
[conditions-ingest] MET void for 23E2 @ 0.0000,-0.4500 (primary:wide@-0.45:0.00)
[conditions-ingest] MET void for 23E2 @ 0.2500,-0.4500 (primary:wide@-0.45:0.25)
[conditions-ingest] MET void for 23E2 @ -0.2500,-0.4500 (primary:wide@-0.45:-0.25)
[conditions-ingest] MET void for 23E2 @ 0.0000,0.4500 (primary:wide@0.45:0.00)
[conditions-ingest] MET void for 23E2 @ 0.2500,0.4500 (primary:wide@0.45:0.25)
[conditions-ingest] MET void for 23E2 @ -0.2500,0.4500 (primary:wide@0.45:-0.25)
[conditions-ingest] MET void for 23E2 @ 0.0000,0.7500 (primary:wide@0.75:0.00)
[conditions-ingest] MET void for 23E2 @ 0.2500,0.7500 (primary:wide@0.75:0.25)
[conditions-ingest] MET void for 23E2 @ -0.2500,0.7500 (primary:wide@0.75:-0.25)
[conditions-ingest] MET void for 23E2 @ 0.4500,0.0000 (primary:wide-lat@0.45)
[conditions-ingest] MET void for 23E2 @ -0.4500,0.0000 (primary:wide-lat@-0.45)
[conditions-ingest] MET void for 23E2 @ 0.0000,0.2500 (primary:wide@0.25:0.00)
[conditions-ingest] MET void for 23E2 @ 0.0000,-0.2500 (primary:wide@-0.25:0.00)
[conditions-ingest] Open-Meteo recovered marine data for 23E2
[conditions-ingest] Failed to upsert 23E2 {
  code: '23505',
  details: 'Key (rectangle_code, snapshot_day)=(23E2, 2025-10-15) already exists.',
  hint: null,
  message: 'duplicate key value violates unique constraint "uniq_snap_rect_day"'
}
[conditions-ingest] Failed to upsert 23L4 {
  code: '23505',
  details: 'Key (rectangle_code, snapshot_day)=(23L4, 2025-10-15) already exists.',
  hint: null,
  message: 'duplicate key value violates unique constraint "uniq_snap_rect_day"'
}
[conditions-ingest] Failed to upsert 23L5 {
  code: '23505',
  details: 'Key (rectangle_code, snapshot_day)=(23L5, 2025-10-15) already exists.',
  hint: null,
  message: 'duplicate key value violates unique constraint "uniq_snap_rect_day"'
}
[conditions-ingest] Failed to upsert 23M4 {
  code: '23505',
  details: 'Key (rectangle_code, snapshot_day)=(23M4, 2025-10-15) already exists.',
  hint: null,
  message: 'duplicate key value violates unique constraint "uniq_snap_rect_day"'
}
[conditions-ingest] Failed to upsert 23M5 {
  code: '23505',
  details: 'Key (rectangle_code, snapshot_day)=(23M5, 2025-10-15) already exists.',
  hint: null,
  message: 'duplicate key value violates unique constraint "uniq_snap_rect_day"'
}
[conditions-ingest] MET void for 23N5 @ 56.2500,15.5000 (primary)
[conditions-ingest] MET void for 23N5 @ 56.2500,15.6800 (primary:east@0.18)
[conditions-ingest] MET void for 23N5 @ 56.2500,15.3200 (primary:west@0.18)
[conditions-ingest] MET void for 23N5 @ 56.4300,15.5000 (primary:north@0.18)
[conditions-ingest] MET recovered for 23N5 via primary:south@0.18 probe @ 56.0700,15.5000
[conditions-ingest] Failed to upsert 23N5 {
  code: '23505',
  details: 'Key (rectangle_code, snapshot_day)=(23N5, 2025-10-15) already exists.',
  hint: null,
  message: 'duplicate key value violates unique constraint "uniq_snap_rect_day"'
}
[conditions-ingest] MET void for 24D7 @ 41.0000,-8.0000 (primary)
[conditions-ingest] MET void for 24D7 @ 41.0000,-7.8200 (primary:east@0.18)
[conditions-ingest] MET void for 24D7 @ 41.0000,-8.1800 (primary:west@0.18)
[conditions-ingest] MET void for 24D7 @ 41.1800,-8.0000 (primary:north@0.18)
[conditions-ingest] MET void for 24D7 @ 40.8200,-8.0000 (primary:south@0.18)
[conditions-ingest] MET void for 24D7 @ 41.2600,-7.7400 (primary:northeast@0.26)
[conditions-ingest] MET void for 24D7 @ 41.2600,-8.2600 (primary:northwest@0.26)
[conditions-ingest] MET void for 24D7 @ 40.7400,-7.7400 (primary:southeast@0.26)
[conditions-ingest] MET void for 24D7 @ 40.7400,-8.2600 (primary:southwest@0.26)
[conditions-ingest] MET void for 24D7 @ 41.0000,-8.7500 (primary:wide@-0.75:0.00)
[conditions-ingest] MET void for 24D7 @ 41.2500,-8.7500 (primary:wide@-0.75:0.25)
[conditions-ingest] MET void for 24D7 @ 40.7500,-8.7500 (primary:wide@-0.75:-0.25)
[conditions-ingest] MET void for 24D7 @ 41.0000,-8.4500 (primary:wide@-0.45:0.00)
[conditions-ingest] MET void for 24D7 @ 41.2500,-8.4500 (primary:wide@-0.45:0.25)
[conditions-ingest] MET void for 24D7 @ 40.7500,-8.4500 (primary:wide@-0.45:-0.25)
[conditions-ingest] MET void for 24D7 @ 41.0000,-7.5500 (primary:wide@0.45:0.00)
[conditions-ingest] MET void for 24D7 @ 41.2500,-7.5500 (primary:wide@0.45:0.25)
[conditions-ingest] MET void for 24D7 @ 40.7500,-7.5500 (primary:wide@0.45:-0.25)
[conditions-ingest] MET void for 24D7 @ 41.0000,-7.2500 (primary:wide@0.75:0.00)
[conditions-ingest] MET void for 24D7 @ 41.2500,-7.2500 (primary:wide@0.75:0.25)
[conditions-ingest] MET void for 24D7 @ 40.7500,-7.2500 (primary:wide@0.75:-0.25)
[conditions-ingest] MET void for 24D7 @ 41.4500,-8.0000 (primary:wide-lat@0.45)
[conditions-ingest] MET void for 24D7 @ 40.5500,-8.0000 (primary:wide-lat@-0.45)
[conditions-ingest] MET void for 24D7 @ 41.0000,-7.7500 (primary:wide@0.25:0.00)
[conditions-ingest] MET void for 24D7 @ 41.0000,-8.2500 (primary:wide@-0.25:0.00)
[conditions-ingest] Open-Meteo recovered marine data for 24D7
[conditions-ingest] Failed to upsert 24D7 {
  code: '23503',
  details: 'Key (rectangle_code)=(24D7) is not present in table "ices_rectangles".',
  hint: null,
  message: 'insert or update on table "findr_conditions_snapshots" violates foreign key constraint "findr_conditions_rectangle_fk"'
}
[conditions-ingest] MET void for 24E0 @ 43.2500,-6.5000 (primary)
[conditions-ingest] MET void for 24E0 @ 43.2500,-6.3200 (primary:east@0.18)
[conditions-ingest] MET void for 24E0 @ 43.2500,-6.6800 (primary:west@0.18)
[conditions-ingest] MET void for 24E0 @ 43.4300,-6.5000 (primary:north@0.18)
[conditions-ingest] MET void for 24E0 @ 43.0700,-6.5000 (primary:south@0.18)
[conditions-ingest] MET void for 24E0 @ 43.5100,-6.2400 (primary:northeast@0.26)
[conditions-ingest] MET void for 24E0 @ 43.5100,-6.7600 (primary:northwest@0.26)
[conditions-ingest] MET void for 24E0 @ 42.9900,-6.2400 (primary:southeast@0.26)
[conditions-ingest] MET void for 24E0 @ 42.9900,-6.7600 (primary:southwest@0.26)
[conditions-ingest] MET void for 24E0 @ 43.2500,-7.2500 (primary:wide@-0.75:0.00)
[conditions-ingest] MET void for 24E0 @ 43.5000,-7.2500 (primary:wide@-0.75:0.25)
[conditions-ingest] MET void for 24E0 @ 43.0000,-7.2500 (primary:wide@-0.75:-0.25)
[conditions-ingest] MET void for 24E0 @ 43.2500,-6.9500 (primary:wide@-0.45:0.00)
[conditions-ingest] MET void for 24E0 @ 43.5000,-6.9500 (primary:wide@-0.45:0.25)
[conditions-ingest] MET void for 24E0 @ 43.0000,-6.9500 (primary:wide@-0.45:-0.25)
[conditions-ingest] MET void for 24E0 @ 43.2500,-6.0500 (primary:wide@0.45:0.00)
[conditions-ingest] MET void for 24E0 @ 43.5000,-6.0500 (primary:wide@0.45:0.25)
[conditions-ingest] MET void for 24E0 @ 43.0000,-6.0500 (primary:wide@0.45:-0.25)
[conditions-ingest] MET void for 24E0 @ 43.2500,-5.7500 (primary:wide@0.75:0.00)
[conditions-ingest] MET void for 24E0 @ 43.5000,-5.7500 (primary:wide@0.75:0.25)
[conditions-ingest] MET void for 24E0 @ 43.0000,-5.7500 (primary:wide@0.75:-0.25)
[conditions-ingest] MET void for 24E0 @ 43.7000,-6.5000 (primary:wide-lat@0.45)
[conditions-ingest] MET void for 24E0 @ 42.8000,-6.5000 (primary:wide-lat@-0.45)
[conditions-ingest] MET void for 24E0 @ 43.2500,-6.2500 (primary:wide@0.25:0.00)
[conditions-ingest] MET void for 24E0 @ 43.2500,-6.7500 (primary:wide@-0.25:0.00)
[conditions-ingest] Open-Meteo recovered marine data for 24E0
[conditions-ingest] Failed to upsert 24E0 {
  code: '23505',
  details: 'Key (rectangle_code, snapshot_day)=(24E0, 2025-10-15) already exists.',
  hint: null,
  message: 'duplicate key value violates unique constraint "uniq_snap_rect_day"'
}
[conditions-ingest] MET void for 24E1 @ 43.7500,-6.5000 (primary)
[conditions-ingest] MET void for 24E1 @ 43.7500,-6.3200 (primary:east@0.18)
[conditions-ingest] MET void for 24E1 @ 43.7500,-6.6800 (primary:west@0.18)
[conditions-ingest] MET void for 24E1 @ 43.9300,-6.5000 (primary:north@0.18)
[conditions-ingest] MET void for 24E1 @ 43.5700,-6.5000 (primary:south@0.18)
[conditions-ingest] MET void for 24E1 @ 44.0100,-6.2400 (primary:northeast@0.26)
[conditions-ingest] MET void for 24E1 @ 44.0100,-6.7600 (primary:northwest@0.26)
[conditions-ingest] MET void for 24E1 @ 43.4900,-6.2400 (primary:southeast@0.26)
[conditions-ingest] MET void for 24E1 @ 43.4900,-6.7600 (primary:southwest@0.26)
[conditions-ingest] MET void for 24E1 @ 43.7500,-7.2500 (primary:wide@-0.75:0.00)
[conditions-ingest] MET void for 24E1 @ 44.0000,-7.2500 (primary:wide@-0.75:0.25)
[conditions-ingest] MET void for 24E1 @ 43.5000,-7.2500 (primary:wide@-0.75:-0.25)
[conditions-ingest] MET void for 24E1 @ 43.7500,-6.9500 (primary:wide@-0.45:0.00)
[conditions-ingest] MET void for 24E1 @ 44.0000,-6.9500 (primary:wide@-0.45:0.25)
[conditions-ingest] MET void for 24E1 @ 43.5000,-6.9500 (primary:wide@-0.45:-0.25)
[conditions-ingest] MET void for 24E1 @ 43.7500,-6.0500 (primary:wide@0.45:0.00)
[conditions-ingest] MET void for 24E1 @ 44.0000,-6.0500 (primary:wide@0.45:0.25)
[conditions-ingest] MET void for 24E1 @ 43.5000,-6.0500 (primary:wide@0.45:-0.25)
[conditions-ingest] MET void for 24E1 @ 43.7500,-5.7500 (primary:wide@0.75:0.00)
[conditions-ingest] MET void for 24E1 @ 44.0000,-5.7500 (primary:wide@0.75:0.25)
[conditions-ingest] MET void for 24E1 @ 43.5000,-5.7500 (primary:wide@0.75:-0.25)
[conditions-ingest] MET void for 24E1 @ 44.2000,-6.5000 (primary:wide-lat@0.45)
[conditions-ingest] MET void for 24E1 @ 43.3000,-6.5000 (primary:wide-lat@-0.45)
[conditions-ingest] MET void for 24E1 @ 43.7500,-6.2500 (primary:wide@0.25:0.00)
[conditions-ingest] MET void for 24E1 @ 43.7500,-6.7500 (primary:wide@-0.25:0.00)
[conditions-ingest] Open-Meteo recovered marine data for 24E1
[conditions-ingest] Failed to upsert 24E1 {
  code: '23505',
  details: 'Key (rectangle_code, snapshot_day)=(24E1, 2025-10-15) already exists.',
  hint: null,
  message: 'duplicate key value violates unique constraint "uniq_snap_rect_day"'
}
[conditions-ingest] MET void for 24E2 @ 43.7500,-7.5000 (primary)
[conditions-ingest] MET void for 24E2 @ 43.7500,-7.3200 (primary:east@0.18)
[conditions-ingest] MET void for 24E2 @ 43.7500,-7.6800 (primary:west@0.18)
[conditions-ingest] MET void for 24E2 @ 43.9300,-7.5000 (primary:north@0.18)
[conditions-ingest] MET void for 24E2 @ 43.5700,-7.5000 (primary:south@0.18)
[conditions-ingest] MET void for 24E2 @ 44.0100,-7.2400 (primary:northeast@0.26)
[conditions-ingest] MET void for 24E2 @ 44.0100,-7.7600 (primary:northwest@0.26)
[conditions-ingest] MET void for 24E2 @ 43.4900,-7.2400 (primary:southeast@0.26)
[conditions-ingest] MET void for 24E2 @ 43.4900,-7.7600 (primary:southwest@0.26)
[conditions-ingest] MET void for 24E2 @ 43.7500,-8.2500 (primary:wide@-0.75:0.00)
[conditions-ingest] MET void for 24E2 @ 44.0000,-8.2500 (primary:wide@-0.75:0.25)
[conditions-ingest] MET void for 24E2 @ 43.5000,-8.2500 (primary:wide@-0.75:-0.25)
[conditions-ingest] MET void for 24E2 @ 43.7500,-7.9500 (primary:wide@-0.45:0.00)
[conditions-ingest] MET void for 24E2 @ 44.0000,-7.9500 (primary:wide@-0.45:0.25)
[conditions-ingest] MET void for 24E2 @ 43.5000,-7.9500 (primary:wide@-0.45:-0.25)
[conditions-ingest] MET void for 24E2 @ 43.7500,-7.0500 (primary:wide@0.45:0.00)
[conditions-ingest] MET void for 24E2 @ 44.0000,-7.0500 (primary:wide@0.45:0.25)
[conditions-ingest] MET void for 24E2 @ 43.5000,-7.0500 (primary:wide@0.45:-0.25)
[conditions-ingest] MET void for 24E2 @ 43.7500,-6.7500 (primary:wide@0.75:0.00)
[conditions-ingest] MET void for 24E2 @ 44.0000,-6.7500 (primary:wide@0.75:0.25)
[conditions-ingest] MET void for 24E2 @ 43.5000,-6.7500 (primary:wide@0.75:-0.25)
[conditions-ingest] MET void for 24E2 @ 44.2000,-7.5000 (primary:wide-lat@0.45)
[conditions-ingest] MET void for 24E2 @ 43.3000,-7.5000 (primary:wide-lat@-0.45)
[conditions-ingest] MET void for 24E2 @ 43.7500,-7.2500 (primary:wide@0.25:0.00)
[conditions-ingest] MET void for 24E2 @ 43.7500,-7.7500 (primary:wide@-0.25:0.00)
[conditions-ingest] Open-Meteo recovered marine data for 24E2
[conditions-ingest] Failed to upsert 24E2 {
  code: '23505',
  details: 'Key (rectangle_code, snapshot_day)=(24E2, 2025-10-15) already exists.',
  hint: null,
  message: 'duplicate key value violates unique constraint "uniq_snap_rect_day"'
}
[conditions-ingest] Failed to upsert 24M2 {
  code: '23503',
  details: 'Key (rectangle_code)=(24M2) is not present in table "ices_rectangles".',
  hint: null,
  message: 'insert or update on table "findr_conditions_snapshots" violates foreign key constraint "findr_conditions_rectangle_fk"'
}
[conditions-ingest] Failed to upsert 24N3 {
  code: '23505',
  details: 'Key (rectangle_code, snapshot_day)=(24N3, 2025-10-15) already exists.',
  hint: null,
  message: 'duplicate key value violates unique constraint "uniq_snap_rect_day"'
}
[conditions-ingest] Failed to upsert 24N4 {
  code: '23505',
  details: 'Key (rectangle_code, snapshot_day)=(24N4, 2025-10-15) already exists.',
  hint: null,
  message: 'duplicate key value violates unique constraint "uniq_snap_rect_day"'
}
[conditions-ingest] MET void for 24N5 @ 56.7500,15.5000 (primary)
[conditions-ingest] MET void for 24N5 @ 56.7500,15.6800 (primary:east@0.18)
[conditions-ingest] MET void for 24N5 @ 56.7500,15.3200 (primary:west@0.18)
[conditions-ingest] MET void for 24N5 @ 56.9300,15.5000 (primary:north@0.18)
[conditions-ingest] MET void for 24N5 @ 56.5700,15.5000 (primary:south@0.18)
[conditions-ingest] MET void for 24N5 @ 57.0100,15.7600 (primary:northeast@0.26)
[conditions-ingest] MET void for 24N5 @ 57.0100,15.2400 (primary:northwest@0.26)
[conditions-ingest] MET void for 24N5 @ 56.4900,15.7600 (primary:southeast@0.26)
[conditions-ingest] MET void for 24N5 @ 56.4900,15.2400 (primary:southwest@0.26)
[conditions-ingest] MET void for 24N5 @ 56.7500,14.7500 (primary:wide@-0.75:0.00)
[conditions-ingest] MET void for 24N5 @ 57.0000,14.7500 (primary:wide@-0.75:0.25)
[conditions-ingest] MET void for 24N5 @ 56.5000,14.7500 (primary:wide@-0.75:-0.25)
[conditions-ingest] MET void for 24N5 @ 56.7500,15.0500 (primary:wide@-0.45:0.00)
[conditions-ingest] MET void for 24N5 @ 57.0000,15.0500 (primary:wide@-0.45:0.25)
[conditions-ingest] MET void for 24N5 @ 56.5000,15.0500 (primary:wide@-0.45:-0.25)
[conditions-ingest] MET void for 24N5 @ 56.7500,15.9500 (primary:wide@0.45:0.00)
[conditions-ingest] MET void for 24N5 @ 57.0000,15.9500 (primary:wide@0.45:0.25)
[conditions-ingest] MET void for 24N5 @ 56.5000,15.9500 (primary:wide@0.45:-0.25)
[conditions-ingest] MET recovered for 24N5 via primary:wide@0.75:0.00 probe @ 56.7500,16.2500
[conditions-ingest] Failed to upsert 24N5 {
  code: '23505',
  details: 'Key (rectangle_code, snapshot_day)=(24N5, 2025-10-15) already exists.',
  hint: null,
  message: 'duplicate key value violates unique constraint "uniq_snap_rect_day"'
}
[conditions-ingest] Failed to upsert 24O3 {
  code: '23505',
  details: 'Key (rectangle_code, snapshot_day)=(24O3, 2025-10-15) already exists.',
  hint: null,
  message: 'duplicate key value violates unique constraint "uniq_snap_rect_day"'
}
[conditions-ingest] Failed to upsert 24Q5 {
  code: '23503',
  details: 'Key (rectangle_code)=(24Q5) is not present in table "ices_rectangles".',
  hint: null,
  message: 'insert or update on table "findr_conditions_snapshots" violates foreign key constraint "findr_conditions_rectangle_fk"'
}
[conditions-ingest] MET void for 25C8 @ 52.5000,-9.0000 (primary)
[conditions-ingest] MET void for 25C8 @ 52.5000,-8.8200 (primary:east@0.18)
[conditions-ingest] MET void for 25C8 @ 52.5000,-9.1800 (primary:west@0.18)
[conditions-ingest] MET recovered for 25C8 via primary:north@0.18 probe @ 52.6800,-9.0000
[conditions-ingest] Failed to upsert 25C8 {
  code: '23505',
  details: 'Key (rectangle_code, snapshot_day)=(25C8, 2025-10-15) already exists.',
  hint: null,
  message: 'duplicate key value violates unique constraint "uniq_snap_rect_day"'
}
[conditions-ingest] MET void for 25D7 @ 41.5000,-8.0000 (primary)
[conditions-ingest] MET void for 25D7 @ 41.5000,-7.8200 (primary:east@0.18)
[conditions-ingest] MET void for 25D7 @ 41.5000,-8.1800 (primary:west@0.18)
[conditions-ingest] MET void for 25D7 @ 41.6800,-8.0000 (primary:north@0.18)
[conditions-ingest] MET void for 25D7 @ 41.3200,-8.0000 (primary:south@0.18)
[conditions-ingest] MET void for 25D7 @ 41.7600,-7.7400 (primary:northeast@0.26)
[conditions-ingest] MET void for 25D7 @ 41.7600,-8.2600 (primary:northwest@0.26)
[conditions-ingest] MET void for 25D7 @ 41.2400,-7.7400 (primary:southeast@0.26)
[conditions-ingest] MET void for 25D7 @ 41.2400,-8.2600 (primary:southwest@0.26)
[conditions-ingest] MET void for 25D7 @ 41.5000,-8.7500 (primary:wide@-0.75:0.00)
[conditions-ingest] MET void for 25D7 @ 41.7500,-8.7500 (primary:wide@-0.75:0.25)
[conditions-ingest] MET void for 25D7 @ 41.2500,-8.7500 (primary:wide@-0.75:-0.25)
[conditions-ingest] MET void for 25D7 @ 41.5000,-8.4500 (primary:wide@-0.45:0.00)
[conditions-ingest] MET void for 25D7 @ 41.7500,-8.4500 (primary:wide@-0.45:0.25)
[conditions-ingest] MET void for 25D7 @ 41.2500,-8.4500 (primary:wide@-0.45:-0.25)
[conditions-ingest] MET void for 25D7 @ 41.5000,-7.5500 (primary:wide@0.45:0.00)
[conditions-ingest] MET void for 25D7 @ 41.7500,-7.5500 (primary:wide@0.45:0.25)
[conditions-ingest] MET void for 25D7 @ 41.2500,-7.5500 (primary:wide@0.45:-0.25)
[conditions-ingest] MET void for 25D7 @ 41.5000,-7.2500 (primary:wide@0.75:0.00)
[conditions-ingest] MET void for 25D7 @ 41.7500,-7.2500 (primary:wide@0.75:0.25)
[conditions-ingest] MET void for 25D7 @ 41.2500,-7.2500 (primary:wide@0.75:-0.25)
[conditions-ingest] MET void for 25D7 @ 41.9500,-8.0000 (primary:wide-lat@0.45)
[conditions-ingest] MET void for 25D7 @ 41.0500,-8.0000 (primary:wide-lat@-0.45)
[conditions-ingest] MET void for 25D7 @ 41.5000,-7.7500 (primary:wide@0.25:0.00)
[conditions-ingest] MET void for 25D7 @ 41.5000,-8.2500 (primary:wide@-0.25:0.00)
[conditions-ingest] Open-Meteo recovered marine data for 25D7
[conditions-ingest] Failed to upsert 25D7 {
  code: '23503',
  details: 'Key (rectangle_code)=(25D7) is not present in table "ices_rectangles".',
  hint: null,
  message: 'insert or update on table "findr_conditions_snapshots" violates foreign key constraint "findr_conditions_rectangle_fk"'
}
[conditions-ingest] MET void for 25D8 @ 53.0000,-9.0000 (primary)
[conditions-ingest] MET void for 25D8 @ 53.0000,-8.8200 (primary:east@0.18)
[conditions-ingest] MET void for 25D8 @ 53.0000,-9.1800 (primary:west@0.18)
[conditions-ingest] MET recovered for 25D8 via primary:north@0.18 probe @ 53.1800,-9.0000
[conditions-ingest] Failed to upsert 25D8 {
  code: '23505',
  details: 'Key (rectangle_code, snapshot_day)=(25D8, 2025-10-15) already exists.',
  hint: null,
  message: 'duplicate key value violates unique constraint "uniq_snap_rect_day"'
}
[conditions-ingest] Failed to upsert 25D9 {
  code: '23505',
  details: 'Key (rectangle_code, snapshot_day)=(25D9, 2025-10-15) already exists.',
  hint: null,
  message: 'duplicate key value violates unique constraint "uniq_snap_rect_day"'
}
[conditions-ingest] MET void for 25E0 @ 43.2500,-5.5000 (primary)
[conditions-ingest] MET void for 25E0 @ 43.2500,-5.3200 (primary:east@0.18)
[conditions-ingest] MET void for 25E0 @ 43.2500,-5.6800 (primary:west@0.18)
[conditions-ingest] MET void for 25E0 @ 43.4300,-5.5000 (primary:north@0.18)
[conditions-ingest] MET void for 25E0 @ 43.0700,-5.5000 (primary:south@0.18)
[conditions-ingest] MET void for 25E0 @ 43.5100,-5.2400 (primary:northeast@0.26)
[conditions-ingest] MET void for 25E0 @ 43.5100,-5.7600 (primary:northwest@0.26)
[conditions-ingest] MET void for 25E0 @ 42.9900,-5.2400 (primary:southeast@0.26)
[conditions-ingest] MET void for 25E0 @ 42.9900,-5.7600 (primary:southwest@0.26)
[conditions-ingest] MET void for 25E0 @ 43.2500,-6.2500 (primary:wide@-0.75:0.00)
[conditions-ingest] MET void for 25E0 @ 43.5000,-6.2500 (primary:wide@-0.75:0.25)
[conditions-ingest] MET void for 25E0 @ 43.0000,-6.2500 (primary:wide@-0.75:-0.25)
[conditions-ingest] MET void for 25E0 @ 43.2500,-5.9500 (primary:wide@-0.45:0.00)
[conditions-ingest] MET void for 25E0 @ 43.5000,-5.9500 (primary:wide@-0.45:0.25)
[conditions-ingest] MET void for 25E0 @ 43.0000,-5.9500 (primary:wide@-0.45:-0.25)
[conditions-ingest] MET void for 25E0 @ 43.2500,-5.0500 (primary:wide@0.45:0.00)
[conditions-ingest] MET void for 25E0 @ 43.5000,-5.0500 (primary:wide@0.45:0.25)
[conditions-ingest] MET void for 25E0 @ 43.0000,-5.0500 (primary:wide@0.45:-0.25)
[conditions-ingest] MET void for 25E0 @ 43.2500,-4.7500 (primary:wide@0.75:0.00)
[conditions-ingest] MET void for 25E0 @ 43.5000,-4.7500 (primary:wide@0.75:0.25)
[conditions-ingest] MET void for 25E0 @ 43.0000,-4.7500 (primary:wide@0.75:-0.25)
[conditions-ingest] MET void for 25E0 @ 43.7000,-5.5000 (primary:wide-lat@0.45)
[conditions-ingest] MET void for 25E0 @ 42.8000,-5.5000 (primary:wide-lat@-0.45)
[conditions-ingest] MET void for 25E0 @ 43.2500,-5.2500 (primary:wide@0.25:0.00)
[conditions-ingest] MET void for 25E0 @ 43.2500,-5.7500 (primary:wide@-0.25:0.00)
[conditions-ingest] Open-Meteo recovered marine data for 25E0
[conditions-ingest] Failed to upsert 25E0 {
  code: '23505',
  details: 'Key (rectangle_code, snapshot_day)=(25E0, 2025-10-15) already exists.',
  hint: null,
  message: 'duplicate key value violates unique constraint "uniq_snap_rect_day"'
}
[conditions-ingest] MET void for 25E1 @ 43.7500,-5.5000 (primary)
[conditions-ingest] MET void for 25E1 @ 43.7500,-5.3200 (primary:east@0.18)
[conditions-ingest] MET void for 25E1 @ 43.7500,-5.6800 (primary:west@0.18)
[conditions-ingest] MET void for 25E1 @ 43.9300,-5.5000 (primary:north@0.18)
[conditions-ingest] MET void for 25E1 @ 43.5700,-5.5000 (primary:south@0.18)
[conditions-ingest] MET void for 25E1 @ 44.0100,-5.2400 (primary:northeast@0.26)
[conditions-ingest] MET void for 25E1 @ 44.0100,-5.7600 (primary:northwest@0.26)
[conditions-ingest] MET void for 25E1 @ 43.4900,-5.2400 (primary:southeast@0.26)
[conditions-ingest] MET void for 25E1 @ 43.4900,-5.7600 (primary:southwest@0.26)
[conditions-ingest] MET void for 25E1 @ 43.7500,-6.2500 (primary:wide@-0.75:0.00)
[conditions-ingest] MET void for 25E1 @ 44.0000,-6.2500 (primary:wide@-0.75:0.25)
[conditions-ingest] MET void for 25E1 @ 43.5000,-6.2500 (primary:wide@-0.75:-0.25)
[conditions-ingest] MET void for 25E1 @ 43.7500,-5.9500 (primary:wide@-0.45:0.00)
[conditions-ingest] MET void for 25E1 @ 44.0000,-5.9500 (primary:wide@-0.45:0.25)
[conditions-ingest] MET void for 25E1 @ 43.5000,-5.9500 (primary:wide@-0.45:-0.25)
[conditions-ingest] MET void for 25E1 @ 43.7500,-5.0500 (primary:wide@0.45:0.00)
[conditions-ingest] MET void for 25E1 @ 44.0000,-5.0500 (primary:wide@0.45:0.25)
[conditions-ingest] MET void for 25E1 @ 43.5000,-5.0500 (primary:wide@0.45:-0.25)
[conditions-ingest] MET void for 25E1 @ 43.7500,-4.7500 (primary:wide@0.75:0.00)
[conditions-ingest] MET void for 25E1 @ 44.0000,-4.7500 (primary:wide@0.75:0.25)
[conditions-ingest] MET void for 25E1 @ 43.5000,-4.7500 (primary:wide@0.75:-0.25)
[conditions-ingest] MET void for 25E1 @ 44.2000,-5.5000 (primary:wide-lat@0.45)
[conditions-ingest] MET void for 25E1 @ 43.3000,-5.5000 (primary:wide-lat@-0.45)
[conditions-ingest] MET void for 25E1 @ 43.7500,-5.2500 (primary:wide@0.25:0.00)
[conditions-ingest] MET void for 25E1 @ 43.7500,-5.7500 (primary:wide@-0.25:0.00)
[conditions-ingest] Open-Meteo recovered marine data for 25E1
[conditions-ingest] Failed to upsert 25E1 {
  code: '23505',
  details: 'Key (rectangle_code, snapshot_day)=(25E1, 2025-10-15) already exists.',
  hint: null,
  message: 'duplicate key value violates unique constraint "uniq_snap_rect_day"'
}
[conditions-ingest] MET void for 25E3 @ 0.0000,0.0000 (primary)
[conditions-ingest] MET void for 25E3 @ 0.0000,0.1800 (primary:east@0.18)
[conditions-ingest] MET void for 25E3 @ 0.0000,-0.1800 (primary:west@0.18)
[conditions-ingest] MET void for 25E3 @ 0.1800,0.0000 (primary:north@0.18)
[conditions-ingest] MET void for 25E3 @ -0.1800,0.0000 (primary:south@0.18)
[conditions-ingest] MET void for 25E3 @ 0.2600,0.2600 (primary:northeast@0.26)
[conditions-ingest] MET void for 25E3 @ 0.2600,-0.2600 (primary:northwest@0.26)
[conditions-ingest] MET void for 25E3 @ -0.2600,0.2600 (primary:southeast@0.26)
[conditions-ingest] MET void for 25E3 @ -0.2600,-0.2600 (primary:southwest@0.26)
[conditions-ingest] MET void for 25E3 @ 0.0000,-0.7500 (primary:wide@-0.75:0.00)
[conditions-ingest] MET void for 25E3 @ 0.2500,-0.7500 (primary:wide@-0.75:0.25)
[conditions-ingest] MET void for 25E3 @ -0.2500,-0.7500 (primary:wide@-0.75:-0.25)
[conditions-ingest] MET void for 25E3 @ 0.0000,-0.4500 (primary:wide@-0.45:0.00)
[conditions-ingest] MET void for 25E3 @ 0.2500,-0.4500 (primary:wide@-0.45:0.25)
[conditions-ingest] MET void for 25E3 @ -0.2500,-0.4500 (primary:wide@-0.45:-0.25)
[conditions-ingest] MET void for 25E3 @ 0.0000,0.4500 (primary:wide@0.45:0.00)
[conditions-ingest] MET void for 25E3 @ 0.2500,0.4500 (primary:wide@0.45:0.25)
[conditions-ingest] MET void for 25E3 @ -0.2500,0.4500 (primary:wide@0.45:-0.25)
[conditions-ingest] MET void for 25E3 @ 0.0000,0.7500 (primary:wide@0.75:0.00)
[conditions-ingest] MET void for 25E3 @ 0.2500,0.7500 (primary:wide@0.75:0.25)
[conditions-ingest] MET void for 25E3 @ -0.2500,0.7500 (primary:wide@0.75:-0.25)
[conditions-ingest] MET void for 25E3 @ 0.4500,0.0000 (primary:wide-lat@0.45)
[conditions-ingest] MET void for 25E3 @ -0.4500,0.0000 (primary:wide-lat@-0.45)
[conditions-ingest] MET void for 25E3 @ 0.0000,0.2500 (primary:wide@0.25:0.00)
[conditions-ingest] MET void for 25E3 @ 0.0000,-0.2500 (primary:wide@-0.25:0.00)
[conditions-ingest] Open-Meteo recovered marine data for 25E3
[conditions-ingest] Failed to upsert 25E3 {
  code: '23505',
  details: 'Key (rectangle_code, snapshot_day)=(25E3, 2025-10-15) already exists.',
  hint: null,
  message: 'duplicate key value violates unique constraint "uniq_snap_rect_day"'
}
[conditions-ingest] Failed to upsert 25J7 {
  code: '23505',
  details: 'Key (rectangle_code, snapshot_day)=(25J7, 2025-10-15) already exists.',
  hint: null,
  message: 'duplicate key value violates unique constraint "uniq_snap_rect_day"'
}
[conditions-ingest] Failed to upsert 25J8 {
  code: '23505',
  details: 'Key (rectangle_code, snapshot_day)=(25J8, 2025-10-15) already exists.',
  hint: null,
  message: 'duplicate key value violates unique constraint "uniq_snap_rect_day"'
}
[conditions-ingest] MET void for 25K7 @ 52.0000,0.5000 (primary)
[conditions-ingest] MET void for 25K7 @ 52.0000,0.6800 (primary:east@0.18)
[conditions-ingest] MET void for 25K7 @ 52.0000,0.3200 (primary:west@0.18)
[conditions-ingest] MET void for 25K7 @ 52.1800,0.5000 (primary:north@0.18)
[conditions-ingest] MET void for 25K7 @ 51.8200,0.5000 (primary:south@0.18)
[conditions-ingest] MET void for 25K7 @ 52.2600,0.7600 (primary:northeast@0.26)
[conditions-ingest] MET recovered for 25K7 via primary:northwest@0.26 probe @ 52.2600,0.2400
[conditions-ingest] Failed to upsert 25K7 {
  code: '23505',
  details: 'Key (rectangle_code, snapshot_day)=(25K7, 2025-10-15) already exists.',
  hint: null,
  message: 'duplicate key value violates unique constraint "uniq_snap_rect_day"'
}
[conditions-ingest] Failed to upsert 25K8 {
  code: '23505',
  details: 'Key (rectangle_code, snapshot_day)=(25K8, 2025-10-15) already exists.',
  hint: null,
  message: 'duplicate key value violates unique constraint "uniq_snap_rect_day"'
}
[conditions-ingest] Failed to upsert 25L7 {
  code: '23505',
  details: 'Key (rectangle_code, snapshot_day)=(25L7, 2025-10-15) already exists.',
  hint: null,
  message: 'duplicate key value violates unique constraint "uniq_snap_rect_day"'
}
[conditions-ingest] MET void for 25L8 @ 52.5000,1.5000 (primary)
[conditions-ingest] MET recovered for 25L8 via primary:east@0.18 probe @ 52.5000,1.6800
[conditions-ingest] Failed to upsert 25L8 {
  code: '23505',
  details: 'Key (rectangle_code, snapshot_day)=(25L8, 2025-10-15) already exists.',
  hint: null,
  message: 'duplicate key value violates unique constraint "uniq_snap_rect_day"'
}
[conditions-ingest] Failed to upsert 25M2 {
  code: '23505',
  details: 'Key (rectangle_code, snapshot_day)=(25M2, 2025-10-15) already exists.',
  hint: null,
  message: 'duplicate key value violates unique constraint "uniq_snap_rect_day"'
}
[conditions-ingest] Failed to upsert 25M7 {
  code: '23505',
  details: 'Key (rectangle_code, snapshot_day)=(25M7, 2025-10-15) already exists.',
  hint: null,
  message: 'duplicate key value violates unique constraint "uniq_snap_rect_day"'
}
[conditions-ingest] Failed to upsert 25M8 {
  code: '23505',
  details: 'Key (rectangle_code, snapshot_day)=(25M8, 2025-10-15) already exists.',
  hint: null,
  message: 'duplicate key value violates unique constraint "uniq_snap_rect_day"'
}
[conditions-ingest] Failed to upsert 25N4 {
  code: '23505',
  details: 'Key (rectangle_code, snapshot_day)=(25N4, 2025-10-15) already exists.',
  hint: null,
  message: 'duplicate key value violates unique constraint "uniq_snap_rect_day"'
}
[conditions-ingest] Failed to upsert 25N5 {
  code: '23505',
  details: 'Key (rectangle_code, snapshot_day)=(25N5, 2025-10-15) already exists.',
  hint: null,
  message: 'duplicate key value violates unique constraint "uniq_snap_rect_day"'
}
[conditions-ingest] MET void for 25N7 @ 53.5000,-0.5000 (primary)
[conditions-ingest] MET void for 25N7 @ 53.5000,-0.3200 (primary:east@0.18)
[conditions-ingest] MET void for 25N7 @ 53.5000,-0.6800 (primary:west@0.18)
[conditions-ingest] MET recovered for 25N7 via primary:north@0.18 probe @ 53.6800,-0.5000
[conditions-ingest] Failed to upsert 25N7 {
  code: '23505',
  details: 'Key (rectangle_code, snapshot_day)=(25N7, 2025-10-15) already exists.',
  hint: null,
  message: 'duplicate key value violates unique constraint "uniq_snap_rect_day"'
}
[conditions-ingest] Failed to upsert 25O3 {
  code: '23505',
  details: 'Key (rectangle_code, snapshot_day)=(25O3, 2025-10-15) already exists.',
  hint: null,
  message: 'duplicate key value violates unique constraint "uniq_snap_rect_day"'
}
[conditions-ingest] MET void for 25O6 @ 54.0000,-0.5000 (primary)
[conditions-ingest] MET recovered for 25O6 via primary:east@0.18 probe @ 54.0000,-0.3200
[conditions-ingest] Failed to upsert 25O6 {
  code: '23505',
  details: 'Key (rectangle_code, snapshot_day)=(25O6, 2025-10-15) already exists.',
  hint: null,
  message: 'duplicate key value violates unique constraint "uniq_snap_rect_day"'
}
[conditions-ingest] Failed to upsert 25P1 {
  code: '23505',
  details: 'Key (rectangle_code, snapshot_day)=(25P1, 2025-10-15) already exists.',
  hint: null,
  message: 'duplicate key value violates unique constraint "uniq_snap_rect_day"'
}
[conditions-ingest] Failed to upsert 25P2 {
  code: '23505',
  details: 'Key (rectangle_code, snapshot_day)=(25P2, 2025-10-15) already exists.',
  hint: null,
  message: 'duplicate key value violates unique constraint "uniq_snap_rect_day"'
}
[conditions-ingest] Failed to upsert 25Q5 {
  code: '23505',
  details: 'Key (rectangle_code, snapshot_day)=(25Q5, 2025-10-15) already exists.',
  hint: null,
  message: 'duplicate key value violates unique constraint "uniq_snap_rect_day"'
}
[conditions-ingest] Failed to upsert 25Q6 {
  code: '23505',
  details: 'Key (rectangle_code, snapshot_day)=(25Q6, 2025-10-15) already exists.',
  hint: null,
  message: 'duplicate key value violates unique constraint "uniq_snap_rect_day"'
}
[conditions-ingest] Failed to upsert 26C7 {
  code: '23505',
  details: 'Key (rectangle_code, snapshot_day)=(26C7, 2025-10-15) already exists.',
  hint: null,
  message: 'duplicate key value violates unique constraint "uniq_snap_rect_day"'
}
[conditions-ingest] MET void for 26C8 @ 52.0000,-9.0000 (primary)
[conditions-ingest] MET void for 26C8 @ 52.0000,-8.8200 (primary:east@0.18)
[conditions-ingest] MET void for 26C8 @ 52.0000,-9.1800 (primary:west@0.18)
[conditions-ingest] MET void for 26C8 @ 52.1800,-9.0000 (primary:north@0.18)
[conditions-ingest] MET void for 26C8 @ 51.8200,-9.0000 (primary:south@0.18)
[conditions-ingest] MET void for 26C8 @ 52.2600,-8.7400 (primary:northeast@0.26)
[conditions-ingest] MET void for 26C8 @ 52.2600,-9.2600 (primary:northwest@0.26)
[conditions-ingest] MET void for 26C8 @ 51.7400,-8.7400 (primary:southeast@0.26)
[conditions-ingest] MET void for 26C8 @ 51.7400,-9.2600 (primary:southwest@0.26)
[conditions-ingest] MET void for 26C8 @ 52.0000,-9.7500 (primary:wide@-0.75:0.00)
[conditions-ingest] MET recovered for 26C8 via primary:wide@-0.75:0.25 probe @ 52.2500,-9.7500
[conditions-ingest] Failed to upsert 26C8 {
  code: '23505',
  details: 'Key (rectangle_code, snapshot_day)=(26C8, 2025-10-15) already exists.',
  hint: null,
  message: 'duplicate key value violates unique constraint "uniq_snap_rect_day"'
}
[conditions-ingest] MET void for 26D6 @ 40.2500,-9.0000 (primary)
[conditions-ingest] MET void for 26D6 @ 40.2500,-8.8200 (primary:east@0.18)
[conditions-ingest] MET void for 26D6 @ 40.2500,-9.1800 (primary:west@0.18)
[conditions-ingest] MET void for 26D6 @ 40.4300,-9.0000 (primary:north@0.18)
[conditions-ingest] MET void for 26D6 @ 40.0700,-9.0000 (primary:south@0.18)
[conditions-ingest] MET void for 26D6 @ 40.5100,-8.7400 (primary:northeast@0.26)
[conditions-ingest] MET void for 26D6 @ 40.5100,-9.2600 (primary:northwest@0.26)
[conditions-ingest] MET void for 26D6 @ 39.9900,-8.7400 (primary:southeast@0.26)
[conditions-ingest] MET void for 26D6 @ 39.9900,-9.2600 (primary:southwest@0.26)
[conditions-ingest] MET void for 26D6 @ 40.2500,-9.7500 (primary:wide@-0.75:0.00)
[conditions-ingest] MET void for 26D6 @ 40.5000,-9.7500 (primary:wide@-0.75:0.25)
[conditions-ingest] MET void for 26D6 @ 40.0000,-9.7500 (primary:wide@-0.75:-0.25)
[conditions-ingest] MET void for 26D6 @ 40.2500,-9.4500 (primary:wide@-0.45:0.00)
[conditions-ingest] MET void for 26D6 @ 40.5000,-9.4500 (primary:wide@-0.45:0.25)
[conditions-ingest] MET void for 26D6 @ 40.0000,-9.4500 (primary:wide@-0.45:-0.25)
[conditions-ingest] MET void for 26D6 @ 40.2500,-8.5500 (primary:wide@0.45:0.00)
[conditions-ingest] MET void for 26D6 @ 40.5000,-8.5500 (primary:wide@0.45:0.25)
[conditions-ingest] MET void for 26D6 @ 40.0000,-8.5500 (primary:wide@0.45:-0.25)
[conditions-ingest] MET void for 26D6 @ 40.2500,-8.2500 (primary:wide@0.75:0.00)
[conditions-ingest] MET void for 26D6 @ 40.5000,-8.2500 (primary:wide@0.75:0.25)
[conditions-ingest] MET void for 26D6 @ 40.0000,-8.2500 (primary:wide@0.75:-0.25)
[conditions-ingest] MET void for 26D6 @ 40.7000,-9.0000 (primary:wide-lat@0.45)
[conditions-ingest] MET void for 26D6 @ 39.8000,-9.0000 (primary:wide-lat@-0.45)
[conditions-ingest] MET void for 26D6 @ 40.2500,-8.7500 (primary:wide@0.25:0.00)
[conditions-ingest] MET void for 26D6 @ 40.2500,-9.2500 (primary:wide@-0.25:0.00)
[conditions-ingest] Open-Meteo recovered marine data for 26D6
[conditions-ingest] Failed to upsert 26D6 {
  code: '23505',
  details: 'Key (rectangle_code, snapshot_day)=(26D6, 2025-10-15) already exists.',
  hint: null,
  message: 'duplicate key value violates unique constraint "uniq_snap_rect_day"'
}
[conditions-ingest] MET void for 26D8 @ 53.5000,-9.0000 (primary)
[conditions-ingest] MET void for 26D8 @ 53.5000,-8.8200 (primary:east@0.18)
[conditions-ingest] MET void for 26D8 @ 53.5000,-9.1800 (primary:west@0.18)
[conditions-ingest] MET void for 26D8 @ 53.6800,-9.0000 (primary:north@0.18)
[conditions-ingest] MET recovered for 26D8 via primary:south@0.18 probe @ 53.3200,-9.0000
[conditions-ingest] Failed to upsert 26D8 {
  code: '23505',
  details: 'Key (rectangle_code, snapshot_day)=(26D8, 2025-10-15) already exists.',
  hint: null,
  message: 'duplicate key value violates unique constraint "uniq_snap_rect_day"'
}
[conditions-ingest] Failed to upsert 26D9 {
  code: '23505',
  details: 'Key (rectangle_code, snapshot_day)=(26D9, 2025-10-15) already exists.',
  hint: null,
  message: 'duplicate key value violates unique constraint "uniq_snap_rect_day"'
}
[conditions-ingest] MET void for 26E0 @ 43.2500,-4.5000 (primary)
[conditions-ingest] MET void for 26E0 @ 43.2500,-4.3200 (primary:east@0.18)
[conditions-ingest] MET void for 26E0 @ 43.2500,-4.6800 (primary:west@0.18)
[conditions-ingest] MET void for 26E0 @ 43.4300,-4.5000 (primary:north@0.18)
[conditions-ingest] MET void for 26E0 @ 43.0700,-4.5000 (primary:south@0.18)
[conditions-ingest] MET void for 26E0 @ 43.5100,-4.2400 (primary:northeast@0.26)
[conditions-ingest] MET void for 26E0 @ 43.5100,-4.7600 (primary:northwest@0.26)
[conditions-ingest] MET void for 26E0 @ 42.9900,-4.2400 (primary:southeast@0.26)
[conditions-ingest] MET void for 26E0 @ 42.9900,-4.7600 (primary:southwest@0.26)
[conditions-ingest] MET void for 26E0 @ 43.2500,-5.2500 (primary:wide@-0.75:0.00)
[conditions-ingest] MET void for 26E0 @ 43.5000,-5.2500 (primary:wide@-0.75:0.25)
[conditions-ingest] MET void for 26E0 @ 43.0000,-5.2500 (primary:wide@-0.75:-0.25)
[conditions-ingest] MET void for 26E0 @ 43.2500,-4.9500 (primary:wide@-0.45:0.00)
[conditions-ingest] MET void for 26E0 @ 43.5000,-4.9500 (primary:wide@-0.45:0.25)
[conditions-ingest] MET void for 26E0 @ 43.0000,-4.9500 (primary:wide@-0.45:-0.25)
[conditions-ingest] MET void for 26E0 @ 43.2500,-4.0500 (primary:wide@0.45:0.00)
[conditions-ingest] MET void for 26E0 @ 43.5000,-4.0500 (primary:wide@0.45:0.25)
[conditions-ingest] MET void for 26E0 @ 43.0000,-4.0500 (primary:wide@0.45:-0.25)
[conditions-ingest] MET void for 26E0 @ 43.2500,-3.7500 (primary:wide@0.75:0.00)
[conditions-ingest] MET void for 26E0 @ 43.5000,-3.7500 (primary:wide@0.75:0.25)
[conditions-ingest] MET void for 26E0 @ 43.0000,-3.7500 (primary:wide@0.75:-0.25)
[conditions-ingest] MET void for 26E0 @ 43.7000,-4.5000 (primary:wide-lat@0.45)
[conditions-ingest] MET void for 26E0 @ 42.8000,-4.5000 (primary:wide-lat@-0.45)
[conditions-ingest] MET void for 26E0 @ 43.2500,-4.2500 (primary:wide@0.25:0.00)
[conditions-ingest] MET void for 26E0 @ 43.2500,-4.7500 (primary:wide@-0.25:0.00)
[conditions-ingest] Open-Meteo recovered marine data for 26E0
[conditions-ingest] Failed to upsert 26E0 {
  code: '23505',
  details: 'Key (rectangle_code, snapshot_day)=(26E0, 2025-10-15) already exists.',
  hint: null,
  message: 'duplicate key value violates unique constraint "uniq_snap_rect_day"'
}
[conditions-ingest] MET void for 26E1 @ 43.7500,-4.5000 (primary)
[conditions-ingest] MET void for 26E1 @ 43.7500,-4.3200 (primary:east@0.18)
[conditions-ingest] MET void for 26E1 @ 43.7500,-4.6800 (primary:west@0.18)
[conditions-ingest] MET void for 26E1 @ 43.9300,-4.5000 (primary:north@0.18)
[conditions-ingest] MET void for 26E1 @ 43.5700,-4.5000 (primary:south@0.18)
[conditions-ingest] MET void for 26E1 @ 44.0100,-4.2400 (primary:northeast@0.26)
[conditions-ingest] MET void for 26E1 @ 44.0100,-4.7600 (primary:northwest@0.26)
[conditions-ingest] MET void for 26E1 @ 43.4900,-4.2400 (primary:southeast@0.26)
[conditions-ingest] MET void for 26E1 @ 43.4900,-4.7600 (primary:southwest@0.26)
[conditions-ingest] MET void for 26E1 @ 43.7500,-5.2500 (primary:wide@-0.75:0.00)
[conditions-ingest] MET void for 26E1 @ 44.0000,-5.2500 (primary:wide@-0.75:0.25)
[conditions-ingest] MET void for 26E1 @ 43.5000,-5.2500 (primary:wide@-0.75:-0.25)
[conditions-ingest] MET void for 26E1 @ 43.7500,-4.9500 (primary:wide@-0.45:0.00)
[conditions-ingest] MET void for 26E1 @ 44.0000,-4.9500 (primary:wide@-0.45:0.25)
[conditions-ingest] MET void for 26E1 @ 43.5000,-4.9500 (primary:wide@-0.45:-0.25)
[conditions-ingest] MET void for 26E1 @ 43.7500,-4.0500 (primary:wide@0.45:0.00)
[conditions-ingest] MET void for 26E1 @ 44.0000,-4.0500 (primary:wide@0.45:0.25)
[conditions-ingest] MET void for 26E1 @ 43.5000,-4.0500 (primary:wide@0.45:-0.25)
[conditions-ingest] MET void for 26E1 @ 43.7500,-3.7500 (primary:wide@0.75:0.00)
[conditions-ingest] MET void for 26E1 @ 44.0000,-3.7500 (primary:wide@0.75:0.25)
[conditions-ingest] MET void for 26E1 @ 43.5000,-3.7500 (primary:wide@0.75:-0.25)
[conditions-ingest] MET void for 26E1 @ 44.2000,-4.5000 (primary:wide-lat@0.45)
[conditions-ingest] MET void for 26E1 @ 43.3000,-4.5000 (primary:wide-lat@-0.45)
[conditions-ingest] MET void for 26E1 @ 43.7500,-4.2500 (primary:wide@0.25:0.00)
[conditions-ingest] MET void for 26E1 @ 43.7500,-4.7500 (primary:wide@-0.25:0.00)
[conditions-ingest] Open-Meteo recovered marine data for 26E1
[conditions-ingest] Failed to upsert 26E1 {
  code: '23505',
  details: 'Key (rectangle_code, snapshot_day)=(26E1, 2025-10-15) already exists.',
  hint: null,
  message: 'duplicate key value violates unique constraint "uniq_snap_rect_day"'
}
[conditions-ingest] MET void for 26E4 @ 0.0000,0.0000 (primary)
[conditions-ingest] MET void for 26E4 @ 0.0000,0.1800 (primary:east@0.18)
[conditions-ingest] MET void for 26E4 @ 0.0000,-0.1800 (primary:west@0.18)
[conditions-ingest] MET void for 26E4 @ 0.1800,0.0000 (primary:north@0.18)
[conditions-ingest] MET void for 26E4 @ -0.1800,0.0000 (primary:south@0.18)
[conditions-ingest] MET void for 26E4 @ 0.2600,0.2600 (primary:northeast@0.26)
[conditions-ingest] MET void for 26E4 @ 0.2600,-0.2600 (primary:northwest@0.26)
[conditions-ingest] MET void for 26E4 @ -0.2600,0.2600 (primary:southeast@0.26)
[conditions-ingest] MET void for 26E4 @ -0.2600,-0.2600 (primary:southwest@0.26)
[conditions-ingest] MET void for 26E4 @ 0.0000,-0.7500 (primary:wide@-0.75:0.00)
[conditions-ingest] MET void for 26E4 @ 0.2500,-0.7500 (primary:wide@-0.75:0.25)
[conditions-ingest] MET void for 26E4 @ -0.2500,-0.7500 (primary:wide@-0.75:-0.25)
[conditions-ingest] MET void for 26E4 @ 0.0000,-0.4500 (primary:wide@-0.45:0.00)
[conditions-ingest] MET void for 26E4 @ 0.2500,-0.4500 (primary:wide@-0.45:0.25)
[conditions-ingest] MET void for 26E4 @ -0.2500,-0.4500 (primary:wide@-0.45:-0.25)
[conditions-ingest] MET void for 26E4 @ 0.0000,0.4500 (primary:wide@0.45:0.00)
[conditions-ingest] MET void for 26E4 @ 0.2500,0.4500 (primary:wide@0.45:0.25)
[conditions-ingest] MET void for 26E4 @ -0.2500,0.4500 (primary:wide@0.45:-0.25)
[conditions-ingest] MET void for 26E4 @ 0.0000,0.7500 (primary:wide@0.75:0.00)
[conditions-ingest] MET void for 26E4 @ 0.2500,0.7500 (primary:wide@0.75:0.25)
[conditions-ingest] MET void for 26E4 @ -0.2500,0.7500 (primary:wide@0.75:-0.25)
[conditions-ingest] MET void for 26E4 @ 0.4500,0.0000 (primary:wide-lat@0.45)
[conditions-ingest] MET void for 26E4 @ -0.4500,0.0000 (primary:wide-lat@-0.45)
[conditions-ingest] MET void for 26E4 @ 0.0000,0.2500 (primary:wide@0.25:0.00)
[conditions-ingest] MET void for 26E4 @ 0.0000,-0.2500 (primary:wide@-0.25:0.00)
[conditions-ingest] Open-Meteo recovered marine data for 26E4
[conditions-ingest] Failed to upsert 26E4 {
  code: '23505',
  details: 'Key (rectangle_code, snapshot_day)=(26E4, 2025-10-15) already exists.',
  hint: null,
  message: 'duplicate key value violates unique constraint "uniq_snap_rect_day"'
}
[conditions-ingest] Failed to upsert 26M2 {
  code: '23505',
  details: 'Key (rectangle_code, snapshot_day)=(26M2, 2025-10-15) already exists.',
  hint: null,
  message: 'duplicate key value violates unique constraint "uniq_snap_rect_day"'
}
[conditions-ingest] Failed to upsert 26N5 {
  code: '23503',
  details: 'Key (rectangle_code)=(26N5) is not present in table "ices_rectangles".',
  hint: null,
  message: 'insert or update on table "findr_conditions_snapshots" violates foreign key constraint "findr_conditions_rectangle_fk"'
}
[conditions-ingest] MET void for 26O3 @ 58.7500,11.5000 (primary)
[conditions-ingest] MET void for 26O3 @ 58.7500,11.6800 (primary:east@0.18)
[conditions-ingest] MET void for 26O3 @ 58.7500,11.3200 (primary:west@0.18)
[conditions-ingest] MET void for 26O3 @ 58.9300,11.5000 (primary:north@0.18)
[conditions-ingest] MET void for 26O3 @ 58.5700,11.5000 (primary:south@0.18)
[conditions-ingest] MET void for 26O3 @ 59.0100,11.7600 (primary:northeast@0.26)
[conditions-ingest] MET recovered for 26O3 via primary:northwest@0.26 probe @ 59.0100,11.2400
[conditions-ingest] Failed to upsert 26O3 {
  code: '23505',
  details: 'Key (rectangle_code, snapshot_day)=(26O3, 2025-10-15) already exists.',
  hint: null,
  message: 'duplicate key value violates unique constraint "uniq_snap_rect_day"'
}
[conditions-ingest] Failed to upsert 26O6 {
  code: '23505',
  details: 'Key (rectangle_code, snapshot_day)=(26O6, 2025-10-15) already exists.',
  hint: null,
  message: 'duplicate key value violates unique constraint "uniq_snap_rect_day"'
}
[conditions-ingest] Failed to upsert 26P1 {
  code: '23505',
  details: 'Key (rectangle_code, snapshot_day)=(26P1, 2025-10-15) already exists.',
  hint: null,
  message: 'duplicate key value violates unique constraint "uniq_snap_rect_day"'
}
[conditions-ingest] MET void for 26P2 @ 58.7500,6.5000 (primary)
[conditions-ingest] MET void for 26P2 @ 58.7500,6.6800 (primary:east@0.18)
[conditions-ingest] MET void for 26P2 @ 58.7500,6.3200 (primary:west@0.18)
[conditions-ingest] MET void for 26P2 @ 58.9300,6.5000 (primary:north@0.18)
[conditions-ingest] MET void for 26P2 @ 58.5700,6.5000 (primary:south@0.18)
[conditions-ingest] MET recovered for 26P2 via primary:northeast@0.26 probe @ 59.0100,6.7600
[conditions-ingest] Failed to upsert 26P2 {
  code: '23505',
  details: 'Key (rectangle_code, snapshot_day)=(26P2, 2025-10-15) already exists.',
  hint: null,
  message: 'duplicate key value violates unique constraint "uniq_snap_rect_day"'
}
[conditions-ingest] Failed to upsert 26P5 {
  code: '23505',
  details: 'Key (rectangle_code, snapshot_day)=(26P5, 2025-10-15) already exists.',
  hint: null,
  message: 'duplicate key value violates unique constraint "uniq_snap_rect_day"'
}
[conditions-ingest] Failed to upsert 26Q5 {
  code: '23505',
  details: 'Key (rectangle_code, snapshot_day)=(26Q5, 2025-10-15) already exists.',
  hint: null,
  message: 'duplicate key value violates unique constraint "uniq_snap_rect_day"'
}
[conditions-ingest] MET void for 26Q6 @ 60.2500,23.5000 (primary)
[conditions-ingest] MET void for 26Q6 @ 60.2500,23.6800 (primary:east@0.18)
[conditions-ingest] MET void for 26Q6 @ 60.2500,23.3200 (primary:west@0.18)
[conditions-ingest] MET void for 26Q6 @ 60.4300,23.5000 (primary:north@0.18)
[conditions-ingest] MET void for 26Q6 @ 60.0700,23.5000 (primary:south@0.18)
[conditions-ingest] MET void for 26Q6 @ 60.5100,23.7600 (primary:northeast@0.26)
[conditions-ingest] MET void for 26Q6 @ 60.5100,23.2400 (primary:northwest@0.26)
[conditions-ingest] MET recovered for 26Q6 via primary:southeast@0.26 probe @ 59.9900,23.7600
[conditions-ingest] Failed to upsert 26Q6 {
  code: '23505',
  details: 'Key (rectangle_code, snapshot_day)=(26Q6, 2025-10-15) already exists.',
  hint: null,
  message: 'duplicate key value violates unique constraint "uniq_snap_rect_day"'
}
[conditions-ingest] Failed to upsert 26R0 {
  code: '23505',
  details: 'Key (rectangle_code, snapshot_day)=(26R0, 2025-10-15) already exists.',
  hint: null,
  message: 'duplicate key value violates unique constraint "uniq_snap_rect_day"'
}
[conditions-ingest] Failed to upsert 26R1 {
  code: '23505',
  details: 'Key (rectangle_code, snapshot_day)=(26R1, 2025-10-15) already exists.',
  hint: null,
  message: 'duplicate key value violates unique constraint "uniq_snap_rect_day"'
}
[conditions-ingest] MET void for 26R2 @ 51.5000,-3.5000 (primary)
[conditions-ingest] MET void for 26R2 @ 51.5000,-3.3200 (primary:east@0.18)
[conditions-ingest] MET recovered for 26R2 via primary:west@0.18 probe @ 51.5000,-3.6800
[conditions-ingest] Failed to upsert 26R2 {
  code: '23505',
  details: 'Key (rectangle_code, snapshot_day)=(26R2, 2025-10-15) already exists.',
  hint: null,
  message: 'duplicate key value violates unique constraint "uniq_snap_rect_day"'
}
[conditions-ingest] MET void for 26R3 @ 53.0000,-3.5000 (primary)
[conditions-ingest] MET void for 26R3 @ 53.0000,-3.3200 (primary:east@0.18)
[conditions-ingest] MET void for 26R3 @ 53.0000,-3.6800 (primary:west@0.18)
[conditions-ingest] MET void for 26R3 @ 53.1800,-3.5000 (primary:north@0.18)
[conditions-ingest] MET void for 26R3 @ 52.8200,-3.5000 (primary:south@0.18)
[conditions-ingest] MET recovered for 26R3 via primary:northeast@0.26 probe @ 53.2600,-3.2400
[conditions-ingest] Failed to upsert 26R3 {
  code: '23505',
  details: 'Key (rectangle_code, snapshot_day)=(26R3, 2025-10-15) already exists.',
  hint: null,
  message: 'duplicate key value violates unique constraint "uniq_snap_rect_day"'
}
[conditions-ingest] Failed to upsert 26S0 {
  code: '23503',
  details: 'Key (rectangle_code)=(26S0) is not present in table "ices_rectangles".',
  hint: null,
  message: 'insert or update on table "findr_conditions_snapshots" violates foreign key constraint "findr_conditions_rectangle_fk"'
}
[conditions-ingest] Failed to upsert 26S1 {
  code: '23505',
  details: 'Key (rectangle_code, snapshot_day)=(26S1, 2025-10-15) already exists.',
  hint: null,
  message: 'duplicate key value violates unique constraint "uniq_snap_rect_day"'
}
[conditions-ingest] Failed to upsert 26S2 {
  code: '23505',
  details: 'Key (rectangle_code, snapshot_day)=(26S2, 2025-10-15) already exists.',
  hint: null,
  message: 'duplicate key value violates unique constraint "uniq_snap_rect_day"'
}
[conditions-ingest] Failed to upsert 26T0 {
  code: '23505',
  details: 'Key (rectangle_code, snapshot_day)=(26T0, 2025-10-15) already exists.',
  hint: null,
  message: 'duplicate key value violates unique constraint "uniq_snap_rect_day"'
}
[conditions-ingest] Failed to upsert 26T9 {
  code: '23505',
  details: 'Key (rectangle_code, snapshot_day)=(26T9, 2025-10-15) already exists.',
  hint: null,
  message: 'duplicate key value violates unique constraint "uniq_snap_rect_day"'
}
[conditions-ingest] Failed to upsert 27C7 {
  code: '23505',
  details: 'Key (rectangle_code, snapshot_day)=(27C7, 2025-10-15) already exists.',
  hint: null,
  message: 'duplicate key value violates unique constraint "uniq_snap_rect_day"'
}
[conditions-ingest] MET void for 27D7 @ 40.7500,-8.5000 (primary)
[conditions-ingest] MET void for 27D7 @ 40.7500,-8.3200 (primary:east@0.18)
[conditions-ingest] MET void for 27D7 @ 40.7500,-8.6800 (primary:west@0.18)
[conditions-ingest] MET void for 27D7 @ 40.9300,-8.5000 (primary:north@0.18)
[conditions-ingest] MET void for 27D7 @ 40.5700,-8.5000 (primary:south@0.18)
[conditions-ingest] MET void for 27D7 @ 41.0100,-8.2400 (primary:northeast@0.26)
[conditions-ingest] MET void for 27D7 @ 41.0100,-8.7600 (primary:northwest@0.26)
[conditions-ingest] MET void for 27D7 @ 40.4900,-8.2400 (primary:southeast@0.26)
[conditions-ingest] MET void for 27D7 @ 40.4900,-8.7600 (primary:southwest@0.26)
[conditions-ingest] MET void for 27D7 @ 40.7500,-9.2500 (primary:wide@-0.75:0.00)
[conditions-ingest] MET void for 27D7 @ 41.0000,-9.2500 (primary:wide@-0.75:0.25)
[conditions-ingest] MET void for 27D7 @ 40.5000,-9.2500 (primary:wide@-0.75:-0.25)
[conditions-ingest] MET void for 27D7 @ 40.7500,-8.9500 (primary:wide@-0.45:0.00)
[conditions-ingest] MET void for 27D7 @ 41.0000,-8.9500 (primary:wide@-0.45:0.25)
[conditions-ingest] MET void for 27D7 @ 40.5000,-8.9500 (primary:wide@-0.45:-0.25)
[conditions-ingest] MET void for 27D7 @ 40.7500,-8.0500 (primary:wide@0.45:0.00)
[conditions-ingest] MET void for 27D7 @ 41.0000,-8.0500 (primary:wide@0.45:0.25)
[conditions-ingest] MET void for 27D7 @ 40.5000,-8.0500 (primary:wide@0.45:-0.25)
[conditions-ingest] MET void for 27D7 @ 40.7500,-7.7500 (primary:wide@0.75:0.00)
[conditions-ingest] MET void for 27D7 @ 41.0000,-7.7500 (primary:wide@0.75:0.25)
[conditions-ingest] MET void for 27D7 @ 40.5000,-7.7500 (primary:wide@0.75:-0.25)
[conditions-ingest] MET void for 27D7 @ 41.2000,-8.5000 (primary:wide-lat@0.45)
[conditions-ingest] MET void for 27D7 @ 40.3000,-8.5000 (primary:wide-lat@-0.45)
[conditions-ingest] MET void for 27D7 @ 40.7500,-8.2500 (primary:wide@0.25:0.00)
[conditions-ingest] MET void for 27D7 @ 40.7500,-8.7500 (primary:wide@-0.25:0.00)
[conditions-ingest] Open-Meteo recovered marine data for 27D7
[conditions-ingest] Failed to upsert 27D7 {
  code: '23505',
  details: 'Key (rectangle_code, snapshot_day)=(27D7, 2025-10-15) already exists.',
  hint: null,
  message: 'duplicate key value violates unique constraint "uniq_snap_rect_day"'
}
[conditions-ingest] MET void for 27D8 @ 54.0000,-9.0000 (primary)
[conditions-ingest] MET void for 27D8 @ 54.0000,-8.8200 (primary:east@0.18)
[conditions-ingest] MET void for 27D8 @ 54.0000,-9.1800 (primary:west@0.18)
[conditions-ingest] MET void for 27D8 @ 54.1800,-9.0000 (primary:north@0.18)
[conditions-ingest] MET void for 27D8 @ 53.8200,-9.0000 (primary:south@0.18)
[conditions-ingest] MET recovered for 27D8 via primary:northeast@0.26 probe @ 54.2600,-8.7400
[conditions-ingest] Failed to upsert 27D8 {
  code: '23505',
  details: 'Key (rectangle_code, snapshot_day)=(27D8, 2025-10-15) already exists.',
  hint: null,
  message: 'duplicate key value violates unique constraint "uniq_snap_rect_day"'
}
[conditions-ingest] Failed to upsert 27D9 {
  code: '23505',
  details: 'Key (rectangle_code, snapshot_day)=(27D9, 2025-10-15) already exists.',
  hint: null,
  message: 'duplicate key value violates unique constraint "uniq_snap_rect_day"'
}
[conditions-ingest] Failed to upsert 27F1 {
  code: '23505',
  details: 'Key (rectangle_code, snapshot_day)=(27F1, 2025-10-15) already exists.',
  hint: null,
  message: 'duplicate key value violates unique constraint "uniq_snap_rect_day"'
}
[conditions-ingest] Failed to upsert 27G0 {
  code: '23505',
  details: 'Key (rectangle_code, snapshot_day)=(27G0, 2025-10-15) already exists.',
  hint: null,
  message: 'duplicate key value violates unique constraint "uniq_snap_rect_day"'
}
[conditions-ingest] Failed to upsert 27G1 {
  code: '23505',
  details: 'Key (rectangle_code, snapshot_day)=(27G1, 2025-10-15) already exists.',
  hint: null,
  message: 'duplicate key value violates unique constraint "uniq_snap_rect_day"'
}
[conditions-ingest] Failed to upsert 27G2 {
  code: '23505',
  details: 'Key (rectangle_code, snapshot_day)=(27G2, 2025-10-15) already exists.',
  hint: null,
  message: 'duplicate key value violates unique constraint "uniq_snap_rect_day"'
}
[conditions-ingest] Failed to upsert 27G3 {
  code: '23505',
  details: 'Key (rectangle_code, snapshot_day)=(27G3, 2025-10-15) already exists.',
  hint: null,
  message: 'duplicate key value violates unique constraint "uniq_snap_rect_day"'
}
[conditions-ingest] Failed to upsert 27G4 {
  code: '23505',
  details: 'Key (rectangle_code, snapshot_day)=(27G4, 2025-10-15) already exists.',
  hint: null,
  message: 'duplicate key value violates unique constraint "uniq_snap_rect_day"'
}
[conditions-ingest] MET void for 27H1 @ 50.5000,-4.5000 (primary)
[conditions-ingest] MET void for 27H1 @ 50.5000,-4.3200 (primary:east@0.18)
[conditions-ingest] MET void for 27H1 @ 50.5000,-4.6800 (primary:west@0.18)
[conditions-ingest] MET void for 27H1 @ 50.6800,-4.5000 (primary:north@0.18)
[conditions-ingest] MET recovered for 27H1 via primary:south@0.18 probe @ 50.3200,-4.5000
[conditions-ingest] Failed to upsert 27H1 {
  code: '23505',
  details: 'Key (rectangle_code, snapshot_day)=(27H1, 2025-10-15) already exists.',
  hint: null,
  message: 'duplicate key value violates unique constraint "uniq_snap_rect_day"'
}
[conditions-ingest] Failed to upsert 27H3 {
  code: '23505',
  details: 'Key (rectangle_code, snapshot_day)=(27H3, 2025-10-15) already exists.',
  hint: null,
  message: 'duplicate key value violates unique constraint "uniq_snap_rect_day"'
}
[conditions-ingest] Failed to upsert 27H4 {
  code: '23505',
  details: 'Key (rectangle_code, snapshot_day)=(27H4, 2025-10-15) already exists.',
  hint: null,
  message: 'duplicate key value violates unique constraint "uniq_snap_rect_day"'
}
[conditions-ingest] Failed to upsert 27H5 {
  code: '23505',
  details: 'Key (rectangle_code, snapshot_day)=(27H5, 2025-10-15) already exists.',
  hint: null,
  message: 'duplicate key value violates unique constraint "uniq_snap_rect_day"'
}
[conditions-ingest] Failed to upsert 27H6 {
  code: '23505',
  details: 'Key (rectangle_code, snapshot_day)=(27H6, 2025-10-15) already exists.',
  hint: null,
  message: 'duplicate key value violates unique constraint "uniq_snap_rect_day"'
}
[conditions-ingest] MET void for 27I5 @ 51.0000,-0.5000 (primary)
[conditions-ingest] MET void for 27I5 @ 51.0000,-0.3200 (primary:east@0.18)
[conditions-ingest] MET void for 27I5 @ 51.0000,-0.6800 (primary:west@0.18)
[conditions-ingest] MET void for 27I5 @ 51.1800,-0.5000 (primary:north@0.18)
[conditions-ingest] MET recovered for 27I5 via primary:south@0.18 probe @ 50.8200,-0.5000
[conditions-ingest] Failed to upsert 27I5 {
  code: '23505',
  details: 'Key (rectangle_code, snapshot_day)=(27I5, 2025-10-15) already exists.',
  hint: null,
  message: 'duplicate key value violates unique constraint "uniq_snap_rect_day"'
}
[conditions-ingest] MET void for 27I6 @ 51.0000,0.5000 (primary)
[conditions-ingest] MET void for 27I6 @ 51.0000,0.6800 (primary:east@0.18)
[conditions-ingest] MET void for 27I6 @ 51.0000,0.3200 (primary:west@0.18)
[conditions-ingest] MET void for 27I6 @ 51.1800,0.5000 (primary:north@0.18)
[conditions-ingest] MET recovered for 27I6 via primary:south@0.18 probe @ 50.8200,0.5000
[conditions-ingest] Failed to upsert 27I6 {
  code: '23505',
  details: 'Key (rectangle_code, snapshot_day)=(27I6, 2025-10-15) already exists.',
  hint: null,
  message: 'duplicate key value violates unique constraint "uniq_snap_rect_day"'
}
[conditions-ingest] Failed to upsert 27I7 {
  code: '23505',
  details: 'Key (rectangle_code, snapshot_day)=(27I7, 2025-10-15) already exists.',
  hint: null,
  message: 'duplicate key value violates unique constraint "uniq_snap_rect_day"'
}
[conditions-ingest] MET void for 27I8 @ 51.0000,2.5000 (primary)
[conditions-ingest] MET void for 27I8 @ 51.0000,2.6800 (primary:east@0.18)
[conditions-ingest] MET recovered for 27I8 via primary:west@0.18 probe @ 51.0000,2.3200
[conditions-ingest] Failed to upsert 27I8 {
  code: '23505',
  details: 'Key (rectangle_code, snapshot_day)=(27I8, 2025-10-15) already exists.',
  hint: null,
  message: 'duplicate key value violates unique constraint "uniq_snap_rect_day"'
}
[conditions-ingest] Failed to upsert 27J8 {
  code: '23505',
  details: 'Key (rectangle_code, snapshot_day)=(27J8, 2025-10-15) already exists.',
  hint: null,
  message: 'duplicate key value violates unique constraint "uniq_snap_rect_day"'
}
[conditions-ingest] Failed to upsert 27M2 {
  code: '23505',
  details: 'Key (rectangle_code, snapshot_day)=(27M2, 2025-10-15) already exists.',
  hint: null,
  message: 'duplicate key value violates unique constraint "uniq_snap_rect_day"'
}
[conditions-ingest] Failed to upsert 27N5 {
  code: '23503',
  details: 'Key (rectangle_code)=(27N5) is not present in table "ices_rectangles".',
  hint: null,
  message: 'insert or update on table "findr_conditions_snapshots" violates foreign key constraint "findr_conditions_rectangle_fk"'
}
[conditions-ingest] MET void for 27O2 @ 59.2500,11.5000 (primary)
[conditions-ingest] MET void for 27O2 @ 59.2500,11.6800 (primary:east@0.18)
[conditions-ingest] MET void for 27O2 @ 59.2500,11.3200 (primary:west@0.18)
[conditions-ingest] MET void for 27O2 @ 59.4300,11.5000 (primary:north@0.18)
[conditions-ingest] MET void for 27O2 @ 59.0700,11.5000 (primary:south@0.18)
[conditions-ingest] MET void for 27O2 @ 59.5100,11.7600 (primary:northeast@0.26)
[conditions-ingest] MET void for 27O2 @ 59.5100,11.2400 (primary:northwest@0.26)
[conditions-ingest] MET void for 27O2 @ 58.9900,11.7600 (primary:southeast@0.26)
[conditions-ingest] MET recovered for 27O2 via primary:southwest@0.26 probe @ 58.9900,11.2400
[conditions-ingest] Failed to upsert 27O2 {
  code: '23505',
  details: 'Key (rectangle_code, snapshot_day)=(27O2, 2025-10-15) already exists.',
  hint: null,
  message: 'duplicate key value violates unique constraint "uniq_snap_rect_day"'
}
[conditions-ingest] Failed to upsert 27P1 {
  code: '23505',
  details: 'Key (rectangle_code, snapshot_day)=(27P1, 2025-10-15) already exists.',
  hint: null,
  message: 'duplicate key value violates unique constraint "uniq_snap_rect_day"'
}
[conditions-ingest] Failed to upsert 27P5 {
  code: '23505',
  details: 'Key (rectangle_code, snapshot_day)=(27P5, 2025-10-15) already exists.',
  hint: null,
  message: 'duplicate key value violates unique constraint "uniq_snap_rect_day"'
}
[conditions-ingest] MET void for 27Q6 @ 60.7500,24.5000 (primary)
[conditions-ingest] MET void for 27Q6 @ 60.7500,24.6800 (primary:east@0.18)
[conditions-ingest] MET void for 27Q6 @ 60.7500,24.3200 (primary:west@0.18)
[conditions-ingest] MET void for 27Q6 @ 60.9300,24.5000 (primary:north@0.18)
[conditions-ingest] MET void for 27Q6 @ 60.5700,24.5000 (primary:south@0.18)
[conditions-ingest] MET void for 27Q6 @ 61.0100,24.7600 (primary:northeast@0.26)
[conditions-ingest] MET void for 27Q6 @ 61.0100,24.2400 (primary:northwest@0.26)
[conditions-ingest] MET void for 27Q6 @ 60.4900,24.7600 (primary:southeast@0.26)
[conditions-ingest] MET void for 27Q6 @ 60.4900,24.2400 (primary:southwest@0.26)
[conditions-ingest] MET void for 27Q6 @ 60.7500,23.7500 (primary:wide@-0.75:0.00)
[conditions-ingest] MET void for 27Q6 @ 61.0000,23.7500 (primary:wide@-0.75:0.25)
[conditions-ingest] MET void for 27Q6 @ 60.5000,23.7500 (primary:wide@-0.75:-0.25)
[conditions-ingest] MET void for 27Q6 @ 60.7500,24.0500 (primary:wide@-0.45:0.00)
[conditions-ingest] MET void for 27Q6 @ 61.0000,24.0500 (primary:wide@-0.45:0.25)
[conditions-ingest] MET void for 27Q6 @ 60.5000,24.0500 (primary:wide@-0.45:-0.25)
[conditions-ingest] MET void for 27Q6 @ 60.7500,24.9500 (primary:wide@0.45:0.00)
[conditions-ingest] MET void for 27Q6 @ 61.0000,24.9500 (primary:wide@0.45:0.25)
[conditions-ingest] MET void for 27Q6 @ 60.5000,24.9500 (primary:wide@0.45:-0.25)
[conditions-ingest] MET void for 27Q6 @ 60.7500,25.2500 (primary:wide@0.75:0.00)
[conditions-ingest] MET void for 27Q6 @ 61.0000,25.2500 (primary:wide@0.75:0.25)
[conditions-ingest] MET void for 27Q6 @ 60.5000,25.2500 (primary:wide@0.75:-0.25)
[conditions-ingest] MET void for 27Q6 @ 61.2000,24.5000 (primary:wide-lat@0.45)
[conditions-ingest] MET void for 27Q6 @ 60.3000,24.5000 (primary:wide-lat@-0.45)
[conditions-ingest] MET void for 27Q6 @ 60.7500,24.7500 (primary:wide@0.25:0.00)
[conditions-ingest] MET void for 27Q6 @ 60.7500,24.2500 (primary:wide@-0.25:0.00)
[conditions-ingest] Open-Meteo recovered marine data for 27Q6
[conditions-ingest] Failed to upsert 27Q6 {
  code: '23503',
  details: 'Key (rectangle_code)=(27Q6) is not present in table "ices_rectangles".',
  hint: null,
  message: 'insert or update on table "findr_conditions_snapshots" violates foreign key constraint "findr_conditions_rectangle_fk"'
}
[conditions-ingest] MET void for 27R2 @ 52.0000,-3.5000 (primary)
[conditions-ingest] MET void for 27R2 @ 52.0000,-3.3200 (primary:east@0.18)
[conditions-ingest] MET void for 27R2 @ 52.0000,-3.6800 (primary:west@0.18)
[conditions-ingest] MET void for 27R2 @ 52.1800,-3.5000 (primary:north@0.18)
[conditions-ingest] MET void for 27R2 @ 51.8200,-3.5000 (primary:south@0.18)
[conditions-ingest] MET void for 27R2 @ 52.2600,-3.2400 (primary:northeast@0.26)
[conditions-ingest] MET void for 27R2 @ 52.2600,-3.7600 (primary:northwest@0.26)
[conditions-ingest] MET void for 27R2 @ 51.7400,-3.2400 (primary:southeast@0.26)
[conditions-ingest] MET void for 27R2 @ 51.7400,-3.7600 (primary:southwest@0.26)
[conditions-ingest] MET void for 27R2 @ 52.0000,-4.2500 (primary:wide@-0.75:0.00)
[conditions-ingest] MET recovered for 27R2 via primary:wide@-0.75:0.25 probe @ 52.2500,-4.2500
[conditions-ingest] Failed to upsert 27R2 {
  code: '23505',
  details: 'Key (rectangle_code, snapshot_day)=(27R2, 2025-10-15) already exists.',
  hint: null,
  message: 'duplicate key value violates unique constraint "uniq_snap_rect_day"'
}
[conditions-ingest] Failed to upsert 27R3 {
  code: '23505',
  details: 'Key (rectangle_code, snapshot_day)=(27R3, 2025-10-15) already exists.',
  hint: null,
  message: 'duplicate key value violates unique constraint "uniq_snap_rect_day"'
}
[conditions-ingest] Failed to upsert 27T9 {
  code: '23503',
  details: 'Key (rectangle_code)=(27T9) is not present in table "ices_rectangles".',
  hint: null,
  message: 'insert or update on table "findr_conditions_snapshots" violates foreign key constraint "findr_conditions_rectangle_fk"'
}
[conditions-ingest] Failed to upsert 28D8 {
  code: '23505',
  details: 'Key (rectangle_code, snapshot_day)=(28D8, 2025-10-15) already exists.',
  hint: null,
  message: 'duplicate key value violates unique constraint "uniq_snap_rect_day"'
}
[conditions-ingest] Failed to upsert 28D9 {
  code: '23505',
  details: 'Key (rectangle_code, snapshot_day)=(28D9, 2025-10-15) already exists.',
  hint: null,
  message: 'duplicate key value violates unique constraint "uniq_snap_rect_day"'
}
[conditions-ingest] Failed to upsert 28F2 {
  code: '23505',
  details: 'Key (rectangle_code, snapshot_day)=(28F2, 2025-10-15) already exists.',
  hint: null,
  message: 'duplicate key value violates unique constraint "uniq_snap_rect_day"'
}
[conditions-ingest] MET void for 28F4 @ 48.0000,-4.0000 (primary)
[conditions-ingest] MET void for 28F4 @ 48.0000,-3.8200 (primary:east@0.18)
[conditions-ingest] MET void for 28F4 @ 48.0000,-4.1800 (primary:west@0.18)
[conditions-ingest] MET void for 28F4 @ 48.1800,-4.0000 (primary:north@0.18)
[conditions-ingest] MET recovered for 28F4 via primary:south@0.18 probe @ 47.8200,-4.0000
[conditions-ingest] Failed to upsert 28F4 {
  code: '23505',
  details: 'Key (rectangle_code, snapshot_day)=(28F4, 2025-10-15) already exists.',
  hint: null,
  message: 'duplicate key value violates unique constraint "uniq_snap_rect_day"'
}
[conditions-ingest] Failed to upsert 28M1 {
  code: '23505',
  details: 'Key (rectangle_code, snapshot_day)=(28M1, 2025-10-15) already exists.',
  hint: null,
  message: 'duplicate key value violates unique constraint "uniq_snap_rect_day"'
}
[conditions-ingest] Failed to upsert 28N5 {
  code: '23505',
  details: 'Key (rectangle_code, snapshot_day)=(28N5, 2025-10-15) already exists.',
  hint: null,
  message: 'duplicate key value violates unique constraint "uniq_snap_rect_day"'
}
[conditions-ingest] MET void for 28O2 @ 59.7500,11.5000 (primary)
[conditions-ingest] MET void for 28O2 @ 59.7500,11.6800 (primary:east@0.18)
[conditions-ingest] MET void for 28O2 @ 59.7500,11.3200 (primary:west@0.18)
[conditions-ingest] MET void for 28O2 @ 59.9300,11.5000 (primary:north@0.18)
[conditions-ingest] MET void for 28O2 @ 59.5700,11.5000 (primary:south@0.18)
[conditions-ingest] MET void for 28O2 @ 60.0100,11.7600 (primary:northeast@0.26)
[conditions-ingest] MET void for 28O2 @ 60.0100,11.2400 (primary:northwest@0.26)
[conditions-ingest] MET void for 28O2 @ 59.4900,11.7600 (primary:southeast@0.26)
[conditions-ingest] MET void for 28O2 @ 59.4900,11.2400 (primary:southwest@0.26)
[conditions-ingest] MET recovered for 28O2 via primary:wide@-0.75:0.00 probe @ 59.7500,10.7500
[conditions-ingest] Failed to upsert 28O2 {
  code: '23505',
  details: 'Key (rectangle_code, snapshot_day)=(28O2, 2025-10-15) already exists.',
  hint: null,
  message: 'duplicate key value violates unique constraint "uniq_snap_rect_day"'
}
[conditions-ingest] Failed to upsert 28P1 {
  code: '23503',
  details: 'Key (rectangle_code)=(28P1) is not present in table "ices_rectangles".',
  hint: null,
  message: 'insert or update on table "findr_conditions_snapshots" violates foreign key constraint "findr_conditions_rectangle_fk"'
}
[conditions-ingest] Failed to upsert 28P5 {
  code: '23505',
  details: 'Key (rectangle_code, snapshot_day)=(28P5, 2025-10-15) already exists.',
  hint: null,
  message: 'duplicate key value violates unique constraint "uniq_snap_rect_day"'
}
[conditions-ingest] MET void for 28Q6 @ 61.2500,25.5000 (primary)
[conditions-ingest] MET void for 28Q6 @ 61.2500,25.6800 (primary:east@0.18)
[conditions-ingest] MET void for 28Q6 @ 61.2500,25.3200 (primary:west@0.18)
[conditions-ingest] MET void for 28Q6 @ 61.4300,25.5000 (primary:north@0.18)
[conditions-ingest] MET void for 28Q6 @ 61.0700,25.5000 (primary:south@0.18)
[conditions-ingest] MET void for 28Q6 @ 61.5100,25.7600 (primary:northeast@0.26)
[conditions-ingest] MET void for 28Q6 @ 61.5100,25.2400 (primary:northwest@0.26)
[conditions-ingest] MET void for 28Q6 @ 60.9900,25.7600 (primary:southeast@0.26)
[conditions-ingest] MET void for 28Q6 @ 60.9900,25.2400 (primary:southwest@0.26)
[conditions-ingest] MET void for 28Q6 @ 61.2500,24.7500 (primary:wide@-0.75:0.00)
[conditions-ingest] MET void for 28Q6 @ 61.5000,24.7500 (primary:wide@-0.75:0.25)
[conditions-ingest] MET void for 28Q6 @ 61.0000,24.7500 (primary:wide@-0.75:-0.25)
[conditions-ingest] MET void for 28Q6 @ 61.2500,25.0500 (primary:wide@-0.45:0.00)
[conditions-ingest] MET void for 28Q6 @ 61.5000,25.0500 (primary:wide@-0.45:0.25)
[conditions-ingest] MET void for 28Q6 @ 61.0000,25.0500 (primary:wide@-0.45:-0.25)
[conditions-ingest] MET void for 28Q6 @ 61.2500,25.9500 (primary:wide@0.45:0.00)
[conditions-ingest] MET void for 28Q6 @ 61.5000,25.9500 (primary:wide@0.45:0.25)
[conditions-ingest] MET void for 28Q6 @ 61.0000,25.9500 (primary:wide@0.45:-0.25)
[conditions-ingest] MET void for 28Q6 @ 61.2500,26.2500 (primary:wide@0.75:0.00)
[conditions-ingest] MET void for 28Q6 @ 61.5000,26.2500 (primary:wide@0.75:0.25)
[conditions-ingest] MET void for 28Q6 @ 61.0000,26.2500 (primary:wide@0.75:-0.25)
[conditions-ingest] MET void for 28Q6 @ 61.7000,25.5000 (primary:wide-lat@0.45)
[conditions-ingest] MET void for 28Q6 @ 60.8000,25.5000 (primary:wide-lat@-0.45)
[conditions-ingest] MET void for 28Q6 @ 61.2500,25.7500 (primary:wide@0.25:0.00)
[conditions-ingest] MET void for 28Q6 @ 61.2500,25.2500 (primary:wide@-0.25:0.00)
[conditions-ingest] Open-Meteo recovered marine data for 28Q6
[conditions-ingest] Failed to upsert 28Q6 {
  code: '23503',
  details: 'Key (rectangle_code)=(28Q6) is not present in table "ices_rectangles".',
  hint: null,
  message: 'insert or update on table "findr_conditions_snapshots" violates foreign key constraint "findr_conditions_rectangle_fk"'
}
[conditions-ingest] Failed to upsert 28R3 {
  code: '23505',
  details: 'Key (rectangle_code, snapshot_day)=(28R3, 2025-10-15) already exists.',
  hint: null,
  message: 'duplicate key value violates unique constraint "uniq_snap_rect_day"'
}
[conditions-ingest] Failed to upsert 28T9 {
  code: '23505',
  details: 'Key (rectangle_code, snapshot_day)=(28T9, 2025-10-15) already exists.',
  hint: null,
  message: 'duplicate key value violates unique constraint "uniq_snap_rect_day"'
}
[conditions-ingest] Failed to upsert 29D8 {
  code: '23505',
  details: 'Key (rectangle_code, snapshot_day)=(29D8, 2025-10-15) already exists.',
  hint: null,
  message: 'duplicate key value violates unique constraint "uniq_snap_rect_day"'
}
[conditions-ingest] Failed to upsert 29D9 {
  code: '23503',
  details: 'Key (rectangle_code)=(29D9) is not present in table "ices_rectangles".',
  hint: null,
  message: 'insert or update on table "findr_conditions_snapshots" violates foreign key constraint "findr_conditions_rectangle_fk"'
}
[conditions-ingest] MET void for 29E6 @ 0.0000,0.0000 (primary)
[conditions-ingest] MET void for 29E6 @ 0.0000,0.1800 (primary:east@0.18)
[conditions-ingest] MET void for 29E6 @ 0.0000,-0.1800 (primary:west@0.18)
[conditions-ingest] MET void for 29E6 @ 0.1800,0.0000 (primary:north@0.18)
[conditions-ingest] MET void for 29E6 @ -0.1800,0.0000 (primary:south@0.18)
[conditions-ingest] MET void for 29E6 @ 0.2600,0.2600 (primary:northeast@0.26)
[conditions-ingest] MET void for 29E6 @ 0.2600,-0.2600 (primary:northwest@0.26)
[conditions-ingest] MET void for 29E6 @ -0.2600,0.2600 (primary:southeast@0.26)
[conditions-ingest] MET void for 29E6 @ -0.2600,-0.2600 (primary:southwest@0.26)
[conditions-ingest] MET void for 29E6 @ 0.0000,-0.7500 (primary:wide@-0.75:0.00)
[conditions-ingest] MET void for 29E6 @ 0.2500,-0.7500 (primary:wide@-0.75:0.25)
[conditions-ingest] MET void for 29E6 @ -0.2500,-0.7500 (primary:wide@-0.75:-0.25)
[conditions-ingest] MET void for 29E6 @ 0.0000,-0.4500 (primary:wide@-0.45:0.00)
[conditions-ingest] MET void for 29E6 @ 0.2500,-0.4500 (primary:wide@-0.45:0.25)
[conditions-ingest] MET void for 29E6 @ -0.2500,-0.4500 (primary:wide@-0.45:-0.25)
[conditions-ingest] MET void for 29E6 @ 0.0000,0.4500 (primary:wide@0.45:0.00)
[conditions-ingest] MET void for 29E6 @ 0.2500,0.4500 (primary:wide@0.45:0.25)
[conditions-ingest] MET void for 29E6 @ -0.2500,0.4500 (primary:wide@0.45:-0.25)
[conditions-ingest] MET void for 29E6 @ 0.0000,0.7500 (primary:wide@0.75:0.00)
[conditions-ingest] MET void for 29E6 @ 0.2500,0.7500 (primary:wide@0.75:0.25)
[conditions-ingest] MET void for 29E6 @ -0.2500,0.7500 (primary:wide@0.75:-0.25)
[conditions-ingest] MET void for 29E6 @ 0.4500,0.0000 (primary:wide-lat@0.45)
[conditions-ingest] MET void for 29E6 @ -0.4500,0.0000 (primary:wide-lat@-0.45)
[conditions-ingest] MET void for 29E6 @ 0.0000,0.2500 (primary:wide@0.25:0.00)
[conditions-ingest] MET void for 29E6 @ 0.0000,-0.2500 (primary:wide@-0.25:0.00)
[conditions-ingest] Open-Meteo recovered marine data for 29E6
[conditions-ingest] Failed to upsert 29E6 {
  code: '23505',
  details: 'Key (rectangle_code, snapshot_day)=(29E6, 2025-10-15) already exists.',
  hint: null,
  message: 'duplicate key value violates unique constraint "uniq_snap_rect_day"'
}
[conditions-ingest] MET void for 29E7 @ 0.0000,0.0000 (primary)
[conditions-ingest] MET void for 29E7 @ 0.0000,0.1800 (primary:east@0.18)
[conditions-ingest] MET void for 29E7 @ 0.0000,-0.1800 (primary:west@0.18)
[conditions-ingest] MET void for 29E7 @ 0.1800,0.0000 (primary:north@0.18)
[conditions-ingest] MET void for 29E7 @ -0.1800,0.0000 (primary:south@0.18)
[conditions-ingest] MET void for 29E7 @ 0.2600,0.2600 (primary:northeast@0.26)
[conditions-ingest] MET void for 29E7 @ 0.2600,-0.2600 (primary:northwest@0.26)
[conditions-ingest] MET void for 29E7 @ -0.2600,0.2600 (primary:southeast@0.26)
[conditions-ingest] MET void for 29E7 @ -0.2600,-0.2600 (primary:southwest@0.26)
[conditions-ingest] MET void for 29E7 @ 0.0000,-0.7500 (primary:wide@-0.75:0.00)
[conditions-ingest] MET void for 29E7 @ 0.2500,-0.7500 (primary:wide@-0.75:0.25)
[conditions-ingest] MET void for 29E7 @ -0.2500,-0.7500 (primary:wide@-0.75:-0.25)
[conditions-ingest] MET void for 29E7 @ 0.0000,-0.4500 (primary:wide@-0.45:0.00)
[conditions-ingest] MET void for 29E7 @ 0.2500,-0.4500 (primary:wide@-0.45:0.25)
[conditions-ingest] MET void for 29E7 @ -0.2500,-0.4500 (primary:wide@-0.45:-0.25)
[conditions-ingest] MET void for 29E7 @ 0.0000,0.4500 (primary:wide@0.45:0.00)
[conditions-ingest] MET void for 29E7 @ 0.2500,0.4500 (primary:wide@0.45:0.25)
[conditions-ingest] MET void for 29E7 @ -0.2500,0.4500 (primary:wide@0.45:-0.25)
[conditions-ingest] MET void for 29E7 @ 0.0000,0.7500 (primary:wide@0.75:0.00)
[conditions-ingest] MET void for 29E7 @ 0.2500,0.7500 (primary:wide@0.75:0.25)
[conditions-ingest] MET void for 29E7 @ -0.2500,0.7500 (primary:wide@0.75:-0.25)
[conditions-ingest] MET void for 29E7 @ 0.4500,0.0000 (primary:wide-lat@0.45)
[conditions-ingest] MET void for 29E7 @ -0.4500,0.0000 (primary:wide-lat@-0.45)
[conditions-ingest] MET void for 29E7 @ 0.0000,0.2500 (primary:wide@0.25:0.00)
[conditions-ingest] MET void for 29E7 @ 0.0000,-0.2500 (primary:wide@-0.25:0.00)
[conditions-ingest] Open-Meteo recovered marine data for 29E7
[conditions-ingest] Failed to upsert 29E7 {
  code: '23505',
  details: 'Key (rectangle_code, snapshot_day)=(29E7, 2025-10-15) already exists.',
  hint: null,
  message: 'duplicate key value violates unique constraint "uniq_snap_rect_day"'
}
[conditions-ingest] MET void for 29F3 @ 48.0000,-3.0000 (primary)
[conditions-ingest] MET void for 29F3 @ 48.0000,-2.8200 (primary:east@0.18)
[conditions-ingest] MET void for 29F3 @ 48.0000,-3.1800 (primary:west@0.18)
[conditions-ingest] MET void for 29F3 @ 48.1800,-3.0000 (primary:north@0.18)
[conditions-ingest] MET void for 29F3 @ 47.8200,-3.0000 (primary:south@0.18)
[conditions-ingest] MET void for 29F3 @ 48.2600,-2.7400 (primary:northeast@0.26)
[conditions-ingest] MET void for 29F3 @ 48.2600,-3.2600 (primary:northwest@0.26)
[conditions-ingest] MET void for 29F3 @ 47.7400,-2.7400 (primary:southeast@0.26)
[conditions-ingest] MET recovered for 29F3 via primary:southwest@0.26 probe @ 47.7400,-3.2600
[conditions-ingest] Failed to upsert 29F3 {
  code: '23505',
  details: 'Key (rectangle_code, snapshot_day)=(29F3, 2025-10-15) already exists.',
  hint: null,
  message: 'duplicate key value violates unique constraint "uniq_snap_rect_day"'
}
[conditions-ingest] Failed to upsert 29N5 {
  code: '23505',
  details: 'Key (rectangle_code, snapshot_day)=(29N5, 2025-10-15) already exists.',
  hint: null,
  message: 'duplicate key value violates unique constraint "uniq_snap_rect_day"'
}
[conditions-ingest] Failed to upsert 29P1 {
  code: '23505',
  details: 'Key (rectangle_code, snapshot_day)=(29P1, 2025-10-15) already exists.',
  hint: null,
  message: 'duplicate key value violates unique constraint "uniq_snap_rect_day"'
}
[conditions-ingest] Failed to upsert 29Q4 {
  code: '23505',
  details: 'Key (rectangle_code, snapshot_day)=(29Q4, 2025-10-15) already exists.',
  hint: null,
  message: 'duplicate key value violates unique constraint "uniq_snap_rect_day"'
}
[conditions-ingest] MET void for 29Q6 @ 61.7500,26.5000 (primary)
[conditions-ingest] MET void for 29Q6 @ 61.7500,26.6800 (primary:east@0.18)
[conditions-ingest] MET void for 29Q6 @ 61.7500,26.3200 (primary:west@0.18)
[conditions-ingest] MET void for 29Q6 @ 61.9300,26.5000 (primary:north@0.18)
[conditions-ingest] MET void for 29Q6 @ 61.5700,26.5000 (primary:south@0.18)
[conditions-ingest] MET void for 29Q6 @ 62.0100,26.7600 (primary:northeast@0.26)
[conditions-ingest] MET void for 29Q6 @ 62.0100,26.2400 (primary:northwest@0.26)
[conditions-ingest] MET void for 29Q6 @ 61.4900,26.7600 (primary:southeast@0.26)
[conditions-ingest] MET void for 29Q6 @ 61.4900,26.2400 (primary:southwest@0.26)
[conditions-ingest] MET void for 29Q6 @ 61.7500,25.7500 (primary:wide@-0.75:0.00)
[conditions-ingest] MET void for 29Q6 @ 62.0000,25.7500 (primary:wide@-0.75:0.25)
[conditions-ingest] MET void for 29Q6 @ 61.5000,25.7500 (primary:wide@-0.75:-0.25)
[conditions-ingest] MET void for 29Q6 @ 61.7500,26.0500 (primary:wide@-0.45:0.00)
[conditions-ingest] MET void for 29Q6 @ 62.0000,26.0500 (primary:wide@-0.45:0.25)
[conditions-ingest] MET void for 29Q6 @ 61.5000,26.0500 (primary:wide@-0.45:-0.25)
[conditions-ingest] MET void for 29Q6 @ 61.7500,26.9500 (primary:wide@0.45:0.00)
[conditions-ingest] MET void for 29Q6 @ 62.0000,26.9500 (primary:wide@0.45:0.25)
[conditions-ingest] MET void for 29Q6 @ 61.5000,26.9500 (primary:wide@0.45:-0.25)
[conditions-ingest] MET void for 29Q6 @ 61.7500,27.2500 (primary:wide@0.75:0.00)
[conditions-ingest] MET void for 29Q6 @ 62.0000,27.2500 (primary:wide@0.75:0.25)
[conditions-ingest] MET void for 29Q6 @ 61.5000,27.2500 (primary:wide@0.75:-0.25)
[conditions-ingest] MET void for 29Q6 @ 62.2000,26.5000 (primary:wide-lat@0.45)
[conditions-ingest] MET void for 29Q6 @ 61.3000,26.5000 (primary:wide-lat@-0.45)
[conditions-ingest] MET void for 29Q6 @ 61.7500,26.7500 (primary:wide@0.25:0.00)
[conditions-ingest] MET void for 29Q6 @ 61.7500,26.2500 (primary:wide@-0.25:0.00)
[conditions-ingest] Open-Meteo recovered marine data for 29Q6
[conditions-ingest] Failed to upsert 29Q6 {
  code: '23503',
  details: 'Key (rectangle_code)=(29Q6) is not present in table "ices_rectangles".',
  hint: null,
  message: 'insert or update on table "findr_conditions_snapshots" violates foreign key constraint "findr_conditions_rectangle_fk"'
}
[conditions-ingest] Failed to upsert 29T9 {
  code: '23505',
  details: 'Key (rectangle_code, snapshot_day)=(29T9, 2025-10-15) already exists.',
  hint: null,
  message: 'duplicate key value violates unique constraint "uniq_snap_rect_day"'
}
[conditions-ingest] Failed to upsert 30D5 {
  code: '23505',
  details: 'Key (rectangle_code, snapshot_day)=(30D5, 2025-10-15) already exists.',
  hint: null,
  message: 'duplicate key value violates unique constraint "uniq_snap_rect_day"'
}
[conditions-ingest] Failed to upsert 30D6 {
  code: '23505',
  details: 'Key (rectangle_code, snapshot_day)=(30D6, 2025-10-15) already exists.',
  hint: null,
  message: 'duplicate key value violates unique constraint "uniq_snap_rect_day"'
}
[conditions-ingest] Failed to upsert 30D7 {
  code: '23505',
  details: 'Key (rectangle_code, snapshot_day)=(30D7, 2025-10-15) already exists.',
  hint: null,
  message: 'duplicate key value violates unique constraint "uniq_snap_rect_day"'
}
[conditions-ingest] MET void for 30E6 @ 0.0000,0.0000 (primary)
[conditions-ingest] MET void for 30E6 @ 0.0000,0.1800 (primary:east@0.18)
[conditions-ingest] MET void for 30E6 @ 0.0000,-0.1800 (primary:west@0.18)
[conditions-ingest] MET void for 30E6 @ 0.1800,0.0000 (primary:north@0.18)
[conditions-ingest] MET void for 30E6 @ -0.1800,0.0000 (primary:south@0.18)
[conditions-ingest] MET void for 30E6 @ 0.2600,0.2600 (primary:northeast@0.26)
[conditions-ingest] MET void for 30E6 @ 0.2600,-0.2600 (primary:northwest@0.26)
[conditions-ingest] MET void for 30E6 @ -0.2600,0.2600 (primary:southeast@0.26)
[conditions-ingest] MET void for 30E6 @ -0.2600,-0.2600 (primary:southwest@0.26)
[conditions-ingest] MET void for 30E6 @ 0.0000,-0.7500 (primary:wide@-0.75:0.00)
[conditions-ingest] MET void for 30E6 @ 0.2500,-0.7500 (primary:wide@-0.75:0.25)
[conditions-ingest] MET void for 30E6 @ -0.2500,-0.7500 (primary:wide@-0.75:-0.25)
[conditions-ingest] MET void for 30E6 @ 0.0000,-0.4500 (primary:wide@-0.45:0.00)
[conditions-ingest] MET void for 30E6 @ 0.2500,-0.4500 (primary:wide@-0.45:0.25)
[conditions-ingest] MET void for 30E6 @ -0.2500,-0.4500 (primary:wide@-0.45:-0.25)
[conditions-ingest] MET void for 30E6 @ 0.0000,0.4500 (primary:wide@0.45:0.00)
[conditions-ingest] MET void for 30E6 @ 0.2500,0.4500 (primary:wide@0.45:0.25)
[conditions-ingest] MET void for 30E6 @ -0.2500,0.4500 (primary:wide@0.45:-0.25)
[conditions-ingest] MET void for 30E6 @ 0.0000,0.7500 (primary:wide@0.75:0.00)
[conditions-ingest] MET void for 30E6 @ 0.2500,0.7500 (primary:wide@0.75:0.25)
[conditions-ingest] MET void for 30E6 @ -0.2500,0.7500 (primary:wide@0.75:-0.25)
[conditions-ingest] MET void for 30E6 @ 0.4500,0.0000 (primary:wide-lat@0.45)
[conditions-ingest] MET void for 30E6 @ -0.4500,0.0000 (primary:wide-lat@-0.45)
[conditions-ingest] MET void for 30E6 @ 0.0000,0.2500 (primary:wide@0.25:0.00)
[conditions-ingest] MET void for 30E6 @ 0.0000,-0.2500 (primary:wide@-0.25:0.00)
[conditions-ingest] Open-Meteo recovered marine data for 30E6
[conditions-ingest] Failed to upsert 30E6 {
  code: '23505',
  details: 'Key (rectangle_code, snapshot_day)=(30E6, 2025-10-15) already exists.',
  hint: null,
  message: 'duplicate key value violates unique constraint "uniq_snap_rect_day"'
}
[conditions-ingest] MET void for 30E7 @ 0.0000,0.0000 (primary)
[conditions-ingest] MET void for 30E7 @ 0.0000,0.1800 (primary:east@0.18)
[conditions-ingest] MET void for 30E7 @ 0.0000,-0.1800 (primary:west@0.18)
[conditions-ingest] MET void for 30E7 @ 0.1800,0.0000 (primary:north@0.18)
[conditions-ingest] MET void for 30E7 @ -0.1800,0.0000 (primary:south@0.18)
[conditions-ingest] MET void for 30E7 @ 0.2600,0.2600 (primary:northeast@0.26)
[conditions-ingest] MET void for 30E7 @ 0.2600,-0.2600 (primary:northwest@0.26)
[conditions-ingest] MET void for 30E7 @ -0.2600,0.2600 (primary:southeast@0.26)
[conditions-ingest] MET void for 30E7 @ -0.2600,-0.2600 (primary:southwest@0.26)
[conditions-ingest] MET void for 30E7 @ 0.0000,-0.7500 (primary:wide@-0.75:0.00)
[conditions-ingest] MET void for 30E7 @ 0.2500,-0.7500 (primary:wide@-0.75:0.25)
[conditions-ingest] MET void for 30E7 @ -0.2500,-0.7500 (primary:wide@-0.75:-0.25)
[conditions-ingest] MET void for 30E7 @ 0.0000,-0.4500 (primary:wide@-0.45:0.00)
[conditions-ingest] MET void for 30E7 @ 0.2500,-0.4500 (primary:wide@-0.45:0.25)
[conditions-ingest] MET void for 30E7 @ -0.2500,-0.4500 (primary:wide@-0.45:-0.25)
[conditions-ingest] MET void for 30E7 @ 0.0000,0.4500 (primary:wide@0.45:0.00)
[conditions-ingest] MET void for 30E7 @ 0.2500,0.4500 (primary:wide@0.45:0.25)
[conditions-ingest] MET void for 30E7 @ -0.2500,0.4500 (primary:wide@0.45:-0.25)
[conditions-ingest] MET void for 30E7 @ 0.0000,0.7500 (primary:wide@0.75:0.00)
[conditions-ingest] MET void for 30E7 @ 0.2500,0.7500 (primary:wide@0.75:0.25)
[conditions-ingest] MET void for 30E7 @ -0.2500,0.7500 (primary:wide@0.75:-0.25)
[conditions-ingest] MET void for 30E7 @ 0.4500,0.0000 (primary:wide-lat@0.45)
[conditions-ingest] MET void for 30E7 @ -0.4500,0.0000 (primary:wide-lat@-0.45)
[conditions-ingest] MET void for 30E7 @ 0.0000,0.2500 (primary:wide@0.25:0.00)
[conditions-ingest] MET void for 30E7 @ 0.0000,-0.2500 (primary:wide@-0.25:0.00)
[conditions-ingest] Open-Meteo recovered marine data for 30E7
[conditions-ingest] Failed to upsert 30E7 {
  code: '23505',
  details: 'Key (rectangle_code, snapshot_day)=(30E7, 2025-10-15) already exists.',
  hint: null,
  message: 'duplicate key value violates unique constraint "uniq_snap_rect_day"'
}
[conditions-ingest] Failed to upsert 30E8 {
  code: '23505',
  details: 'Key (rectangle_code, snapshot_day)=(30E8, 2025-10-15) already exists.',
  hint: null,
  message: 'duplicate key value violates unique constraint "uniq_snap_rect_day"'
}
[conditions-ingest] Failed to upsert 30E9 {
  code: '23505',
  details: 'Key (rectangle_code, snapshot_day)=(30E9, 2025-10-15) already exists.',
  hint: null,
  message: 'duplicate key value violates unique constraint "uniq_snap_rect_day"'
}
[conditions-ingest] MET void for 30F0 @ 0.0000,0.0000 (primary)
[conditions-ingest] MET void for 30F0 @ 0.0000,0.1800 (primary:east@0.18)
[conditions-ingest] MET void for 30F0 @ 0.0000,-0.1800 (primary:west@0.18)
[conditions-ingest] MET void for 30F0 @ 0.1800,0.0000 (primary:north@0.18)
[conditions-ingest] MET void for 30F0 @ -0.1800,0.0000 (primary:south@0.18)
[conditions-ingest] MET void for 30F0 @ 0.2600,0.2600 (primary:northeast@0.26)
[conditions-ingest] MET void for 30F0 @ 0.2600,-0.2600 (primary:northwest@0.26)
[conditions-ingest] MET void for 30F0 @ -0.2600,0.2600 (primary:southeast@0.26)
[conditions-ingest] MET void for 30F0 @ -0.2600,-0.2600 (primary:southwest@0.26)
[conditions-ingest] MET void for 30F0 @ 0.0000,-0.7500 (primary:wide@-0.75:0.00)
[conditions-ingest] MET void for 30F0 @ 0.2500,-0.7500 (primary:wide@-0.75:0.25)
[conditions-ingest] MET void for 30F0 @ -0.2500,-0.7500 (primary:wide@-0.75:-0.25)
[conditions-ingest] MET void for 30F0 @ 0.0000,-0.4500 (primary:wide@-0.45:0.00)
[conditions-ingest] MET void for 30F0 @ 0.2500,-0.4500 (primary:wide@-0.45:0.25)
[conditions-ingest] MET void for 30F0 @ -0.2500,-0.4500 (primary:wide@-0.45:-0.25)
[conditions-ingest] MET void for 30F0 @ 0.0000,0.4500 (primary:wide@0.45:0.00)
[conditions-ingest] MET void for 30F0 @ 0.2500,0.4500 (primary:wide@0.45:0.25)
[conditions-ingest] MET void for 30F0 @ -0.2500,0.4500 (primary:wide@0.45:-0.25)
[conditions-ingest] MET void for 30F0 @ 0.0000,0.7500 (primary:wide@0.75:0.00)
[conditions-ingest] MET void for 30F0 @ 0.2500,0.7500 (primary:wide@0.75:0.25)
[conditions-ingest] MET void for 30F0 @ -0.2500,0.7500 (primary:wide@0.75:-0.25)
[conditions-ingest] MET void for 30F0 @ 0.4500,0.0000 (primary:wide-lat@0.45)
[conditions-ingest] MET void for 30F0 @ -0.4500,0.0000 (primary:wide-lat@-0.45)
[conditions-ingest] MET void for 30F0 @ 0.0000,0.2500 (primary:wide@0.25:0.00)
[conditions-ingest] MET void for 30F0 @ 0.0000,-0.2500 (primary:wide@-0.25:0.00)
[conditions-ingest] Open-Meteo recovered marine data for 30F0
[conditions-ingest] Failed to upsert 30F0 {
  code: '23505',
  details: 'Key (rectangle_code, snapshot_day)=(30F0, 2025-10-15) already exists.',
  hint: null,
  message: 'duplicate key value violates unique constraint "uniq_snap_rect_day"'
}
[conditions-ingest] MET void for 30F1 @ 0.0000,0.0000 (primary)
[conditions-ingest] MET void for 30F1 @ 0.0000,0.1800 (primary:east@0.18)
[conditions-ingest] MET void for 30F1 @ 0.0000,-0.1800 (primary:west@0.18)
[conditions-ingest] MET void for 30F1 @ 0.1800,0.0000 (primary:north@0.18)
[conditions-ingest] MET void for 30F1 @ -0.1800,0.0000 (primary:south@0.18)
[conditions-ingest] MET void for 30F1 @ 0.2600,0.2600 (primary:northeast@0.26)
[conditions-ingest] MET void for 30F1 @ 0.2600,-0.2600 (primary:northwest@0.26)
[conditions-ingest] MET void for 30F1 @ -0.2600,0.2600 (primary:southeast@0.26)
[conditions-ingest] MET void for 30F1 @ -0.2600,-0.2600 (primary:southwest@0.26)
[conditions-ingest] MET void for 30F1 @ 0.0000,-0.7500 (primary:wide@-0.75:0.00)
[conditions-ingest] MET void for 30F1 @ 0.2500,-0.7500 (primary:wide@-0.75:0.25)
[conditions-ingest] MET void for 30F1 @ -0.2500,-0.7500 (primary:wide@-0.75:-0.25)
[conditions-ingest] MET void for 30F1 @ 0.0000,-0.4500 (primary:wide@-0.45:0.00)
[conditions-ingest] MET void for 30F1 @ 0.2500,-0.4500 (primary:wide@-0.45:0.25)
[conditions-ingest] MET void for 30F1 @ -0.2500,-0.4500 (primary:wide@-0.45:-0.25)
[conditions-ingest] MET void for 30F1 @ 0.0000,0.4500 (primary:wide@0.45:0.00)
[conditions-ingest] MET void for 30F1 @ 0.2500,0.4500 (primary:wide@0.45:0.25)
[conditions-ingest] MET void for 30F1 @ -0.2500,0.4500 (primary:wide@0.45:-0.25)
[conditions-ingest] MET void for 30F1 @ 0.0000,0.7500 (primary:wide@0.75:0.00)
[conditions-ingest] MET void for 30F1 @ 0.2500,0.7500 (primary:wide@0.75:0.25)
[conditions-ingest] MET void for 30F1 @ -0.2500,0.7500 (primary:wide@0.75:-0.25)
[conditions-ingest] MET void for 30F1 @ 0.4500,0.0000 (primary:wide-lat@0.45)
[conditions-ingest] MET void for 30F1 @ -0.4500,0.0000 (primary:wide-lat@-0.45)
[conditions-ingest] MET void for 30F1 @ 0.0000,0.2500 (primary:wide@0.25:0.00)
[conditions-ingest] MET void for 30F1 @ 0.0000,-0.2500 (primary:wide@-0.25:0.00)
[conditions-ingest] Open-Meteo recovered marine data for 30F1
[conditions-ingest] Failed to upsert 30F1 {
  code: '23505',
  details: 'Key (rectangle_code, snapshot_day)=(30F1, 2025-10-15) already exists.',
  hint: null,
  message: 'duplicate key value violates unique constraint "uniq_snap_rect_day"'
}
[conditions-ingest] Failed to upsert 30N5 {
  code: '23505',
  details: 'Key (rectangle_code, snapshot_day)=(30N5, 2025-10-15) already exists.',
  hint: null,
  message: 'duplicate key value violates unique constraint "uniq_snap_rect_day"'
}
[conditions-ingest] Failed to upsert 30P1 {
  code: '23505',
  details: 'Key (rectangle_code, snapshot_day)=(30P1, 2025-10-15) already exists.',
  hint: null,
  message: 'duplicate key value violates unique constraint "uniq_snap_rect_day"'
}
[conditions-ingest] Failed to upsert 30Q4 {
  code: '23505',
  details: 'Key (rectangle_code, snapshot_day)=(30Q4, 2025-10-15) already exists.',
  hint: null,
  message: 'duplicate key value violates unique constraint "uniq_snap_rect_day"'
}
[conditions-ingest] MET void for 30Q6 @ 62.2500,27.5000 (primary)
[conditions-ingest] MET void for 30Q6 @ 62.2500,27.6800 (primary:east@0.18)
[conditions-ingest] MET void for 30Q6 @ 62.2500,27.3200 (primary:west@0.18)
[conditions-ingest] MET void for 30Q6 @ 62.4300,27.5000 (primary:north@0.18)
[conditions-ingest] MET void for 30Q6 @ 62.0700,27.5000 (primary:south@0.18)
[conditions-ingest] MET void for 30Q6 @ 62.5100,27.7600 (primary:northeast@0.26)
[conditions-ingest] MET void for 30Q6 @ 62.5100,27.2400 (primary:northwest@0.26)
[conditions-ingest] MET void for 30Q6 @ 61.9900,27.7600 (primary:southeast@0.26)
[conditions-ingest] MET void for 30Q6 @ 61.9900,27.2400 (primary:southwest@0.26)
[conditions-ingest] MET void for 30Q6 @ 62.2500,26.7500 (primary:wide@-0.75:0.00)
[conditions-ingest] MET void for 30Q6 @ 62.5000,26.7500 (primary:wide@-0.75:0.25)
[conditions-ingest] MET void for 30Q6 @ 62.0000,26.7500 (primary:wide@-0.75:-0.25)
[conditions-ingest] MET void for 30Q6 @ 62.2500,27.0500 (primary:wide@-0.45:0.00)
[conditions-ingest] MET void for 30Q6 @ 62.5000,27.0500 (primary:wide@-0.45:0.25)
[conditions-ingest] MET void for 30Q6 @ 62.0000,27.0500 (primary:wide@-0.45:-0.25)
[conditions-ingest] MET void for 30Q6 @ 62.2500,27.9500 (primary:wide@0.45:0.00)
[conditions-ingest] MET void for 30Q6 @ 62.5000,27.9500 (primary:wide@0.45:0.25)
[conditions-ingest] MET void for 30Q6 @ 62.0000,27.9500 (primary:wide@0.45:-0.25)
[conditions-ingest] MET void for 30Q6 @ 62.2500,28.2500 (primary:wide@0.75:0.00)
[conditions-ingest] MET void for 30Q6 @ 62.5000,28.2500 (primary:wide@0.75:0.25)
[conditions-ingest] MET void for 30Q6 @ 62.0000,28.2500 (primary:wide@0.75:-0.25)
[conditions-ingest] MET void for 30Q6 @ 62.7000,27.5000 (primary:wide-lat@0.45)
[conditions-ingest] MET void for 30Q6 @ 61.8000,27.5000 (primary:wide-lat@-0.45)
[conditions-ingest] MET void for 30Q6 @ 62.2500,27.7500 (primary:wide@0.25:0.00)
[conditions-ingest] MET void for 30Q6 @ 62.2500,27.2500 (primary:wide@-0.25:0.00)
[conditions-ingest] Open-Meteo recovered marine data for 30Q6
[conditions-ingest] Failed to upsert 30Q6 {
  code: '23503',
  details: 'Key (rectangle_code)=(30Q6) is not present in table "ices_rectangles".',
  hint: null,
  message: 'insert or update on table "findr_conditions_snapshots" violates foreign key constraint "findr_conditions_rectangle_fk"'
}
[conditions-ingest] Failed to upsert 30U8 {
  code: '23505',
  details: 'Key (rectangle_code, snapshot_day)=(30U8, 2025-10-15) already exists.',
  hint: null,
  message: 'duplicate key value violates unique constraint "uniq_snap_rect_day"'
}
[conditions-ingest] Failed to upsert 30U9 {
  code: '23505',
  details: 'Key (rectangle_code, snapshot_day)=(30U9, 2025-10-15) already exists.',
  hint: null,
  message: 'duplicate key value violates unique constraint "uniq_snap_rect_day"'
}
[conditions-ingest] MET void for 31C6 @ 52.0000,-8.0000 (primary)
[conditions-ingest] MET recovered for 31C6 via primary:east@0.18 probe @ 52.0000,-7.8200
[conditions-ingest] Failed to upsert 31C6 {
  code: '23505',
  details: 'Key (rectangle_code, snapshot_day)=(31C6, 2025-10-15) already exists.',
  hint: null,
  message: 'duplicate key value violates unique constraint "uniq_snap_rect_day"'
}
[conditions-ingest] Failed to upsert 31C7 {
  code: '23505',
  details: 'Key (rectangle_code, snapshot_day)=(31C7, 2025-10-15) already exists.',
  hint: null,
  message: 'duplicate key value violates unique constraint "uniq_snap_rect_day"'
}
[conditions-ingest] Failed to upsert 31E3 {
  code: '23505',
  details: 'Key (rectangle_code, snapshot_day)=(31E3, 2025-10-15) already exists.',
  hint: null,
  message: 'duplicate key value violates unique constraint "uniq_snap_rect_day"'
}
[conditions-ingest] MET void for 31E6 @ 0.0000,0.0000 (primary)
[conditions-ingest] MET void for 31E6 @ 0.0000,0.1800 (primary:east@0.18)
[conditions-ingest] MET void for 31E6 @ 0.0000,-0.1800 (primary:west@0.18)
[conditions-ingest] MET void for 31E6 @ 0.1800,0.0000 (primary:north@0.18)
[conditions-ingest] MET void for 31E6 @ -0.1800,0.0000 (primary:south@0.18)
[conditions-ingest] MET void for 31E6 @ 0.2600,0.2600 (primary:northeast@0.26)
[conditions-ingest] MET void for 31E6 @ 0.2600,-0.2600 (primary:northwest@0.26)
[conditions-ingest] MET void for 31E6 @ -0.2600,0.2600 (primary:southeast@0.26)
[conditions-ingest] MET void for 31E6 @ -0.2600,-0.2600 (primary:southwest@0.26)
[conditions-ingest] MET void for 31E6 @ 0.0000,-0.7500 (primary:wide@-0.75:0.00)
[conditions-ingest] MET void for 31E6 @ 0.2500,-0.7500 (primary:wide@-0.75:0.25)
[conditions-ingest] MET void for 31E6 @ -0.2500,-0.7500 (primary:wide@-0.75:-0.25)
[conditions-ingest] MET void for 31E6 @ 0.0000,-0.4500 (primary:wide@-0.45:0.00)
[conditions-ingest] MET void for 31E6 @ 0.2500,-0.4500 (primary:wide@-0.45:0.25)
[conditions-ingest] MET void for 31E6 @ -0.2500,-0.4500 (primary:wide@-0.45:-0.25)
[conditions-ingest] MET void for 31E6 @ 0.0000,0.4500 (primary:wide@0.45:0.00)
[conditions-ingest] MET void for 31E6 @ 0.2500,0.4500 (primary:wide@0.45:0.25)
[conditions-ingest] MET void for 31E6 @ -0.2500,0.4500 (primary:wide@0.45:-0.25)
[conditions-ingest] MET void for 31E6 @ 0.0000,0.7500 (primary:wide@0.75:0.00)
[conditions-ingest] MET void for 31E6 @ 0.2500,0.7500 (primary:wide@0.75:0.25)
[conditions-ingest] MET void for 31E6 @ -0.2500,0.7500 (primary:wide@0.75:-0.25)
[conditions-ingest] MET void for 31E6 @ 0.4500,0.0000 (primary:wide-lat@0.45)
[conditions-ingest] MET void for 31E6 @ -0.4500,0.0000 (primary:wide-lat@-0.45)
[conditions-ingest] MET void for 31E6 @ 0.0000,0.2500 (primary:wide@0.25:0.00)
[conditions-ingest] MET void for 31E6 @ 0.0000,-0.2500 (primary:wide@-0.25:0.00)
[conditions-ingest] Open-Meteo recovered marine data for 31E6
[conditions-ingest] Failed to upsert 31E6 {
  code: '23505',
  details: 'Key (rectangle_code, snapshot_day)=(31E6, 2025-10-15) already exists.',
  hint: null,
  message: 'duplicate key value violates unique constraint "uniq_snap_rect_day"'
}
[conditions-ingest] MET void for 31E7 @ 0.0000,0.0000 (primary)
[conditions-ingest] MET void for 31E7 @ 0.0000,0.1800 (primary:east@0.18)
[conditions-ingest] MET void for 31E7 @ 0.0000,-0.1800 (primary:west@0.18)
[conditions-ingest] MET void for 31E7 @ 0.1800,0.0000 (primary:north@0.18)
[conditions-ingest] MET void for 31E7 @ -0.1800,0.0000 (primary:south@0.18)
[conditions-ingest] MET void for 31E7 @ 0.2600,0.2600 (primary:northeast@0.26)
[conditions-ingest] MET void for 31E7 @ 0.2600,-0.2600 (primary:northwest@0.26)
[conditions-ingest] MET void for 31E7 @ -0.2600,0.2600 (primary:southeast@0.26)
[conditions-ingest] MET void for 31E7 @ -0.2600,-0.2600 (primary:southwest@0.26)
[conditions-ingest] MET void for 31E7 @ 0.0000,-0.7500 (primary:wide@-0.75:0.00)
[conditions-ingest] MET void for 31E7 @ 0.2500,-0.7500 (primary:wide@-0.75:0.25)
[conditions-ingest] MET void for 31E7 @ -0.2500,-0.7500 (primary:wide@-0.75:-0.25)
[conditions-ingest] MET void for 31E7 @ 0.0000,-0.4500 (primary:wide@-0.45:0.00)
[conditions-ingest] MET void for 31E7 @ 0.2500,-0.4500 (primary:wide@-0.45:0.25)
[conditions-ingest] MET void for 31E7 @ -0.2500,-0.4500 (primary:wide@-0.45:-0.25)
[conditions-ingest] MET void for 31E7 @ 0.0000,0.4500 (primary:wide@0.45:0.00)
[conditions-ingest] MET void for 31E7 @ 0.2500,0.4500 (primary:wide@0.45:0.25)
[conditions-ingest] MET void for 31E7 @ -0.2500,0.4500 (primary:wide@0.45:-0.25)
[conditions-ingest] MET void for 31E7 @ 0.0000,0.7500 (primary:wide@0.75:0.00)
[conditions-ingest] MET void for 31E7 @ 0.2500,0.7500 (primary:wide@0.75:0.25)
[conditions-ingest] MET void for 31E7 @ -0.2500,0.7500 (primary:wide@0.75:-0.25)
[conditions-ingest] MET void for 31E7 @ 0.4500,0.0000 (primary:wide-lat@0.45)
[conditions-ingest] MET void for 31E7 @ -0.4500,0.0000 (primary:wide-lat@-0.45)
[conditions-ingest] MET void for 31E7 @ 0.0000,0.2500 (primary:wide@0.25:0.00)
[conditions-ingest] MET void for 31E7 @ 0.0000,-0.2500 (primary:wide@-0.25:0.00)
[conditions-ingest] Open-Meteo recovered marine data for 31E7
[conditions-ingest] Failed to upsert 31E7 {
  code: '23505',
  details: 'Key (rectangle_code, snapshot_day)=(31E7, 2025-10-15) already exists.',
  hint: null,
  message: 'duplicate key value violates unique constraint "uniq_snap_rect_day"'
}
[conditions-ingest] Failed to upsert 31E8 {
  code: '23505',
  details: 'Key (rectangle_code, snapshot_day)=(31E8, 2025-10-15) already exists.',
  hint: null,
  message: 'duplicate key value violates unique constraint "uniq_snap_rect_day"'
}
[conditions-ingest] Failed to upsert 31E9 {
  code: '23505',
  details: 'Key (rectangle_code, snapshot_day)=(31E9, 2025-10-15) already exists.',
  hint: null,
  message: 'duplicate key value violates unique constraint "uniq_snap_rect_day"'
}
[conditions-ingest] MET void for 31F0 @ 0.0000,0.0000 (primary)
[conditions-ingest] MET void for 31F0 @ 0.0000,0.1800 (primary:east@0.18)
[conditions-ingest] MET void for 31F0 @ 0.0000,-0.1800 (primary:west@0.18)
[conditions-ingest] MET void for 31F0 @ 0.1800,0.0000 (primary:north@0.18)
[conditions-ingest] MET void for 31F0 @ -0.1800,0.0000 (primary:south@0.18)
[conditions-ingest] MET void for 31F0 @ 0.2600,0.2600 (primary:northeast@0.26)
[conditions-ingest] MET void for 31F0 @ 0.2600,-0.2600 (primary:northwest@0.26)
[conditions-ingest] MET void for 31F0 @ -0.2600,0.2600 (primary:southeast@0.26)
[conditions-ingest] MET void for 31F0 @ -0.2600,-0.2600 (primary:southwest@0.26)
[conditions-ingest] MET void for 31F0 @ 0.0000,-0.7500 (primary:wide@-0.75:0.00)
[conditions-ingest] MET void for 31F0 @ 0.2500,-0.7500 (primary:wide@-0.75:0.25)
[conditions-ingest] MET void for 31F0 @ -0.2500,-0.7500 (primary:wide@-0.75:-0.25)
[conditions-ingest] MET void for 31F0 @ 0.0000,-0.4500 (primary:wide@-0.45:0.00)
[conditions-ingest] MET void for 31F0 @ 0.2500,-0.4500 (primary:wide@-0.45:0.25)
[conditions-ingest] MET void for 31F0 @ -0.2500,-0.4500 (primary:wide@-0.45:-0.25)
[conditions-ingest] MET void for 31F0 @ 0.0000,0.4500 (primary:wide@0.45:0.00)
[conditions-ingest] MET void for 31F0 @ 0.2500,0.4500 (primary:wide@0.45:0.25)
[conditions-ingest] MET void for 31F0 @ -0.2500,0.4500 (primary:wide@0.45:-0.25)
[conditions-ingest] MET void for 31F0 @ 0.0000,0.7500 (primary:wide@0.75:0.00)
[conditions-ingest] MET void for 31F0 @ 0.2500,0.7500 (primary:wide@0.75:0.25)
[conditions-ingest] MET void for 31F0 @ -0.2500,0.7500 (primary:wide@0.75:-0.25)
[conditions-ingest] MET void for 31F0 @ 0.4500,0.0000 (primary:wide-lat@0.45)
[conditions-ingest] MET void for 31F0 @ -0.4500,0.0000 (primary:wide-lat@-0.45)
[conditions-ingest] MET void for 31F0 @ 0.0000,0.2500 (primary:wide@0.25:0.00)
[conditions-ingest] MET void for 31F0 @ 0.0000,-0.2500 (primary:wide@-0.25:0.00)
[conditions-ingest] Open-Meteo recovered marine data for 31F0
[conditions-ingest] Failed to upsert 31F0 {
  code: '23505',
  details: 'Key (rectangle_code, snapshot_day)=(31F0, 2025-10-15) already exists.',
  hint: null,
  message: 'duplicate key value violates unique constraint "uniq_snap_rect_day"'
}
[conditions-ingest] MET void for 31F1 @ 0.0000,0.0000 (primary)
[conditions-ingest] MET void for 31F1 @ 0.0000,0.1800 (primary:east@0.18)
[conditions-ingest] MET void for 31F1 @ 0.0000,-0.1800 (primary:west@0.18)
[conditions-ingest] MET void for 31F1 @ 0.1800,0.0000 (primary:north@0.18)
[conditions-ingest] MET void for 31F1 @ -0.1800,0.0000 (primary:south@0.18)
[conditions-ingest] MET void for 31F1 @ 0.2600,0.2600 (primary:northeast@0.26)
[conditions-ingest] MET void for 31F1 @ 0.2600,-0.2600 (primary:northwest@0.26)
[conditions-ingest] MET void for 31F1 @ -0.2600,0.2600 (primary:southeast@0.26)
[conditions-ingest] MET void for 31F1 @ -0.2600,-0.2600 (primary:southwest@0.26)
[conditions-ingest] MET void for 31F1 @ 0.0000,-0.7500 (primary:wide@-0.75:0.00)
[conditions-ingest] MET void for 31F1 @ 0.2500,-0.7500 (primary:wide@-0.75:0.25)
[conditions-ingest] MET void for 31F1 @ -0.2500,-0.7500 (primary:wide@-0.75:-0.25)
[conditions-ingest] MET void for 31F1 @ 0.0000,-0.4500 (primary:wide@-0.45:0.00)
[conditions-ingest] MET void for 31F1 @ 0.2500,-0.4500 (primary:wide@-0.45:0.25)
[conditions-ingest] MET void for 31F1 @ -0.2500,-0.4500 (primary:wide@-0.45:-0.25)
[conditions-ingest] MET void for 31F1 @ 0.0000,0.4500 (primary:wide@0.45:0.00)
[conditions-ingest] MET void for 31F1 @ 0.2500,0.4500 (primary:wide@0.45:0.25)
[conditions-ingest] MET void for 31F1 @ -0.2500,0.4500 (primary:wide@0.45:-0.25)
[conditions-ingest] MET void for 31F1 @ 0.0000,0.7500 (primary:wide@0.75:0.00)
[conditions-ingest] MET void for 31F1 @ 0.2500,0.7500 (primary:wide@0.75:0.25)
[conditions-ingest] MET void for 31F1 @ -0.2500,0.7500 (primary:wide@0.75:-0.25)
[conditions-ingest] MET void for 31F1 @ 0.4500,0.0000 (primary:wide-lat@0.45)
[conditions-ingest] MET void for 31F1 @ -0.4500,0.0000 (primary:wide-lat@-0.45)
[conditions-ingest] MET void for 31F1 @ 0.0000,0.2500 (primary:wide@0.25:0.00)
[conditions-ingest] MET void for 31F1 @ 0.0000,-0.2500 (primary:wide@-0.25:0.00)
[conditions-ingest] Open-Meteo recovered marine data for 31F1
[conditions-ingest] Failed to upsert 31F1 {
  code: '23505',
  details: 'Key (rectangle_code, snapshot_day)=(31F1, 2025-10-15) already exists.',
  hint: null,
  message: 'duplicate key value violates unique constraint "uniq_snap_rect_day"'
}
[conditions-ingest] MET void for 31F2 @ 0.0000,0.0000 (primary)
[conditions-ingest] MET void for 31F2 @ 0.0000,0.1800 (primary:east@0.18)
[conditions-ingest] MET void for 31F2 @ 0.0000,-0.1800 (primary:west@0.18)
[conditions-ingest] MET void for 31F2 @ 0.1800,0.0000 (primary:north@0.18)
[conditions-ingest] MET void for 31F2 @ -0.1800,0.0000 (primary:south@0.18)
[conditions-ingest] MET void for 31F2 @ 0.2600,0.2600 (primary:northeast@0.26)
[conditions-ingest] MET void for 31F2 @ 0.2600,-0.2600 (primary:northwest@0.26)
[conditions-ingest] MET void for 31F2 @ -0.2600,0.2600 (primary:southeast@0.26)
[conditions-ingest] MET void for 31F2 @ -0.2600,-0.2600 (primary:southwest@0.26)
[conditions-ingest] MET void for 31F2 @ 0.0000,-0.7500 (primary:wide@-0.75:0.00)
[conditions-ingest] MET void for 31F2 @ 0.2500,-0.7500 (primary:wide@-0.75:0.25)
[conditions-ingest] MET void for 31F2 @ -0.2500,-0.7500 (primary:wide@-0.75:-0.25)
[conditions-ingest] MET void for 31F2 @ 0.0000,-0.4500 (primary:wide@-0.45:0.00)
[conditions-ingest] MET void for 31F2 @ 0.2500,-0.4500 (primary:wide@-0.45:0.25)
[conditions-ingest] MET void for 31F2 @ -0.2500,-0.4500 (primary:wide@-0.45:-0.25)
[conditions-ingest] MET void for 31F2 @ 0.0000,0.4500 (primary:wide@0.45:0.00)
[conditions-ingest] MET void for 31F2 @ 0.2500,0.4500 (primary:wide@0.45:0.25)
[conditions-ingest] MET void for 31F2 @ -0.2500,0.4500 (primary:wide@0.45:-0.25)
[conditions-ingest] MET void for 31F2 @ 0.0000,0.7500 (primary:wide@0.75:0.00)
[conditions-ingest] MET void for 31F2 @ 0.2500,0.7500 (primary:wide@0.75:0.25)
[conditions-ingest] MET void for 31F2 @ -0.2500,0.7500 (primary:wide@0.75:-0.25)
[conditions-ingest] MET void for 31F2 @ 0.4500,0.0000 (primary:wide-lat@0.45)
[conditions-ingest] MET void for 31F2 @ -0.4500,0.0000 (primary:wide-lat@-0.45)
[conditions-ingest] MET void for 31F2 @ 0.0000,0.2500 (primary:wide@0.25:0.00)
[conditions-ingest] MET void for 31F2 @ 0.0000,-0.2500 (primary:wide@-0.25:0.00)
[conditions-ingest] Open-Meteo recovered marine data for 31F2
[conditions-ingest] Failed to upsert 31F2 {
  code: '23505',
  details: 'Key (rectangle_code, snapshot_day)=(31F2, 2025-10-15) already exists.',
  hint: null,
  message: 'duplicate key value violates unique constraint "uniq_snap_rect_day"'
}
[conditions-ingest] Failed to upsert 31N5 {
  code: '23505',
  details: 'Key (rectangle_code, snapshot_day)=(31N5, 2025-10-15) already exists.',
  hint: null,
  message: 'duplicate key value violates unique constraint "uniq_snap_rect_day"'
}
[conditions-ingest] Failed to upsert 31P1 {
  code: '23505',
  details: 'Key (rectangle_code, snapshot_day)=(31P1, 2025-10-15) already exists.',
  hint: null,
  message: 'duplicate key value violates unique constraint "uniq_snap_rect_day"'
}
[conditions-ingest] MET void for 31Q6 @ 62.7500,28.5000 (primary)
[conditions-ingest] MET void for 31Q6 @ 62.7500,28.6800 (primary:east@0.18)
[conditions-ingest] MET void for 31Q6 @ 62.7500,28.3200 (primary:west@0.18)
[conditions-ingest] MET void for 31Q6 @ 62.9300,28.5000 (primary:north@0.18)
[conditions-ingest] MET void for 31Q6 @ 62.5700,28.5000 (primary:south@0.18)
[conditions-ingest] MET void for 31Q6 @ 63.0100,28.7600 (primary:northeast@0.26)
[conditions-ingest] MET void for 31Q6 @ 63.0100,28.2400 (primary:northwest@0.26)
[conditions-ingest] MET void for 31Q6 @ 62.4900,28.7600 (primary:southeast@0.26)
[conditions-ingest] MET void for 31Q6 @ 62.4900,28.2400 (primary:southwest@0.26)
[conditions-ingest] MET void for 31Q6 @ 62.7500,27.7500 (primary:wide@-0.75:0.00)
[conditions-ingest] MET void for 31Q6 @ 63.0000,27.7500 (primary:wide@-0.75:0.25)
[conditions-ingest] MET void for 31Q6 @ 62.5000,27.7500 (primary:wide@-0.75:-0.25)
[conditions-ingest] MET void for 31Q6 @ 62.7500,28.0500 (primary:wide@-0.45:0.00)
[conditions-ingest] MET void for 31Q6 @ 63.0000,28.0500 (primary:wide@-0.45:0.25)
[conditions-ingest] MET void for 31Q6 @ 62.5000,28.0500 (primary:wide@-0.45:-0.25)
[conditions-ingest] MET void for 31Q6 @ 62.7500,28.9500 (primary:wide@0.45:0.00)
[conditions-ingest] MET void for 31Q6 @ 63.0000,28.9500 (primary:wide@0.45:0.25)
[conditions-ingest] MET void for 31Q6 @ 62.5000,28.9500 (primary:wide@0.45:-0.25)
[conditions-ingest] MET void for 31Q6 @ 62.7500,29.2500 (primary:wide@0.75:0.00)
[conditions-ingest] MET void for 31Q6 @ 63.0000,29.2500 (primary:wide@0.75:0.25)
[conditions-ingest] MET void for 31Q6 @ 62.5000,29.2500 (primary:wide@0.75:-0.25)
[conditions-ingest] MET void for 31Q6 @ 63.2000,28.5000 (primary:wide-lat@0.45)
[conditions-ingest] MET void for 31Q6 @ 62.3000,28.5000 (primary:wide-lat@-0.45)
[conditions-ingest] MET void for 31Q6 @ 62.7500,28.7500 (primary:wide@0.25:0.00)
[conditions-ingest] MET void for 31Q6 @ 62.7500,28.2500 (primary:wide@-0.25:0.00)
[conditions-ingest] Open-Meteo recovered marine data for 31Q6
[conditions-ingest] Failed to upsert 31Q6 {
  code: '23503',
  details: 'Key (rectangle_code)=(31Q6) is not present in table "ices_rectangles".',
  hint: null,
  message: 'insert or update on table "findr_conditions_snapshots" violates foreign key constraint "findr_conditions_rectangle_fk"'
}
[conditions-ingest] Failed to upsert 31U9 {
  code: '23505',
  details: 'Key (rectangle_code, snapshot_day)=(31U9, 2025-10-15) already exists.',
  hint: null,
  message: 'duplicate key value violates unique constraint "uniq_snap_rect_day"'
}
[conditions-ingest] MET void for 32C6 @ 52.5000,-7.0000 (primary)
[conditions-ingest] MET void for 32C6 @ 52.5000,-6.8200 (primary:east@0.18)
[conditions-ingest] MET void for 32C6 @ 52.5000,-7.1800 (primary:west@0.18)
[conditions-ingest] MET void for 32C6 @ 52.6800,-7.0000 (primary:north@0.18)
[conditions-ingest] MET void for 32C6 @ 52.3200,-7.0000 (primary:south@0.18)
[conditions-ingest] MET void for 32C6 @ 52.7600,-6.7400 (primary:northeast@0.26)
[conditions-ingest] MET void for 32C6 @ 52.7600,-7.2600 (primary:northwest@0.26)
[conditions-ingest] MET recovered for 32C6 via primary:southeast@0.26 probe @ 52.2400,-6.7400
[conditions-ingest] Failed to upsert 32C6 {
  code: '23505',
  details: 'Key (rectangle_code, snapshot_day)=(32C6, 2025-10-15) already exists.',
  hint: null,
  message: 'duplicate key value violates unique constraint "uniq_snap_rect_day"'
}
[conditions-ingest] MET void for 32E4 @ 52.0000,-4.0000 (primary)
[conditions-ingest] MET void for 32E4 @ 52.0000,-3.8200 (primary:east@0.18)
[conditions-ingest] MET void for 32E4 @ 52.0000,-4.1800 (primary:west@0.18)
[conditions-ingest] MET void for 32E4 @ 52.1800,-4.0000 (primary:north@0.18)
[conditions-ingest] MET void for 32E4 @ 51.8200,-4.0000 (primary:south@0.18)
[conditions-ingest] MET void for 32E4 @ 52.2600,-3.7400 (primary:northeast@0.26)
[conditions-ingest] MET recovered for 32E4 via primary:northwest@0.26 probe @ 52.2600,-4.2600
[conditions-ingest] Failed to upsert 32E4 {
  code: '23505',
  details: 'Key (rectangle_code, snapshot_day)=(32E4, 2025-10-15) already exists.',
  hint: null,
  message: 'duplicate key value violates unique constraint "uniq_snap_rect_day"'
}
[conditions-ingest] Failed to upsert 32E5 {
  code: '23505',
  details: 'Key (rectangle_code, snapshot_day)=(32E5, 2025-10-15) already exists.',
  hint: null,
  message: 'duplicate key value violates unique constraint "uniq_snap_rect_day"'
}
[conditions-ingest] MET void for 32E8 @ 0.0000,0.0000 (primary)
[conditions-ingest] MET void for 32E8 @ 0.0000,0.1800 (primary:east@0.18)
[conditions-ingest] MET void for 32E8 @ 0.0000,-0.1800 (primary:west@0.18)
[conditions-ingest] MET void for 32E8 @ 0.1800,0.0000 (primary:north@0.18)
[conditions-ingest] MET void for 32E8 @ -0.1800,0.0000 (primary:south@0.18)
[conditions-ingest] MET void for 32E8 @ 0.2600,0.2600 (primary:northeast@0.26)
[conditions-ingest] MET void for 32E8 @ 0.2600,-0.2600 (primary:northwest@0.26)
[conditions-ingest] MET void for 32E8 @ -0.2600,0.2600 (primary:southeast@0.26)
[conditions-ingest] MET void for 32E8 @ -0.2600,-0.2600 (primary:southwest@0.26)
[conditions-ingest] MET void for 32E8 @ 0.0000,-0.7500 (primary:wide@-0.75:0.00)
[conditions-ingest] MET void for 32E8 @ 0.2500,-0.7500 (primary:wide@-0.75:0.25)
[conditions-ingest] MET void for 32E8 @ -0.2500,-0.7500 (primary:wide@-0.75:-0.25)
[conditions-ingest] MET void for 32E8 @ 0.0000,-0.4500 (primary:wide@-0.45:0.00)
[conditions-ingest] MET void for 32E8 @ 0.2500,-0.4500 (primary:wide@-0.45:0.25)
[conditions-ingest] MET void for 32E8 @ -0.2500,-0.4500 (primary:wide@-0.45:-0.25)
[conditions-ingest] MET void for 32E8 @ 0.0000,0.4500 (primary:wide@0.45:0.00)
[conditions-ingest] MET void for 32E8 @ 0.2500,0.4500 (primary:wide@0.45:0.25)
[conditions-ingest] MET void for 32E8 @ -0.2500,0.4500 (primary:wide@0.45:-0.25)
[conditions-ingest] MET void for 32E8 @ 0.0000,0.7500 (primary:wide@0.75:0.00)
[conditions-ingest] MET void for 32E8 @ 0.2500,0.7500 (primary:wide@0.75:0.25)
[conditions-ingest] MET void for 32E8 @ -0.2500,0.7500 (primary:wide@0.75:-0.25)
[conditions-ingest] MET void for 32E8 @ 0.4500,0.0000 (primary:wide-lat@0.45)
[conditions-ingest] MET void for 32E8 @ -0.4500,0.0000 (primary:wide-lat@-0.45)
[conditions-ingest] MET void for 32E8 @ 0.0000,0.2500 (primary:wide@0.25:0.00)
[conditions-ingest] MET void for 32E8 @ 0.0000,-0.2500 (primary:wide@-0.25:0.00)
[conditions-ingest] Open-Meteo recovered marine data for 32E8
[conditions-ingest] Failed to upsert 32E8 {
  code: '23505',
  details: 'Key (rectangle_code, snapshot_day)=(32E8, 2025-10-15) already exists.',
  hint: null,
  message: 'duplicate key value violates unique constraint "uniq_snap_rect_day"'
}
[conditions-ingest] Failed to upsert 32F1 {
  code: '23505',
  details: 'Key (rectangle_code, snapshot_day)=(32F1, 2025-10-15) already exists.',
  hint: null,
  message: 'duplicate key value violates unique constraint "uniq_snap_rect_day"'
}
[conditions-ingest] MET void for 32F3 @ 0.0000,0.0000 (primary)
[conditions-ingest] MET void for 32F3 @ 0.0000,0.1800 (primary:east@0.18)
[conditions-ingest] MET void for 32F3 @ 0.0000,-0.1800 (primary:west@0.18)
[conditions-ingest] MET void for 32F3 @ 0.1800,0.0000 (primary:north@0.18)
[conditions-ingest] MET void for 32F3 @ -0.1800,0.0000 (primary:south@0.18)
[conditions-ingest] MET void for 32F3 @ 0.2600,0.2600 (primary:northeast@0.26)
[conditions-ingest] MET void for 32F3 @ 0.2600,-0.2600 (primary:northwest@0.26)
[conditions-ingest] MET void for 32F3 @ -0.2600,0.2600 (primary:southeast@0.26)
[conditions-ingest] MET void for 32F3 @ -0.2600,-0.2600 (primary:southwest@0.26)
[conditions-ingest] MET void for 32F3 @ 0.0000,-0.7500 (primary:wide@-0.75:0.00)
[conditions-ingest] MET void for 32F3 @ 0.2500,-0.7500 (primary:wide@-0.75:0.25)
[conditions-ingest] MET void for 32F3 @ -0.2500,-0.7500 (primary:wide@-0.75:-0.25)
[conditions-ingest] MET void for 32F3 @ 0.0000,-0.4500 (primary:wide@-0.45:0.00)
[conditions-ingest] MET void for 32F3 @ 0.2500,-0.4500 (primary:wide@-0.45:0.25)
[conditions-ingest] MET void for 32F3 @ -0.2500,-0.4500 (primary:wide@-0.45:-0.25)
[conditions-ingest] MET void for 32F3 @ 0.0000,0.4500 (primary:wide@0.45:0.00)
[conditions-ingest] MET void for 32F3 @ 0.2500,0.4500 (primary:wide@0.45:0.25)
[conditions-ingest] MET void for 32F3 @ -0.2500,0.4500 (primary:wide@0.45:-0.25)
[conditions-ingest] MET void for 32F3 @ 0.0000,0.7500 (primary:wide@0.75:0.00)
[conditions-ingest] MET void for 32F3 @ 0.2500,0.7500 (primary:wide@0.75:0.25)
[conditions-ingest] MET void for 32F3 @ -0.2500,0.7500 (primary:wide@0.75:-0.25)
[conditions-ingest] MET void for 32F3 @ 0.4500,0.0000 (primary:wide-lat@0.45)
[conditions-ingest] MET void for 32F3 @ -0.4500,0.0000 (primary:wide-lat@-0.45)
[conditions-ingest] MET void for 32F3 @ 0.0000,0.2500 (primary:wide@0.25:0.00)
[conditions-ingest] MET void for 32F3 @ 0.0000,-0.2500 (primary:wide@-0.25:0.00)
[conditions-ingest] Open-Meteo recovered marine data for 32F3
[conditions-ingest] Failed to upsert 32F3 {
  code: '23505',
  details: 'Key (rectangle_code, snapshot_day)=(32F3, 2025-10-15) already exists.',
  hint: null,
  message: 'duplicate key value violates unique constraint "uniq_snap_rect_day"'
}
[conditions-ingest] MET void for 32F4 @ 0.0000,0.0000 (primary)
[conditions-ingest] MET void for 32F4 @ 0.0000,0.1800 (primary:east@0.18)
[conditions-ingest] MET void for 32F4 @ 0.0000,-0.1800 (primary:west@0.18)
[conditions-ingest] MET void for 32F4 @ 0.1800,0.0000 (primary:north@0.18)
[conditions-ingest] MET void for 32F4 @ -0.1800,0.0000 (primary:south@0.18)
[conditions-ingest] MET void for 32F4 @ 0.2600,0.2600 (primary:northeast@0.26)
[conditions-ingest] MET void for 32F4 @ 0.2600,-0.2600 (primary:northwest@0.26)
[conditions-ingest] MET void for 32F4 @ -0.2600,0.2600 (primary:southeast@0.26)
[conditions-ingest] MET void for 32F4 @ -0.2600,-0.2600 (primary:southwest@0.26)
[conditions-ingest] MET void for 32F4 @ 0.0000,-0.7500 (primary:wide@-0.75:0.00)
[conditions-ingest] MET void for 32F4 @ 0.2500,-0.7500 (primary:wide@-0.75:0.25)
[conditions-ingest] MET void for 32F4 @ -0.2500,-0.7500 (primary:wide@-0.75:-0.25)
[conditions-ingest] MET void for 32F4 @ 0.0000,-0.4500 (primary:wide@-0.45:0.00)
[conditions-ingest] MET void for 32F4 @ 0.2500,-0.4500 (primary:wide@-0.45:0.25)
[conditions-ingest] MET void for 32F4 @ -0.2500,-0.4500 (primary:wide@-0.45:-0.25)
[conditions-ingest] MET void for 32F4 @ 0.0000,0.4500 (primary:wide@0.45:0.00)
[conditions-ingest] MET void for 32F4 @ 0.2500,0.4500 (primary:wide@0.45:0.25)
[conditions-ingest] MET void for 32F4 @ -0.2500,0.4500 (primary:wide@0.45:-0.25)
[conditions-ingest] MET void for 32F4 @ 0.0000,0.7500 (primary:wide@0.75:0.00)
[conditions-ingest] MET void for 32F4 @ 0.2500,0.7500 (primary:wide@0.75:0.25)
[conditions-ingest] MET void for 32F4 @ -0.2500,0.7500 (primary:wide@0.75:-0.25)
[conditions-ingest] MET void for 32F4 @ 0.4500,0.0000 (primary:wide-lat@0.45)
[conditions-ingest] MET void for 32F4 @ -0.4500,0.0000 (primary:wide-lat@-0.45)
[conditions-ingest] MET void for 32F4 @ 0.0000,0.2500 (primary:wide@0.25:0.00)
[conditions-ingest] MET void for 32F4 @ 0.0000,-0.2500 (primary:wide@-0.25:0.00)
[conditions-ingest] Open-Meteo recovered marine data for 32F4
[conditions-ingest] Failed to upsert 32F4 {
  code: '23505',
  details: 'Key (rectangle_code, snapshot_day)=(32F4, 2025-10-15) already exists.',
  hint: null,
  message: 'duplicate key value violates unique constraint "uniq_snap_rect_day"'
}
[conditions-ingest] MET void for 32F5 @ 0.0000,0.0000 (primary)
[conditions-ingest] MET void for 32F5 @ 0.0000,0.1800 (primary:east@0.18)
[conditions-ingest] MET void for 32F5 @ 0.0000,-0.1800 (primary:west@0.18)
[conditions-ingest] MET void for 32F5 @ 0.1800,0.0000 (primary:north@0.18)
[conditions-ingest] MET void for 32F5 @ -0.1800,0.0000 (primary:south@0.18)
[conditions-ingest] MET void for 32F5 @ 0.2600,0.2600 (primary:northeast@0.26)
[conditions-ingest] MET void for 32F5 @ 0.2600,-0.2600 (primary:northwest@0.26)
[conditions-ingest] MET void for 32F5 @ -0.2600,0.2600 (primary:southeast@0.26)
[conditions-ingest] MET void for 32F5 @ -0.2600,-0.2600 (primary:southwest@0.26)
[conditions-ingest] MET void for 32F5 @ 0.0000,-0.7500 (primary:wide@-0.75:0.00)
[conditions-ingest] MET void for 32F5 @ 0.2500,-0.7500 (primary:wide@-0.75:0.25)
[conditions-ingest] MET void for 32F5 @ -0.2500,-0.7500 (primary:wide@-0.75:-0.25)
[conditions-ingest] MET void for 32F5 @ 0.0000,-0.4500 (primary:wide@-0.45:0.00)
[conditions-ingest] MET void for 32F5 @ 0.2500,-0.4500 (primary:wide@-0.45:0.25)
[conditions-ingest] MET void for 32F5 @ -0.2500,-0.4500 (primary:wide@-0.45:-0.25)
[conditions-ingest] MET void for 32F5 @ 0.0000,0.4500 (primary:wide@0.45:0.00)
[conditions-ingest] MET void for 32F5 @ 0.2500,0.4500 (primary:wide@0.45:0.25)
[conditions-ingest] MET void for 32F5 @ -0.2500,0.4500 (primary:wide@0.45:-0.25)
[conditions-ingest] MET void for 32F5 @ 0.0000,0.7500 (primary:wide@0.75:0.00)
[conditions-ingest] MET void for 32F5 @ 0.2500,0.7500 (primary:wide@0.75:0.25)
[conditions-ingest] MET void for 32F5 @ -0.2500,0.7500 (primary:wide@0.75:-0.25)
[conditions-ingest] MET void for 32F5 @ 0.4500,0.0000 (primary:wide-lat@0.45)
[conditions-ingest] MET void for 32F5 @ -0.4500,0.0000 (primary:wide-lat@-0.45)
[conditions-ingest] MET void for 32F5 @ 0.0000,0.2500 (primary:wide@0.25:0.00)
[conditions-ingest] MET void for 32F5 @ 0.0000,-0.2500 (primary:wide@-0.25:0.00)
[conditions-ingest] Open-Meteo recovered marine data for 32F5
[conditions-ingest] Failed to upsert 32F5 {
  code: '23505',
  details: 'Key (rectangle_code, snapshot_day)=(32F5, 2025-10-15) already exists.',
  hint: null,
  message: 'duplicate key value violates unique constraint "uniq_snap_rect_day"'
}
[conditions-ingest] Failed to upsert 32N5 {
  code: '23505',
  details: 'Key (rectangle_code, snapshot_day)=(32N5, 2025-10-15) already exists.',
  hint: null,
  message: 'duplicate key value violates unique constraint "uniq_snap_rect_day"'
}
[conditions-ingest] Failed to upsert 32P1 {
  code: '23505',
  details: 'Key (rectangle_code, snapshot_day)=(32P1, 2025-10-15) already exists.',
  hint: null,
  message: 'duplicate key value violates unique constraint "uniq_snap_rect_day"'
}
[conditions-ingest] Failed to upsert 33D5 {
  code: '23505',
  details: 'Key (rectangle_code, snapshot_day)=(33D5, 2025-10-15) already exists.',
  hint: null,
  message: 'duplicate key value violates unique constraint "uniq_snap_rect_day"'
}
[conditions-ingest] Failed to upsert 33E1 {
  code: '23505',
  details: 'Key (rectangle_code, snapshot_day)=(33E1, 2025-10-15) already exists.',
  hint: null,
  message: 'duplicate key value violates unique constraint "uniq_snap_rect_day"'
}
[conditions-ingest] MET void for 33E2 @ 55.0000,-4.0000 (primary)
[conditions-ingest] MET void for 33E2 @ 55.0000,-3.8200 (primary:east@0.18)
[conditions-ingest] MET void for 33E2 @ 55.0000,-4.1800 (primary:west@0.18)
[conditions-ingest] MET void for 33E2 @ 55.1800,-4.0000 (primary:north@0.18)
[conditions-ingest] MET recovered for 33E2 via primary:south@0.18 probe @ 54.8200,-4.0000
[conditions-ingest] Failed to upsert 33E2 {
  code: '23505',
  details: 'Key (rectangle_code, snapshot_day)=(33E2, 2025-10-15) already exists.',
  hint: null,
  message: 'duplicate key value violates unique constraint "uniq_snap_rect_day"'
}
[conditions-ingest] Failed to upsert 33E3 {
  code: '23505',
  details: 'Key (rectangle_code, snapshot_day)=(33E3, 2025-10-15) already exists.',
  hint: null,
  message: 'duplicate key value violates unique constraint "uniq_snap_rect_day"'
}
[conditions-ingest] Failed to upsert 33E5 {
  code: '23505',
  details: 'Key (rectangle_code, snapshot_day)=(33E5, 2025-10-15) already exists.',
  hint: null,
  message: 'duplicate key value violates unique constraint "uniq_snap_rect_day"'
}
[conditions-ingest] MET void for 33E8 @ 0.0000,0.0000 (primary)
[conditions-ingest] MET void for 33E8 @ 0.0000,0.1800 (primary:east@0.18)
[conditions-ingest] MET void for 33E8 @ 0.0000,-0.1800 (primary:west@0.18)
[conditions-ingest] MET void for 33E8 @ 0.1800,0.0000 (primary:north@0.18)
[conditions-ingest] MET void for 33E8 @ -0.1800,0.0000 (primary:south@0.18)
[conditions-ingest] MET void for 33E8 @ 0.2600,0.2600 (primary:northeast@0.26)
[conditions-ingest] MET void for 33E8 @ 0.2600,-0.2600 (primary:northwest@0.26)
[conditions-ingest] MET void for 33E8 @ -0.2600,0.2600 (primary:southeast@0.26)
[conditions-ingest] MET void for 33E8 @ -0.2600,-0.2600 (primary:southwest@0.26)
[conditions-ingest] MET void for 33E8 @ 0.0000,-0.7500 (primary:wide@-0.75:0.00)
[conditions-ingest] MET void for 33E8 @ 0.2500,-0.7500 (primary:wide@-0.75:0.25)
[conditions-ingest] MET void for 33E8 @ -0.2500,-0.7500 (primary:wide@-0.75:-0.25)
[conditions-ingest] MET void for 33E8 @ 0.0000,-0.4500 (primary:wide@-0.45:0.00)
[conditions-ingest] MET void for 33E8 @ 0.2500,-0.4500 (primary:wide@-0.45:0.25)
[conditions-ingest] MET void for 33E8 @ -0.2500,-0.4500 (primary:wide@-0.45:-0.25)
[conditions-ingest] MET void for 33E8 @ 0.0000,0.4500 (primary:wide@0.45:0.00)
[conditions-ingest] MET void for 33E8 @ 0.2500,0.4500 (primary:wide@0.45:0.25)
[conditions-ingest] MET void for 33E8 @ -0.2500,0.4500 (primary:wide@0.45:-0.25)
[conditions-ingest] MET void for 33E8 @ 0.0000,0.7500 (primary:wide@0.75:0.00)
[conditions-ingest] MET void for 33E8 @ 0.2500,0.7500 (primary:wide@0.75:0.25)
[conditions-ingest] MET void for 33E8 @ -0.2500,0.7500 (primary:wide@0.75:-0.25)
[conditions-ingest] MET void for 33E8 @ 0.4500,0.0000 (primary:wide-lat@0.45)
[conditions-ingest] MET void for 33E8 @ -0.4500,0.0000 (primary:wide-lat@-0.45)
[conditions-ingest] MET void for 33E8 @ 0.0000,0.2500 (primary:wide@0.25:0.00)
[conditions-ingest] MET void for 33E8 @ 0.0000,-0.2500 (primary:wide@-0.25:0.00)
[conditions-ingest] Open-Meteo recovered marine data for 33E8
[conditions-ingest] Failed to upsert 33E8 {
  code: '23505',
  details: 'Key (rectangle_code, snapshot_day)=(33E8, 2025-10-15) already exists.',
  hint: null,
  message: 'duplicate key value violates unique constraint "uniq_snap_rect_day"'
}
[conditions-ingest] Failed to upsert 33F2 {
  code: '23503',
  details: 'Key (rectangle_code)=(33F2) is not present in table "ices_rectangles".',
  hint: null,
  message: 'insert or update on table "findr_conditions_snapshots" violates foreign key constraint "findr_conditions_rectangle_fk"'
}
[conditions-ingest] MET void for 33F3 @ 0.0000,0.0000 (primary)
[conditions-ingest] MET void for 33F3 @ 0.0000,0.1800 (primary:east@0.18)
[conditions-ingest] MET void for 33F3 @ 0.0000,-0.1800 (primary:west@0.18)
[conditions-ingest] MET void for 33F3 @ 0.1800,0.0000 (primary:north@0.18)
[conditions-ingest] MET void for 33F3 @ -0.1800,0.0000 (primary:south@0.18)
[conditions-ingest] MET void for 33F3 @ 0.2600,0.2600 (primary:northeast@0.26)
[conditions-ingest] MET void for 33F3 @ 0.2600,-0.2600 (primary:northwest@0.26)
[conditions-ingest] MET void for 33F3 @ -0.2600,0.2600 (primary:southeast@0.26)
[conditions-ingest] MET void for 33F3 @ -0.2600,-0.2600 (primary:southwest@0.26)
[conditions-ingest] MET void for 33F3 @ 0.0000,-0.7500 (primary:wide@-0.75:0.00)
[conditions-ingest] MET void for 33F3 @ 0.2500,-0.7500 (primary:wide@-0.75:0.25)
[conditions-ingest] MET void for 33F3 @ -0.2500,-0.7500 (primary:wide@-0.75:-0.25)
[conditions-ingest] MET void for 33F3 @ 0.0000,-0.4500 (primary:wide@-0.45:0.00)
[conditions-ingest] MET void for 33F3 @ 0.2500,-0.4500 (primary:wide@-0.45:0.25)
[conditions-ingest] MET void for 33F3 @ -0.2500,-0.4500 (primary:wide@-0.45:-0.25)
[conditions-ingest] MET void for 33F3 @ 0.0000,0.4500 (primary:wide@0.45:0.00)
[conditions-ingest] MET void for 33F3 @ 0.2500,0.4500 (primary:wide@0.45:0.25)
[conditions-ingest] MET void for 33F3 @ -0.2500,0.4500 (primary:wide@0.45:-0.25)
[conditions-ingest] MET void for 33F3 @ 0.0000,0.7500 (primary:wide@0.75:0.00)
[conditions-ingest] MET void for 33F3 @ 0.2500,0.7500 (primary:wide@0.75:0.25)
[conditions-ingest] MET void for 33F3 @ -0.2500,0.7500 (primary:wide@0.75:-0.25)
[conditions-ingest] MET void for 33F3 @ 0.4500,0.0000 (primary:wide-lat@0.45)
[conditions-ingest] MET void for 33F3 @ -0.4500,0.0000 (primary:wide-lat@-0.45)
[conditions-ingest] MET void for 33F3 @ 0.0000,0.2500 (primary:wide@0.25:0.00)
[conditions-ingest] MET void for 33F3 @ 0.0000,-0.2500 (primary:wide@-0.25:0.00)
[conditions-ingest] Open-Meteo recovered marine data for 33F3
[conditions-ingest] Failed to upsert 33F3 {
  code: '23505',
  details: 'Key (rectangle_code, snapshot_day)=(33F3, 2025-10-15) already exists.',
  hint: null,
  message: 'duplicate key value violates unique constraint "uniq_snap_rect_day"'
}
[conditions-ingest] MET void for 33F4 @ 0.0000,0.0000 (primary)
[conditions-ingest] MET void for 33F4 @ 0.0000,0.1800 (primary:east@0.18)
[conditions-ingest] MET void for 33F4 @ 0.0000,-0.1800 (primary:west@0.18)
[conditions-ingest] MET void for 33F4 @ 0.1800,0.0000 (primary:north@0.18)
[conditions-ingest] MET void for 33F4 @ -0.1800,0.0000 (primary:south@0.18)
[conditions-ingest] MET void for 33F4 @ 0.2600,0.2600 (primary:northeast@0.26)
[conditions-ingest] MET void for 33F4 @ 0.2600,-0.2600 (primary:northwest@0.26)
[conditions-ingest] MET void for 33F4 @ -0.2600,0.2600 (primary:southeast@0.26)
[conditions-ingest] MET void for 33F4 @ -0.2600,-0.2600 (primary:southwest@0.26)
[conditions-ingest] MET void for 33F4 @ 0.0000,-0.7500 (primary:wide@-0.75:0.00)
[conditions-ingest] MET void for 33F4 @ 0.2500,-0.7500 (primary:wide@-0.75:0.25)
[conditions-ingest] MET void for 33F4 @ -0.2500,-0.7500 (primary:wide@-0.75:-0.25)
[conditions-ingest] MET void for 33F4 @ 0.0000,-0.4500 (primary:wide@-0.45:0.00)
[conditions-ingest] MET void for 33F4 @ 0.2500,-0.4500 (primary:wide@-0.45:0.25)
[conditions-ingest] MET void for 33F4 @ -0.2500,-0.4500 (primary:wide@-0.45:-0.25)
[conditions-ingest] MET void for 33F4 @ 0.0000,0.4500 (primary:wide@0.45:0.00)
[conditions-ingest] MET void for 33F4 @ 0.2500,0.4500 (primary:wide@0.45:0.25)
[conditions-ingest] MET void for 33F4 @ -0.2500,0.4500 (primary:wide@0.45:-0.25)
[conditions-ingest] MET void for 33F4 @ 0.0000,0.7500 (primary:wide@0.75:0.00)
[conditions-ingest] MET void for 33F4 @ 0.2500,0.7500 (primary:wide@0.75:0.25)
[conditions-ingest] MET void for 33F4 @ -0.2500,0.7500 (primary:wide@0.75:-0.25)
[conditions-ingest] MET void for 33F4 @ 0.4500,0.0000 (primary:wide-lat@0.45)
[conditions-ingest] MET void for 33F4 @ -0.4500,0.0000 (primary:wide-lat@-0.45)
[conditions-ingest] MET void for 33F4 @ 0.0000,0.2500 (primary:wide@0.25:0.00)
[conditions-ingest] MET void for 33F4 @ 0.0000,-0.2500 (primary:wide@-0.25:0.00)
[conditions-ingest] Open-Meteo recovered marine data for 33F4
[conditions-ingest] Failed to upsert 33F4 {
  code: '23505',
  details: 'Key (rectangle_code, snapshot_day)=(33F4, 2025-10-15) already exists.',
  hint: null,
  message: 'duplicate key value violates unique constraint "uniq_snap_rect_day"'
}
[conditions-ingest] MET void for 33F5 @ 0.0000,0.0000 (primary)
[conditions-ingest] MET void for 33F5 @ 0.0000,0.1800 (primary:east@0.18)
[conditions-ingest] MET void for 33F5 @ 0.0000,-0.1800 (primary:west@0.18)
[conditions-ingest] MET void for 33F5 @ 0.1800,0.0000 (primary:north@0.18)
[conditions-ingest] MET void for 33F5 @ -0.1800,0.0000 (primary:south@0.18)
[conditions-ingest] MET void for 33F5 @ 0.2600,0.2600 (primary:northeast@0.26)
[conditions-ingest] MET void for 33F5 @ 0.2600,-0.2600 (primary:northwest@0.26)
[conditions-ingest] MET void for 33F5 @ -0.2600,0.2600 (primary:southeast@0.26)
[conditions-ingest] MET void for 33F5 @ -0.2600,-0.2600 (primary:southwest@0.26)
[conditions-ingest] MET void for 33F5 @ 0.0000,-0.7500 (primary:wide@-0.75:0.00)
[conditions-ingest] MET void for 33F5 @ 0.2500,-0.7500 (primary:wide@-0.75:0.25)
[conditions-ingest] MET void for 33F5 @ -0.2500,-0.7500 (primary:wide@-0.75:-0.25)
[conditions-ingest] MET void for 33F5 @ 0.0000,-0.4500 (primary:wide@-0.45:0.00)
[conditions-ingest] MET void for 33F5 @ 0.2500,-0.4500 (primary:wide@-0.45:0.25)
[conditions-ingest] MET void for 33F5 @ -0.2500,-0.4500 (primary:wide@-0.45:-0.25)
[conditions-ingest] MET void for 33F5 @ 0.0000,0.4500 (primary:wide@0.45:0.00)
[conditions-ingest] MET void for 33F5 @ 0.2500,0.4500 (primary:wide@0.45:0.25)
[conditions-ingest] MET void for 33F5 @ -0.2500,0.4500 (primary:wide@0.45:-0.25)
[conditions-ingest] MET void for 33F5 @ 0.0000,0.7500 (primary:wide@0.75:0.00)
[conditions-ingest] MET void for 33F5 @ 0.2500,0.7500 (primary:wide@0.75:0.25)
[conditions-ingest] MET void for 33F5 @ -0.2500,0.7500 (primary:wide@0.75:-0.25)
[conditions-ingest] MET void for 33F5 @ 0.4500,0.0000 (primary:wide-lat@0.45)
[conditions-ingest] MET void for 33F5 @ -0.4500,0.0000 (primary:wide-lat@-0.45)
[conditions-ingest] MET void for 33F5 @ 0.0000,0.2500 (primary:wide@0.25:0.00)
[conditions-ingest] MET void for 33F5 @ 0.0000,-0.2500 (primary:wide@-0.25:0.00)
[conditions-ingest] Open-Meteo recovered marine data for 33F5
[conditions-ingest] Failed to upsert 33F5 {
  code: '23505',
  details: 'Key (rectangle_code, snapshot_day)=(33F5, 2025-10-15) already exists.',
  hint: null,
  message: 'duplicate key value violates unique constraint "uniq_snap_rect_day"'
}
[conditions-ingest] Failed to upsert 33P1 {
  code: '23505',
  details: 'Key (rectangle_code, snapshot_day)=(33P1, 2025-10-15) already exists.',
  hint: null,
  message: 'duplicate key value violates unique constraint "uniq_snap_rect_day"'
}
[conditions-ingest] Failed to upsert 34D6 {
  code: '23505',
  details: 'Key (rectangle_code, snapshot_day)=(34D6, 2025-10-15) already exists.',
  hint: null,
  message: 'duplicate key value violates unique constraint "uniq_snap_rect_day"'
}
[conditions-ingest] Failed to upsert 34E1 {
  code: '23505',
  details: 'Key (rectangle_code, snapshot_day)=(34E1, 2025-10-15) already exists.',
  hint: null,
  message: 'duplicate key value violates unique constraint "uniq_snap_rect_day"'
}
[conditions-ingest] Failed to upsert 34E3 {
  code: '23505',
  details: 'Key (rectangle_code, snapshot_day)=(34E3, 2025-10-15) already exists.',
  hint: null,
  message: 'duplicate key value violates unique constraint "uniq_snap_rect_day"'
}
[conditions-ingest] Failed to upsert 34E5 {
  code: '23505',
  details: 'Key (rectangle_code, snapshot_day)=(34E5, 2025-10-15) already exists.',
  hint: null,
  message: 'duplicate key value violates unique constraint "uniq_snap_rect_day"'
}
[conditions-ingest] MET void for 34E8 @ 0.0000,0.0000 (primary)
[conditions-ingest] MET void for 34E8 @ 0.0000,0.1800 (primary:east@0.18)
[conditions-ingest] MET void for 34E8 @ 0.0000,-0.1800 (primary:west@0.18)
[conditions-ingest] MET void for 34E8 @ 0.1800,0.0000 (primary:north@0.18)
[conditions-ingest] MET void for 34E8 @ -0.1800,0.0000 (primary:south@0.18)
[conditions-ingest] MET void for 34E8 @ 0.2600,0.2600 (primary:northeast@0.26)
[conditions-ingest] MET void for 34E8 @ 0.2600,-0.2600 (primary:northwest@0.26)
[conditions-ingest] MET void for 34E8 @ -0.2600,0.2600 (primary:southeast@0.26)
[conditions-ingest] MET void for 34E8 @ -0.2600,-0.2600 (primary:southwest@0.26)
[conditions-ingest] MET void for 34E8 @ 0.0000,-0.7500 (primary:wide@-0.75:0.00)
[conditions-ingest] MET void for 34E8 @ 0.2500,-0.7500 (primary:wide@-0.75:0.25)
[conditions-ingest] MET void for 34E8 @ -0.2500,-0.7500 (primary:wide@-0.75:-0.25)
[conditions-ingest] MET void for 34E8 @ 0.0000,-0.4500 (primary:wide@-0.45:0.00)
[conditions-ingest] MET void for 34E8 @ 0.2500,-0.4500 (primary:wide@-0.45:0.25)
[conditions-ingest] MET void for 34E8 @ -0.2500,-0.4500 (primary:wide@-0.45:-0.25)
[conditions-ingest] MET void for 34E8 @ 0.0000,0.4500 (primary:wide@0.45:0.00)
[conditions-ingest] MET void for 34E8 @ 0.2500,0.4500 (primary:wide@0.45:0.25)
[conditions-ingest] MET void for 34E8 @ -0.2500,0.4500 (primary:wide@0.45:-0.25)
[conditions-ingest] MET void for 34E8 @ 0.0000,0.7500 (primary:wide@0.75:0.00)
[conditions-ingest] MET void for 34E8 @ 0.2500,0.7500 (primary:wide@0.75:0.25)
[conditions-ingest] MET void for 34E8 @ -0.2500,0.7500 (primary:wide@0.75:-0.25)
[conditions-ingest] MET void for 34E8 @ 0.4500,0.0000 (primary:wide-lat@0.45)
[conditions-ingest] MET void for 34E8 @ -0.4500,0.0000 (primary:wide-lat@-0.45)
[conditions-ingest] MET void for 34E8 @ 0.0000,0.2500 (primary:wide@0.25:0.00)
[conditions-ingest] MET void for 34E8 @ 0.0000,-0.2500 (primary:wide@-0.25:0.00)
[conditions-ingest] Open-Meteo recovered marine data for 34E8
[conditions-ingest] Failed to upsert 34E8 {
  code: '23505',
  details: 'Key (rectangle_code, snapshot_day)=(34E8, 2025-10-15) already exists.',
  hint: null,
  message: 'duplicate key value violates unique constraint "uniq_snap_rect_day"'
}
[conditions-ingest] MET void for 34F3 @ 0.0000,0.0000 (primary)
[conditions-ingest] MET void for 34F3 @ 0.0000,0.1800 (primary:east@0.18)
[conditions-ingest] MET void for 34F3 @ 0.0000,-0.1800 (primary:west@0.18)
[conditions-ingest] MET void for 34F3 @ 0.1800,0.0000 (primary:north@0.18)
[conditions-ingest] MET void for 34F3 @ -0.1800,0.0000 (primary:south@0.18)
[conditions-ingest] MET void for 34F3 @ 0.2600,0.2600 (primary:northeast@0.26)
[conditions-ingest] MET void for 34F3 @ 0.2600,-0.2600 (primary:northwest@0.26)
[conditions-ingest] MET void for 34F3 @ -0.2600,0.2600 (primary:southeast@0.26)
[conditions-ingest] MET void for 34F3 @ -0.2600,-0.2600 (primary:southwest@0.26)
[conditions-ingest] MET void for 34F3 @ 0.0000,-0.7500 (primary:wide@-0.75:0.00)
[conditions-ingest] MET void for 34F3 @ 0.2500,-0.7500 (primary:wide@-0.75:0.25)
[conditions-ingest] MET void for 34F3 @ -0.2500,-0.7500 (primary:wide@-0.75:-0.25)
[conditions-ingest] MET void for 34F3 @ 0.0000,-0.4500 (primary:wide@-0.45:0.00)
[conditions-ingest] MET void for 34F3 @ 0.2500,-0.4500 (primary:wide@-0.45:0.25)
[conditions-ingest] MET void for 34F3 @ -0.2500,-0.4500 (primary:wide@-0.45:-0.25)
[conditions-ingest] MET void for 34F3 @ 0.0000,0.4500 (primary:wide@0.45:0.00)
[conditions-ingest] MET void for 34F3 @ 0.2500,0.4500 (primary:wide@0.45:0.25)
[conditions-ingest] MET void for 34F3 @ -0.2500,0.4500 (primary:wide@0.45:-0.25)
[conditions-ingest] MET void for 34F3 @ 0.0000,0.7500 (primary:wide@0.75:0.00)
[conditions-ingest] MET void for 34F3 @ 0.2500,0.7500 (primary:wide@0.75:0.25)
[conditions-ingest] MET void for 34F3 @ -0.2500,0.7500 (primary:wide@0.75:-0.25)
[conditions-ingest] MET void for 34F3 @ 0.4500,0.0000 (primary:wide-lat@0.45)
[conditions-ingest] MET void for 34F3 @ -0.4500,0.0000 (primary:wide-lat@-0.45)
[conditions-ingest] MET void for 34F3 @ 0.0000,0.2500 (primary:wide@0.25:0.00)
[conditions-ingest] MET void for 34F3 @ 0.0000,-0.2500 (primary:wide@-0.25:0.00)
[conditions-ingest] Open-Meteo recovered marine data for 34F3
[conditions-ingest] Failed to upsert 34F3 {
  code: '23505',
  details: 'Key (rectangle_code, snapshot_day)=(34F3, 2025-10-15) already exists.',
  hint: null,
  message: 'duplicate key value violates unique constraint "uniq_snap_rect_day"'
}
[conditions-ingest] MET void for 34F4 @ 56.5000,-6.0000 (primary)
[conditions-ingest] MET void for 34F4 @ 56.5000,-5.8200 (primary:east@0.18)
[conditions-ingest] MET recovered for 34F4 via primary:west@0.18 probe @ 56.5000,-6.1800
[conditions-ingest] Failed to upsert 34F4 {
  code: '23505',
  details: 'Key (rectangle_code, snapshot_day)=(34F4, 2025-10-15) already exists.',
  hint: null,
  message: 'duplicate key value violates unique constraint "uniq_snap_rect_day"'
}
[conditions-ingest] MET void for 34F5 @ 0.0000,0.0000 (primary)
[conditions-ingest] MET void for 34F5 @ 0.0000,0.1800 (primary:east@0.18)
[conditions-ingest] MET void for 34F5 @ 0.0000,-0.1800 (primary:west@0.18)
[conditions-ingest] MET void for 34F5 @ 0.1800,0.0000 (primary:north@0.18)
[conditions-ingest] MET void for 34F5 @ -0.1800,0.0000 (primary:south@0.18)
[conditions-ingest] MET void for 34F5 @ 0.2600,0.2600 (primary:northeast@0.26)
[conditions-ingest] MET void for 34F5 @ 0.2600,-0.2600 (primary:northwest@0.26)
[conditions-ingest] MET void for 34F5 @ -0.2600,0.2600 (primary:southeast@0.26)
[conditions-ingest] MET void for 34F5 @ -0.2600,-0.2600 (primary:southwest@0.26)
[conditions-ingest] MET void for 34F5 @ 0.0000,-0.7500 (primary:wide@-0.75:0.00)
[conditions-ingest] MET void for 34F5 @ 0.2500,-0.7500 (primary:wide@-0.75:0.25)
[conditions-ingest] MET void for 34F5 @ -0.2500,-0.7500 (primary:wide@-0.75:-0.25)
[conditions-ingest] MET void for 34F5 @ 0.0000,-0.4500 (primary:wide@-0.45:0.00)
[conditions-ingest] MET void for 34F5 @ 0.2500,-0.4500 (primary:wide@-0.45:0.25)
[conditions-ingest] MET void for 34F5 @ -0.2500,-0.4500 (primary:wide@-0.45:-0.25)
[conditions-ingest] MET void for 34F5 @ 0.0000,0.4500 (primary:wide@0.45:0.00)
[conditions-ingest] MET void for 34F5 @ 0.2500,0.4500 (primary:wide@0.45:0.25)
[conditions-ingest] MET void for 34F5 @ -0.2500,0.4500 (primary:wide@0.45:-0.25)
[conditions-ingest] MET void for 34F5 @ 0.0000,0.7500 (primary:wide@0.75:0.00)
[conditions-ingest] MET void for 34F5 @ 0.2500,0.7500 (primary:wide@0.75:0.25)
[conditions-ingest] MET void for 34F5 @ -0.2500,0.7500 (primary:wide@0.75:-0.25)
[conditions-ingest] MET void for 34F5 @ 0.4500,0.0000 (primary:wide-lat@0.45)
[conditions-ingest] MET void for 34F5 @ -0.4500,0.0000 (primary:wide-lat@-0.45)
[conditions-ingest] MET void for 34F5 @ 0.0000,0.2500 (primary:wide@0.25:0.00)
[conditions-ingest] MET void for 34F5 @ 0.0000,-0.2500 (primary:wide@-0.25:0.00)
[conditions-ingest] Open-Meteo recovered marine data for 34F5
[conditions-ingest] Failed to upsert 34F5 {
  code: '23505',
  details: 'Key (rectangle_code, snapshot_day)=(34F5, 2025-10-15) already exists.',
  hint: null,
  message: 'duplicate key value violates unique constraint "uniq_snap_rect_day"'
}
[conditions-ingest] Failed to upsert 34F6 {
  code: '23505',
  details: 'Key (rectangle_code, snapshot_day)=(34F6, 2025-10-15) already exists.',
  hint: null,
  message: 'duplicate key value violates unique constraint "uniq_snap_rect_day"'
}
[conditions-ingest] Failed to upsert 34P1 {
  code: '23505',
  details: 'Key (rectangle_code, snapshot_day)=(34P1, 2025-10-15) already exists.',
  hint: null,
  message: 'duplicate key value violates unique constraint "uniq_snap_rect_day"'
}
[conditions-ingest] MET void for 35E1 @ 57.0000,-3.0000 (primary)
[conditions-ingest] MET void for 35E1 @ 57.0000,-2.8200 (primary:east@0.18)
[conditions-ingest] MET void for 35E1 @ 57.0000,-3.1800 (primary:west@0.18)
[conditions-ingest] MET void for 35E1 @ 57.1800,-3.0000 (primary:north@0.18)
[conditions-ingest] MET void for 35E1 @ 56.8200,-3.0000 (primary:south@0.18)
[conditions-ingest] MET void for 35E1 @ 57.2600,-2.7400 (primary:northeast@0.26)
[conditions-ingest] MET void for 35E1 @ 57.2600,-3.2600 (primary:northwest@0.26)
[conditions-ingest] MET void for 35E1 @ 56.7400,-2.7400 (primary:southeast@0.26)
[conditions-ingest] MET void for 35E1 @ 56.7400,-3.2600 (primary:southwest@0.26)
[conditions-ingest] MET void for 35E1 @ 57.0000,-3.7500 (primary:wide@-0.75:0.00)
[conditions-ingest] MET void for 35E1 @ 57.2500,-3.7500 (primary:wide@-0.75:0.25)
[conditions-ingest] MET void for 35E1 @ 56.7500,-3.7500 (primary:wide@-0.75:-0.25)
[conditions-ingest] MET void for 35E1 @ 57.0000,-3.4500 (primary:wide@-0.45:0.00)
[conditions-ingest] MET void for 35E1 @ 57.2500,-3.4500 (primary:wide@-0.45:0.25)
[conditions-ingest] MET void for 35E1 @ 56.7500,-3.4500 (primary:wide@-0.45:-0.25)
[conditions-ingest] MET void for 35E1 @ 57.0000,-2.5500 (primary:wide@0.45:0.00)
[conditions-ingest] MET void for 35E1 @ 57.2500,-2.5500 (primary:wide@0.45:0.25)
[conditions-ingest] MET recovered for 35E1 via primary:wide@0.45:-0.25 probe @ 56.7500,-2.5500
[conditions-ingest] Failed to upsert 35E1 {
  code: '23505',
  details: 'Key (rectangle_code, snapshot_day)=(35E1, 2025-10-15) already exists.',
  hint: null,
  message: 'duplicate key value violates unique constraint "uniq_snap_rect_day"'
}
[conditions-ingest] Failed to upsert 35E5 {
  code: '23505',
  details: 'Key (rectangle_code, snapshot_day)=(35E5, 2025-10-15) already exists.',
  hint: null,
  message: 'duplicate key value violates unique constraint "uniq_snap_rect_day"'
}
[conditions-ingest] MET void for 35E8 @ 0.0000,0.0000 (primary)
[conditions-ingest] MET void for 35E8 @ 0.0000,0.1800 (primary:east@0.18)
[conditions-ingest] MET void for 35E8 @ 0.0000,-0.1800 (primary:west@0.18)
[conditions-ingest] MET void for 35E8 @ 0.1800,0.0000 (primary:north@0.18)
[conditions-ingest] MET void for 35E8 @ -0.1800,0.0000 (primary:south@0.18)
[conditions-ingest] MET void for 35E8 @ 0.2600,0.2600 (primary:northeast@0.26)
[conditions-ingest] MET void for 35E8 @ 0.2600,-0.2600 (primary:northwest@0.26)
[conditions-ingest] MET void for 35E8 @ -0.2600,0.2600 (primary:southeast@0.26)
[conditions-ingest] MET void for 35E8 @ -0.2600,-0.2600 (primary:southwest@0.26)
[conditions-ingest] MET void for 35E8 @ 0.0000,-0.7500 (primary:wide@-0.75:0.00)
[conditions-ingest] MET void for 35E8 @ 0.2500,-0.7500 (primary:wide@-0.75:0.25)
[conditions-ingest] MET void for 35E8 @ -0.2500,-0.7500 (primary:wide@-0.75:-0.25)
[conditions-ingest] MET void for 35E8 @ 0.0000,-0.4500 (primary:wide@-0.45:0.00)
[conditions-ingest] MET void for 35E8 @ 0.2500,-0.4500 (primary:wide@-0.45:0.25)
[conditions-ingest] MET void for 35E8 @ -0.2500,-0.4500 (primary:wide@-0.45:-0.25)
[conditions-ingest] MET void for 35E8 @ 0.0000,0.4500 (primary:wide@0.45:0.00)
[conditions-ingest] MET void for 35E8 @ 0.2500,0.4500 (primary:wide@0.45:0.25)
[conditions-ingest] MET void for 35E8 @ -0.2500,0.4500 (primary:wide@0.45:-0.25)
[conditions-ingest] MET void for 35E8 @ 0.0000,0.7500 (primary:wide@0.75:0.00)
[conditions-ingest] MET void for 35E8 @ 0.2500,0.7500 (primary:wide@0.75:0.25)
[conditions-ingest] MET void for 35E8 @ -0.2500,0.7500 (primary:wide@0.75:-0.25)
[conditions-ingest] MET void for 35E8 @ 0.4500,0.0000 (primary:wide-lat@0.45)
[conditions-ingest] MET void for 35E8 @ -0.4500,0.0000 (primary:wide-lat@-0.45)
[conditions-ingest] MET void for 35E8 @ 0.0000,0.2500 (primary:wide@0.25:0.00)
[conditions-ingest] MET void for 35E8 @ 0.0000,-0.2500 (primary:wide@-0.25:0.00)
[conditions-ingest] Open-Meteo recovered marine data for 35E8
[conditions-ingest] Failed to upsert 35E8 {
  code: '23505',
  details: 'Key (rectangle_code, snapshot_day)=(35E8, 2025-10-15) already exists.',
  hint: null,
  message: 'duplicate key value violates unique constraint "uniq_snap_rect_day"'
}
[conditions-ingest] MET void for 35F0 @ 0.0000,0.0000 (primary)
[conditions-ingest] MET void for 35F0 @ 0.0000,0.1800 (primary:east@0.18)
[conditions-ingest] MET void for 35F0 @ 0.0000,-0.1800 (primary:west@0.18)
[conditions-ingest] MET void for 35F0 @ 0.1800,0.0000 (primary:north@0.18)
[conditions-ingest] MET void for 35F0 @ -0.1800,0.0000 (primary:south@0.18)
[conditions-ingest] MET void for 35F0 @ 0.2600,0.2600 (primary:northeast@0.26)
[conditions-ingest] MET void for 35F0 @ 0.2600,-0.2600 (primary:northwest@0.26)
[conditions-ingest] MET void for 35F0 @ -0.2600,0.2600 (primary:southeast@0.26)
[conditions-ingest] MET void for 35F0 @ -0.2600,-0.2600 (primary:southwest@0.26)
[conditions-ingest] MET void for 35F0 @ 0.0000,-0.7500 (primary:wide@-0.75:0.00)
[conditions-ingest] MET void for 35F0 @ 0.2500,-0.7500 (primary:wide@-0.75:0.25)
[conditions-ingest] MET void for 35F0 @ -0.2500,-0.7500 (primary:wide@-0.75:-0.25)
[conditions-ingest] MET void for 35F0 @ 0.0000,-0.4500 (primary:wide@-0.45:0.00)
[conditions-ingest] MET void for 35F0 @ 0.2500,-0.4500 (primary:wide@-0.45:0.25)
[conditions-ingest] MET void for 35F0 @ -0.2500,-0.4500 (primary:wide@-0.45:-0.25)
[conditions-ingest] MET void for 35F0 @ 0.0000,0.4500 (primary:wide@0.45:0.00)
[conditions-ingest] MET void for 35F0 @ 0.2500,0.4500 (primary:wide@0.45:0.25)
[conditions-ingest] MET void for 35F0 @ -0.2500,0.4500 (primary:wide@0.45:-0.25)
[conditions-ingest] MET void for 35F0 @ 0.0000,0.7500 (primary:wide@0.75:0.00)
[conditions-ingest] MET void for 35F0 @ 0.2500,0.7500 (primary:wide@0.75:0.25)
[conditions-ingest] MET void for 35F0 @ -0.2500,0.7500 (primary:wide@0.75:-0.25)
[conditions-ingest] MET void for 35F0 @ 0.4500,0.0000 (primary:wide-lat@0.45)
[conditions-ingest] MET void for 35F0 @ -0.4500,0.0000 (primary:wide-lat@-0.45)
[conditions-ingest] MET void for 35F0 @ 0.0000,0.2500 (primary:wide@0.25:0.00)
[conditions-ingest] MET void for 35F0 @ 0.0000,-0.2500 (primary:wide@-0.25:0.00)
[conditions-ingest] Open-Meteo recovered marine data for 35F0
[conditions-ingest] Failed to upsert 35F0 {
  code: '23505',
  details: 'Key (rectangle_code, snapshot_day)=(35F0, 2025-10-15) already exists.',
  hint: null,
  message: 'duplicate key value violates unique constraint "uniq_snap_rect_day"'
}
[conditions-ingest] MET void for 35F3 @ 0.0000,0.0000 (primary)
[conditions-ingest] MET void for 35F3 @ 0.0000,0.1800 (primary:east@0.18)
[conditions-ingest] MET void for 35F3 @ 0.0000,-0.1800 (primary:west@0.18)
[conditions-ingest] MET void for 35F3 @ 0.1800,0.0000 (primary:north@0.18)
[conditions-ingest] MET void for 35F3 @ -0.1800,0.0000 (primary:south@0.18)
[conditions-ingest] MET void for 35F3 @ 0.2600,0.2600 (primary:northeast@0.26)
[conditions-ingest] MET void for 35F3 @ 0.2600,-0.2600 (primary:northwest@0.26)
[conditions-ingest] MET void for 35F3 @ -0.2600,0.2600 (primary:southeast@0.26)
[conditions-ingest] MET void for 35F3 @ -0.2600,-0.2600 (primary:southwest@0.26)
[conditions-ingest] MET void for 35F3 @ 0.0000,-0.7500 (primary:wide@-0.75:0.00)
[conditions-ingest] MET void for 35F3 @ 0.2500,-0.7500 (primary:wide@-0.75:0.25)
[conditions-ingest] MET void for 35F3 @ -0.2500,-0.7500 (primary:wide@-0.75:-0.25)
[conditions-ingest] MET void for 35F3 @ 0.0000,-0.4500 (primary:wide@-0.45:0.00)
[conditions-ingest] MET void for 35F3 @ 0.2500,-0.4500 (primary:wide@-0.45:0.25)
[conditions-ingest] MET void for 35F3 @ -0.2500,-0.4500 (primary:wide@-0.45:-0.25)
[conditions-ingest] MET void for 35F3 @ 0.0000,0.4500 (primary:wide@0.45:0.00)
[conditions-ingest] MET void for 35F3 @ 0.2500,0.4500 (primary:wide@0.45:0.25)
[conditions-ingest] MET void for 35F3 @ -0.2500,0.4500 (primary:wide@0.45:-0.25)
[conditions-ingest] MET void for 35F3 @ 0.0000,0.7500 (primary:wide@0.75:0.00)
[conditions-ingest] MET void for 35F3 @ 0.2500,0.7500 (primary:wide@0.75:0.25)
[conditions-ingest] MET void for 35F3 @ -0.2500,0.7500 (primary:wide@0.75:-0.25)
[conditions-ingest] MET void for 35F3 @ 0.4500,0.0000 (primary:wide-lat@0.45)
[conditions-ingest] MET void for 35F3 @ -0.4500,0.0000 (primary:wide-lat@-0.45)
[conditions-ingest] MET void for 35F3 @ 0.0000,0.2500 (primary:wide@0.25:0.00)
[conditions-ingest] MET void for 35F3 @ 0.0000,-0.2500 (primary:wide@-0.25:0.00)
[conditions-ingest] Open-Meteo recovered marine data for 35F3
[conditions-ingest] Failed to upsert 35F3 {
  code: '23505',
  details: 'Key (rectangle_code, snapshot_day)=(35F3, 2025-10-15) already exists.',
  hint: null,
  message: 'duplicate key value violates unique constraint "uniq_snap_rect_day"'
}
[conditions-ingest] Failed to upsert 35F4 {
  code: '23505',
  details: 'Key (rectangle_code, snapshot_day)=(35F4, 2025-10-15) already exists.',
  hint: null,
  message: 'duplicate key value violates unique constraint "uniq_snap_rect_day"'
}
[conditions-ingest] Failed to upsert 35F5 {
  code: '23505',
  details: 'Key (rectangle_code, snapshot_day)=(35F5, 2025-10-15) already exists.',
  hint: null,
  message: 'duplicate key value violates unique constraint "uniq_snap_rect_day"'
}
[conditions-ingest] Failed to upsert 35F6 {
  code: '23505',
  details: 'Key (rectangle_code, snapshot_day)=(35F6, 2025-10-15) already exists.',
  hint: null,
  message: 'duplicate key value violates unique constraint "uniq_snap_rect_day"'
}
[conditions-ingest] Failed to upsert 35G5 {
  code: '23505',
  details: 'Key (rectangle_code, snapshot_day)=(35G5, 2025-10-15) already exists.',
  hint: null,
  message: 'duplicate key value violates unique constraint "uniq_snap_rect_day"'
}
[conditions-ingest] Failed to upsert 35G6 {
  code: '23505',
  details: 'Key (rectangle_code, snapshot_day)=(35G6, 2025-10-15) already exists.',
  hint: null,
  message: 'duplicate key value violates unique constraint "uniq_snap_rect_day"'
}
[conditions-ingest] Failed to upsert 35P1 {
  code: '23503',
  details: 'Key (rectangle_code)=(35P1) is not present in table "ices_rectangles".',
  hint: null,
  message: 'insert or update on table "findr_conditions_snapshots" violates foreign key constraint "findr_conditions_rectangle_fk"'
}
[conditions-ingest] MET void for 36E1 @ 57.5000,-3.0000 (primary)
[conditions-ingest] MET void for 36E1 @ 57.5000,-2.8200 (primary:east@0.18)
[conditions-ingest] MET void for 36E1 @ 57.5000,-3.1800 (primary:west@0.18)
[conditions-ingest] MET recovered for 36E1 via primary:north@0.18 probe @ 57.6800,-3.0000
[conditions-ingest] Failed to upsert 36E1 {
  code: '23505',
  details: 'Key (rectangle_code, snapshot_day)=(36E1, 2025-10-15) already exists.',
  hint: null,
  message: 'duplicate key value violates unique constraint "uniq_snap_rect_day"'
}
[conditions-ingest] MET void for 36F0 @ 0.0000,0.0000 (primary)
[conditions-ingest] MET void for 36F0 @ 0.0000,0.1800 (primary:east@0.18)
[conditions-ingest] MET void for 36F0 @ 0.0000,-0.1800 (primary:west@0.18)
[conditions-ingest] MET void for 36F0 @ 0.1800,0.0000 (primary:north@0.18)
[conditions-ingest] MET void for 36F0 @ -0.1800,0.0000 (primary:south@0.18)
[conditions-ingest] MET void for 36F0 @ 0.2600,0.2600 (primary:northeast@0.26)
[conditions-ingest] MET void for 36F0 @ 0.2600,-0.2600 (primary:northwest@0.26)
[conditions-ingest] MET void for 36F0 @ -0.2600,0.2600 (primary:southeast@0.26)
[conditions-ingest] MET void for 36F0 @ -0.2600,-0.2600 (primary:southwest@0.26)
[conditions-ingest] MET void for 36F0 @ 0.0000,-0.7500 (primary:wide@-0.75:0.00)
[conditions-ingest] MET void for 36F0 @ 0.2500,-0.7500 (primary:wide@-0.75:0.25)
[conditions-ingest] MET void for 36F0 @ -0.2500,-0.7500 (primary:wide@-0.75:-0.25)
[conditions-ingest] MET void for 36F0 @ 0.0000,-0.4500 (primary:wide@-0.45:0.00)
[conditions-ingest] MET void for 36F0 @ 0.2500,-0.4500 (primary:wide@-0.45:0.25)
[conditions-ingest] MET void for 36F0 @ -0.2500,-0.4500 (primary:wide@-0.45:-0.25)
[conditions-ingest] MET void for 36F0 @ 0.0000,0.4500 (primary:wide@0.45:0.00)
[conditions-ingest] MET void for 36F0 @ 0.2500,0.4500 (primary:wide@0.45:0.25)
[conditions-ingest] MET void for 36F0 @ -0.2500,0.4500 (primary:wide@0.45:-0.25)
[conditions-ingest] MET void for 36F0 @ 0.0000,0.7500 (primary:wide@0.75:0.00)
[conditions-ingest] MET void for 36F0 @ 0.2500,0.7500 (primary:wide@0.75:0.25)
[conditions-ingest] MET void for 36F0 @ -0.2500,0.7500 (primary:wide@0.75:-0.25)
[conditions-ingest] MET void for 36F0 @ 0.4500,0.0000 (primary:wide-lat@0.45)
[conditions-ingest] MET void for 36F0 @ -0.4500,0.0000 (primary:wide-lat@-0.45)
[conditions-ingest] MET void for 36F0 @ 0.0000,0.2500 (primary:wide@0.25:0.00)
[conditions-ingest] MET void for 36F0 @ 0.0000,-0.2500 (primary:wide@-0.25:0.00)
[conditions-ingest] Open-Meteo recovered marine data for 36F0
[conditions-ingest] Failed to upsert 36F0 {
  code: '23505',
  details: 'Key (rectangle_code, snapshot_day)=(36F0, 2025-10-15) already exists.',
  hint: null,
  message: 'duplicate key value violates unique constraint "uniq_snap_rect_day"'
}
[conditions-ingest] Failed to upsert 36F4 {
  code: '23505',
  details: 'Key (rectangle_code, snapshot_day)=(36F4, 2025-10-15) already exists.',
  hint: null,
  message: 'duplicate key value violates unique constraint "uniq_snap_rect_day"'
}
[conditions-ingest] Failed to upsert 36F5 {
  code: '23505',
  details: 'Key (rectangle_code, snapshot_day)=(36F5, 2025-10-15) already exists.',
  hint: null,
  message: 'duplicate key value violates unique constraint "uniq_snap_rect_day"'
}
[conditions-ingest] Failed to upsert 36G6 {
  code: '23505',
  details: 'Key (rectangle_code, snapshot_day)=(36G6, 2025-10-15) already exists.',
  hint: null,
  message: 'duplicate key value violates unique constraint "uniq_snap_rect_day"'
}
[conditions-ingest] MET void for 36H0 @ 39.5000,8.5000 (primary)
[conditions-ingest] MET void for 36H0 @ 39.5000,8.6800 (primary:east@0.18)
[conditions-ingest] MET void for 36H0 @ 39.5000,8.3200 (primary:west@0.18)
[conditions-ingest] MET void for 36H0 @ 39.6800,8.5000 (primary:north@0.18)
[conditions-ingest] MET void for 36H0 @ 39.3200,8.5000 (primary:south@0.18)
[conditions-ingest] MET void for 36H0 @ 39.7600,8.7600 (primary:northeast@0.26)
[conditions-ingest] MET void for 36H0 @ 39.7600,8.2400 (primary:northwest@0.26)
[conditions-ingest] MET void for 36H0 @ 39.2400,8.7600 (primary:southeast@0.26)
[conditions-ingest] MET void for 36H0 @ 39.2400,8.2400 (primary:southwest@0.26)
[conditions-ingest] MET void for 36H0 @ 39.5000,7.7500 (primary:wide@-0.75:0.00)
[conditions-ingest] MET void for 36H0 @ 39.7500,7.7500 (primary:wide@-0.75:0.25)
[conditions-ingest] MET void for 36H0 @ 39.2500,7.7500 (primary:wide@-0.75:-0.25)
[conditions-ingest] MET void for 36H0 @ 39.5000,8.0500 (primary:wide@-0.45:0.00)
[conditions-ingest] MET void for 36H0 @ 39.7500,8.0500 (primary:wide@-0.45:0.25)
[conditions-ingest] MET void for 36H0 @ 39.2500,8.0500 (primary:wide@-0.45:-0.25)
[conditions-ingest] MET void for 36H0 @ 39.5000,8.9500 (primary:wide@0.45:0.00)
[conditions-ingest] MET void for 36H0 @ 39.7500,8.9500 (primary:wide@0.45:0.25)
[conditions-ingest] MET void for 36H0 @ 39.2500,8.9500 (primary:wide@0.45:-0.25)
[conditions-ingest] MET void for 36H0 @ 39.5000,9.2500 (primary:wide@0.75:0.00)
[conditions-ingest] MET void for 36H0 @ 39.7500,9.2500 (primary:wide@0.75:0.25)
[conditions-ingest] MET void for 36H0 @ 39.2500,9.2500 (primary:wide@0.75:-0.25)
[conditions-ingest] MET void for 36H0 @ 39.9500,8.5000 (primary:wide-lat@0.45)
[conditions-ingest] MET void for 36H0 @ 39.0500,8.5000 (primary:wide-lat@-0.45)
[conditions-ingest] MET void for 36H0 @ 39.5000,8.7500 (primary:wide@0.25:0.00)
[conditions-ingest] MET void for 36H0 @ 39.5000,8.2500 (primary:wide@-0.25:0.00)
[conditions-ingest] Open-Meteo recovered marine data for 36H0
[conditions-ingest] Failed to upsert 36H0 {
  code: '23505',
  details: 'Key (rectangle_code, snapshot_day)=(36H0, 2025-10-15) already exists.',
  hint: null,
  message: 'duplicate key value violates unique constraint "uniq_snap_rect_day"'
}
[conditions-ingest] MET void for 36I0 @ 40.0000,9.0000 (primary)
[conditions-ingest] MET void for 36I0 @ 40.0000,9.1800 (primary:east@0.18)
[conditions-ingest] MET void for 36I0 @ 40.0000,8.8200 (primary:west@0.18)
[conditions-ingest] MET void for 36I0 @ 40.1800,9.0000 (primary:north@0.18)
[conditions-ingest] MET void for 36I0 @ 39.8200,9.0000 (primary:south@0.18)
[conditions-ingest] MET void for 36I0 @ 40.2600,9.2600 (primary:northeast@0.26)
[conditions-ingest] MET void for 36I0 @ 40.2600,8.7400 (primary:northwest@0.26)
[conditions-ingest] MET void for 36I0 @ 39.7400,9.2600 (primary:southeast@0.26)
[conditions-ingest] MET void for 36I0 @ 39.7400,8.7400 (primary:southwest@0.26)
[conditions-ingest] MET void for 36I0 @ 40.0000,8.2500 (primary:wide@-0.75:0.00)
[conditions-ingest] MET void for 36I0 @ 40.2500,8.2500 (primary:wide@-0.75:0.25)
[conditions-ingest] MET void for 36I0 @ 39.7500,8.2500 (primary:wide@-0.75:-0.25)
[conditions-ingest] MET void for 36I0 @ 40.0000,8.5500 (primary:wide@-0.45:0.00)
[conditions-ingest] MET void for 36I0 @ 40.2500,8.5500 (primary:wide@-0.45:0.25)
[conditions-ingest] MET void for 36I0 @ 39.7500,8.5500 (primary:wide@-0.45:-0.25)
[conditions-ingest] MET void for 36I0 @ 40.0000,9.4500 (primary:wide@0.45:0.00)
[conditions-ingest] MET void for 36I0 @ 40.2500,9.4500 (primary:wide@0.45:0.25)
[conditions-ingest] MET void for 36I0 @ 39.7500,9.4500 (primary:wide@0.45:-0.25)
[conditions-ingest] MET void for 36I0 @ 40.0000,9.7500 (primary:wide@0.75:0.00)
[conditions-ingest] MET void for 36I0 @ 40.2500,9.7500 (primary:wide@0.75:0.25)
[conditions-ingest] MET void for 36I0 @ 39.7500,9.7500 (primary:wide@0.75:-0.25)
[conditions-ingest] MET void for 36I0 @ 40.4500,9.0000 (primary:wide-lat@0.45)
[conditions-ingest] MET void for 36I0 @ 39.5500,9.0000 (primary:wide-lat@-0.45)
[conditions-ingest] MET void for 36I0 @ 40.0000,9.2500 (primary:wide@0.25:0.00)
[conditions-ingest] MET void for 36I0 @ 40.0000,8.7500 (primary:wide@-0.25:0.00)
[conditions-ingest] Open-Meteo recovered marine data for 36I0
[conditions-ingest] Failed to upsert 36I0 {
  code: '23505',
  details: 'Key (rectangle_code, snapshot_day)=(36I0, 2025-10-15) already exists.',
  hint: null,
  message: 'duplicate key value violates unique constraint "uniq_snap_rect_day"'
}
[conditions-ingest] Failed to upsert 36P1 {
  code: '23505',
  details: 'Key (rectangle_code, snapshot_day)=(36P1, 2025-10-15) already exists.',
  hint: null,
  message: 'duplicate key value violates unique constraint "uniq_snap_rect_day"'
}
[conditions-ingest] Failed to upsert 37E1 {
  code: '23505',
  details: 'Key (rectangle_code, snapshot_day)=(37E1, 2025-10-15) already exists.',
  hint: null,
  message: 'duplicate key value violates unique constraint "uniq_snap_rect_day"'
}
[conditions-ingest] MET void for 37F0 @ 0.0000,0.0000 (primary)
[conditions-ingest] MET void for 37F0 @ 0.0000,0.1800 (primary:east@0.18)
[conditions-ingest] MET void for 37F0 @ 0.0000,-0.1800 (primary:west@0.18)
[conditions-ingest] MET void for 37F0 @ 0.1800,0.0000 (primary:north@0.18)
[conditions-ingest] MET void for 37F0 @ -0.1800,0.0000 (primary:south@0.18)
[conditions-ingest] MET void for 37F0 @ 0.2600,0.2600 (primary:northeast@0.26)
[conditions-ingest] MET void for 37F0 @ 0.2600,-0.2600 (primary:northwest@0.26)
[conditions-ingest] MET void for 37F0 @ -0.2600,0.2600 (primary:southeast@0.26)
[conditions-ingest] MET void for 37F0 @ -0.2600,-0.2600 (primary:southwest@0.26)
[conditions-ingest] MET void for 37F0 @ 0.0000,-0.7500 (primary:wide@-0.75:0.00)
[conditions-ingest] MET void for 37F0 @ 0.2500,-0.7500 (primary:wide@-0.75:0.25)
[conditions-ingest] MET void for 37F0 @ -0.2500,-0.7500 (primary:wide@-0.75:-0.25)
[conditions-ingest] MET void for 37F0 @ 0.0000,-0.4500 (primary:wide@-0.45:0.00)
[conditions-ingest] MET void for 37F0 @ 0.2500,-0.4500 (primary:wide@-0.45:0.25)
[conditions-ingest] MET void for 37F0 @ -0.2500,-0.4500 (primary:wide@-0.45:-0.25)
[conditions-ingest] MET void for 37F0 @ 0.0000,0.4500 (primary:wide@0.45:0.00)
[conditions-ingest] MET void for 37F0 @ 0.2500,0.4500 (primary:wide@0.45:0.25)
[conditions-ingest] MET void for 37F0 @ -0.2500,0.4500 (primary:wide@0.45:-0.25)
[conditions-ingest] MET void for 37F0 @ 0.0000,0.7500 (primary:wide@0.75:0.00)
[conditions-ingest] MET void for 37F0 @ 0.2500,0.7500 (primary:wide@0.75:0.25)
[conditions-ingest] MET void for 37F0 @ -0.2500,0.7500 (primary:wide@0.75:-0.25)
[conditions-ingest] MET void for 37F0 @ 0.4500,0.0000 (primary:wide-lat@0.45)
[conditions-ingest] MET void for 37F0 @ -0.4500,0.0000 (primary:wide-lat@-0.45)
[conditions-ingest] MET void for 37F0 @ 0.0000,0.2500 (primary:wide@0.25:0.00)
[conditions-ingest] MET void for 37F0 @ 0.0000,-0.2500 (primary:wide@-0.25:0.00)
[conditions-ingest] Open-Meteo recovered marine data for 37F0
[conditions-ingest] Failed to upsert 37F0 {
  code: '23505',
  details: 'Key (rectangle_code, snapshot_day)=(37F0, 2025-10-15) already exists.',
  hint: null,
  message: 'duplicate key value violates unique constraint "uniq_snap_rect_day"'
}
[conditions-ingest] MET void for 37F4 @ 0.0000,0.0000 (primary)
[conditions-ingest] MET void for 37F4 @ 0.0000,0.1800 (primary:east@0.18)
[conditions-ingest] MET void for 37F4 @ 0.0000,-0.1800 (primary:west@0.18)
[conditions-ingest] MET void for 37F4 @ 0.1800,0.0000 (primary:north@0.18)
[conditions-ingest] MET void for 37F4 @ -0.1800,0.0000 (primary:south@0.18)
[conditions-ingest] MET void for 37F4 @ 0.2600,0.2600 (primary:northeast@0.26)
[conditions-ingest] MET void for 37F4 @ 0.2600,-0.2600 (primary:northwest@0.26)
[conditions-ingest] MET void for 37F4 @ -0.2600,0.2600 (primary:southeast@0.26)
[conditions-ingest] MET void for 37F4 @ -0.2600,-0.2600 (primary:southwest@0.26)
[conditions-ingest] MET void for 37F4 @ 0.0000,-0.7500 (primary:wide@-0.75:0.00)
[conditions-ingest] MET void for 37F4 @ 0.2500,-0.7500 (primary:wide@-0.75:0.25)
[conditions-ingest] MET void for 37F4 @ -0.2500,-0.7500 (primary:wide@-0.75:-0.25)
[conditions-ingest] MET void for 37F4 @ 0.0000,-0.4500 (primary:wide@-0.45:0.00)
[conditions-ingest] MET void for 37F4 @ 0.2500,-0.4500 (primary:wide@-0.45:0.25)
[conditions-ingest] MET void for 37F4 @ -0.2500,-0.4500 (primary:wide@-0.45:-0.25)
[conditions-ingest] MET void for 37F4 @ 0.0000,0.4500 (primary:wide@0.45:0.00)
[conditions-ingest] MET void for 37F4 @ 0.2500,0.4500 (primary:wide@0.45:0.25)
[conditions-ingest] MET void for 37F4 @ -0.2500,0.4500 (primary:wide@0.45:-0.25)
[conditions-ingest] MET void for 37F4 @ 0.0000,0.7500 (primary:wide@0.75:0.00)
[conditions-ingest] MET void for 37F4 @ 0.2500,0.7500 (primary:wide@0.75:0.25)
[conditions-ingest] MET void for 37F4 @ -0.2500,0.7500 (primary:wide@0.75:-0.25)
[conditions-ingest] MET void for 37F4 @ 0.4500,0.0000 (primary:wide-lat@0.45)
[conditions-ingest] MET void for 37F4 @ -0.4500,0.0000 (primary:wide-lat@-0.45)
[conditions-ingest] MET void for 37F4 @ 0.0000,0.2500 (primary:wide@0.25:0.00)
[conditions-ingest] MET void for 37F4 @ 0.0000,-0.2500 (primary:wide@-0.25:0.00)
[conditions-ingest] Open-Meteo recovered marine data for 37F4
[conditions-ingest] Failed to upsert 37F4 {
  code: '23505',
  details: 'Key (rectangle_code, snapshot_day)=(37F4, 2025-10-15) already exists.',
  hint: null,
  message: 'duplicate key value violates unique constraint "uniq_snap_rect_day"'
}
[conditions-ingest] Failed to upsert 37F5 {
  code: '23505',
  details: 'Key (rectangle_code, snapshot_day)=(37F5, 2025-10-15) already exists.',
  hint: null,
  message: 'duplicate key value violates unique constraint "uniq_snap_rect_day"'
}
[conditions-ingest] Failed to upsert 37F6 {
  code: '23505',
  details: 'Key (rectangle_code, snapshot_day)=(37F6, 2025-10-15) already exists.',
  hint: null,
  message: 'duplicate key value violates unique constraint "uniq_snap_rect_day"'
}
[conditions-ingest] Failed to upsert 37G6 {
  code: '23505',
  details: 'Key (rectangle_code, snapshot_day)=(37G6, 2025-10-15) already exists.',
  hint: null,
  message: 'duplicate key value violates unique constraint "uniq_snap_rect_day"'
}
[conditions-ingest] MET void for 37H0 @ 39.0000,1.5000 (primary)
[conditions-ingest] MET void for 37H0 @ 39.0000,1.6800 (primary:east@0.18)
[conditions-ingest] MET void for 37H0 @ 39.0000,1.3200 (primary:west@0.18)
[conditions-ingest] MET void for 37H0 @ 39.1800,1.5000 (primary:north@0.18)
[conditions-ingest] MET void for 37H0 @ 38.8200,1.5000 (primary:south@0.18)
[conditions-ingest] MET void for 37H0 @ 39.2600,1.7600 (primary:northeast@0.26)
[conditions-ingest] MET void for 37H0 @ 39.2600,1.2400 (primary:northwest@0.26)
[conditions-ingest] MET void for 37H0 @ 38.7400,1.7600 (primary:southeast@0.26)
[conditions-ingest] MET void for 37H0 @ 38.7400,1.2400 (primary:southwest@0.26)
[conditions-ingest] MET void for 37H0 @ 39.0000,0.7500 (primary:wide@-0.75:0.00)
[conditions-ingest] MET void for 37H0 @ 39.2500,0.7500 (primary:wide@-0.75:0.25)
[conditions-ingest] MET void for 37H0 @ 38.7500,0.7500 (primary:wide@-0.75:-0.25)
[conditions-ingest] MET void for 37H0 @ 39.0000,1.0500 (primary:wide@-0.45:0.00)
[conditions-ingest] MET void for 37H0 @ 39.2500,1.0500 (primary:wide@-0.45:0.25)
[conditions-ingest] MET void for 37H0 @ 38.7500,1.0500 (primary:wide@-0.45:-0.25)
[conditions-ingest] MET void for 37H0 @ 39.0000,1.9500 (primary:wide@0.45:0.00)
[conditions-ingest] MET void for 37H0 @ 39.2500,1.9500 (primary:wide@0.45:0.25)
[conditions-ingest] MET void for 37H0 @ 38.7500,1.9500 (primary:wide@0.45:-0.25)
[conditions-ingest] MET void for 37H0 @ 39.0000,2.2500 (primary:wide@0.75:0.00)
[conditions-ingest] MET void for 37H0 @ 39.2500,2.2500 (primary:wide@0.75:0.25)
[conditions-ingest] MET void for 37H0 @ 38.7500,2.2500 (primary:wide@0.75:-0.25)
[conditions-ingest] MET void for 37H0 @ 39.4500,1.5000 (primary:wide-lat@0.45)
[conditions-ingest] MET void for 37H0 @ 38.5500,1.5000 (primary:wide-lat@-0.45)
[conditions-ingest] MET void for 37H0 @ 39.0000,1.7500 (primary:wide@0.25:0.00)
[conditions-ingest] MET void for 37H0 @ 39.0000,1.2500 (primary:wide@-0.25:0.00)
[conditions-ingest] Open-Meteo recovered marine data for 37H0
[conditions-ingest] Failed to upsert 37H0 {
  code: '23505',
  details: 'Key (rectangle_code, snapshot_day)=(37H0, 2025-10-15) already exists.',
  hint: null,
  message: 'duplicate key value violates unique constraint "uniq_snap_rect_day"'
}
[conditions-ingest] MET void for 37H4 @ 36.5000,-5.0000 (primary)
[conditions-ingest] MET void for 37H4 @ 36.5000,-4.8200 (primary:east@0.18)
[conditions-ingest] MET void for 37H4 @ 36.5000,-5.1800 (primary:west@0.18)
[conditions-ingest] MET void for 37H4 @ 36.6800,-5.0000 (primary:north@0.18)
[conditions-ingest] MET void for 37H4 @ 36.3200,-5.0000 (primary:south@0.18)
[conditions-ingest] MET void for 37H4 @ 36.7600,-4.7400 (primary:northeast@0.26)
[conditions-ingest] MET void for 37H4 @ 36.7600,-5.2600 (primary:northwest@0.26)
[conditions-ingest] MET void for 37H4 @ 36.2400,-4.7400 (primary:southeast@0.26)
[conditions-ingest] MET void for 37H4 @ 36.2400,-5.2600 (primary:southwest@0.26)
[conditions-ingest] MET void for 37H4 @ 36.5000,-5.7500 (primary:wide@-0.75:0.00)
[conditions-ingest] MET void for 37H4 @ 36.7500,-5.7500 (primary:wide@-0.75:0.25)
[conditions-ingest] MET void for 37H4 @ 36.2500,-5.7500 (primary:wide@-0.75:-0.25)
[conditions-ingest] MET void for 37H4 @ 36.5000,-5.4500 (primary:wide@-0.45:0.00)
[conditions-ingest] MET void for 37H4 @ 36.7500,-5.4500 (primary:wide@-0.45:0.25)
[conditions-ingest] MET void for 37H4 @ 36.2500,-5.4500 (primary:wide@-0.45:-0.25)
[conditions-ingest] MET void for 37H4 @ 36.5000,-4.5500 (primary:wide@0.45:0.00)
[conditions-ingest] MET void for 37H4 @ 36.7500,-4.5500 (primary:wide@0.45:0.25)
[conditions-ingest] MET void for 37H4 @ 36.2500,-4.5500 (primary:wide@0.45:-0.25)
[conditions-ingest] MET void for 37H4 @ 36.5000,-4.2500 (primary:wide@0.75:0.00)
[conditions-ingest] MET void for 37H4 @ 36.7500,-4.2500 (primary:wide@0.75:0.25)
[conditions-ingest] MET void for 37H4 @ 36.2500,-4.2500 (primary:wide@0.75:-0.25)
[conditions-ingest] MET void for 37H4 @ 36.9500,-5.0000 (primary:wide-lat@0.45)
[conditions-ingest] MET void for 37H4 @ 36.0500,-5.0000 (primary:wide-lat@-0.45)
[conditions-ingest] MET void for 37H4 @ 36.5000,-4.7500 (primary:wide@0.25:0.00)
[conditions-ingest] MET void for 37H4 @ 36.5000,-5.2500 (primary:wide@-0.25:0.00)
[conditions-ingest] Open-Meteo recovered marine data for 37H4
[conditions-ingest] Failed to upsert 37H4 {
  code: '23505',
  details: 'Key (rectangle_code, snapshot_day)=(37H4, 2025-10-15) already exists.',
  hint: null,
  message: 'duplicate key value violates unique constraint "uniq_snap_rect_day"'
}
[conditions-ingest] MET void for 37H5 @ 36.5000,-4.0000 (primary)
[conditions-ingest] MET void for 37H5 @ 36.5000,-3.8200 (primary:east@0.18)
[conditions-ingest] MET void for 37H5 @ 36.5000,-4.1800 (primary:west@0.18)
[conditions-ingest] MET void for 37H5 @ 36.6800,-4.0000 (primary:north@0.18)
[conditions-ingest] MET void for 37H5 @ 36.3200,-4.0000 (primary:south@0.18)
[conditions-ingest] MET void for 37H5 @ 36.7600,-3.7400 (primary:northeast@0.26)
[conditions-ingest] MET void for 37H5 @ 36.7600,-4.2600 (primary:northwest@0.26)
[conditions-ingest] MET void for 37H5 @ 36.2400,-3.7400 (primary:southeast@0.26)
[conditions-ingest] MET void for 37H5 @ 36.2400,-4.2600 (primary:southwest@0.26)
[conditions-ingest] MET void for 37H5 @ 36.5000,-4.7500 (primary:wide@-0.75:0.00)
[conditions-ingest] MET void for 37H5 @ 36.7500,-4.7500 (primary:wide@-0.75:0.25)
[conditions-ingest] MET void for 37H5 @ 36.2500,-4.7500 (primary:wide@-0.75:-0.25)
[conditions-ingest] MET void for 37H5 @ 36.5000,-4.4500 (primary:wide@-0.45:0.00)
[conditions-ingest] MET void for 37H5 @ 36.7500,-4.4500 (primary:wide@-0.45:0.25)
[conditions-ingest] MET void for 37H5 @ 36.2500,-4.4500 (primary:wide@-0.45:-0.25)
[conditions-ingest] MET void for 37H5 @ 36.5000,-3.5500 (primary:wide@0.45:0.00)
[conditions-ingest] MET void for 37H5 @ 36.7500,-3.5500 (primary:wide@0.45:0.25)
[conditions-ingest] MET void for 37H5 @ 36.2500,-3.5500 (primary:wide@0.45:-0.25)
[conditions-ingest] MET void for 37H5 @ 36.5000,-3.2500 (primary:wide@0.75:0.00)
[conditions-ingest] MET void for 37H5 @ 36.7500,-3.2500 (primary:wide@0.75:0.25)
[conditions-ingest] MET void for 37H5 @ 36.2500,-3.2500 (primary:wide@0.75:-0.25)
[conditions-ingest] MET void for 37H5 @ 36.9500,-4.0000 (primary:wide-lat@0.45)
[conditions-ingest] MET void for 37H5 @ 36.0500,-4.0000 (primary:wide-lat@-0.45)
[conditions-ingest] MET void for 37H5 @ 36.5000,-3.7500 (primary:wide@0.25:0.00)
[conditions-ingest] MET void for 37H5 @ 36.5000,-4.2500 (primary:wide@-0.25:0.00)
[conditions-ingest] Open-Meteo recovered marine data for 37H5
[conditions-ingest] Failed to upsert 37H5 {
  code: '23505',
  details: 'Key (rectangle_code, snapshot_day)=(37H5, 2025-10-15) already exists.',
  hint: null,
  message: 'duplicate key value violates unique constraint "uniq_snap_rect_day"'
}
[conditions-ingest] MET void for 37I0 @ 39.5000,2.5000 (primary)
[conditions-ingest] MET void for 37I0 @ 39.5000,2.6800 (primary:east@0.18)
[conditions-ingest] MET void for 37I0 @ 39.5000,2.3200 (primary:west@0.18)
[conditions-ingest] MET void for 37I0 @ 39.6800,2.5000 (primary:north@0.18)
[conditions-ingest] MET void for 37I0 @ 39.3200,2.5000 (primary:south@0.18)
[conditions-ingest] MET void for 37I0 @ 39.7600,2.7600 (primary:northeast@0.26)
[conditions-ingest] MET void for 37I0 @ 39.7600,2.2400 (primary:northwest@0.26)
[conditions-ingest] MET void for 37I0 @ 39.2400,2.7600 (primary:southeast@0.26)
[conditions-ingest] MET void for 37I0 @ 39.2400,2.2400 (primary:southwest@0.26)
[conditions-ingest] MET void for 37I0 @ 39.5000,1.7500 (primary:wide@-0.75:0.00)
[conditions-ingest] MET void for 37I0 @ 39.7500,1.7500 (primary:wide@-0.75:0.25)
[conditions-ingest] MET void for 37I0 @ 39.2500,1.7500 (primary:wide@-0.75:-0.25)
[conditions-ingest] MET void for 37I0 @ 39.5000,2.0500 (primary:wide@-0.45:0.00)
[conditions-ingest] MET void for 37I0 @ 39.7500,2.0500 (primary:wide@-0.45:0.25)
[conditions-ingest] MET void for 37I0 @ 39.2500,2.0500 (primary:wide@-0.45:-0.25)
[conditions-ingest] MET void for 37I0 @ 39.5000,2.9500 (primary:wide@0.45:0.00)
[conditions-ingest] MET void for 37I0 @ 39.7500,2.9500 (primary:wide@0.45:0.25)
[conditions-ingest] MET void for 37I0 @ 39.2500,2.9500 (primary:wide@0.45:-0.25)
[conditions-ingest] MET void for 37I0 @ 39.5000,3.2500 (primary:wide@0.75:0.00)
[conditions-ingest] MET void for 37I0 @ 39.7500,3.2500 (primary:wide@0.75:0.25)
[conditions-ingest] MET void for 37I0 @ 39.2500,3.2500 (primary:wide@0.75:-0.25)
[conditions-ingest] MET void for 37I0 @ 39.9500,2.5000 (primary:wide-lat@0.45)
[conditions-ingest] MET void for 37I0 @ 39.0500,2.5000 (primary:wide-lat@-0.45)
[conditions-ingest] MET void for 37I0 @ 39.5000,2.7500 (primary:wide@0.25:0.00)
[conditions-ingest] MET void for 37I0 @ 39.5000,2.2500 (primary:wide@-0.25:0.00)
[conditions-ingest] Open-Meteo recovered marine data for 37I0
[conditions-ingest] Failed to upsert 37I0 {
  code: '23505',
  details: 'Key (rectangle_code, snapshot_day)=(37I0, 2025-10-15) already exists.',
  hint: null,
  message: 'duplicate key value violates unique constraint "uniq_snap_rect_day"'
}
[conditions-ingest] MET void for 37I1 @ 39.5000,3.5000 (primary)
[conditions-ingest] MET void for 37I1 @ 39.5000,3.6800 (primary:east@0.18)
[conditions-ingest] MET void for 37I1 @ 39.5000,3.3200 (primary:west@0.18)
[conditions-ingest] MET void for 37I1 @ 39.6800,3.5000 (primary:north@0.18)
[conditions-ingest] MET void for 37I1 @ 39.3200,3.5000 (primary:south@0.18)
[conditions-ingest] MET void for 37I1 @ 39.7600,3.7600 (primary:northeast@0.26)
[conditions-ingest] MET void for 37I1 @ 39.7600,3.2400 (primary:northwest@0.26)
[conditions-ingest] MET void for 37I1 @ 39.2400,3.7600 (primary:southeast@0.26)
[conditions-ingest] MET void for 37I1 @ 39.2400,3.2400 (primary:southwest@0.26)
[conditions-ingest] MET void for 37I1 @ 39.5000,2.7500 (primary:wide@-0.75:0.00)
[conditions-ingest] MET void for 37I1 @ 39.7500,2.7500 (primary:wide@-0.75:0.25)
[conditions-ingest] MET void for 37I1 @ 39.2500,2.7500 (primary:wide@-0.75:-0.25)
[conditions-ingest] MET void for 37I1 @ 39.5000,3.0500 (primary:wide@-0.45:0.00)
[conditions-ingest] MET void for 37I1 @ 39.7500,3.0500 (primary:wide@-0.45:0.25)
[conditions-ingest] MET void for 37I1 @ 39.2500,3.0500 (primary:wide@-0.45:-0.25)
[conditions-ingest] MET void for 37I1 @ 39.5000,3.9500 (primary:wide@0.45:0.00)
[conditions-ingest] MET void for 37I1 @ 39.7500,3.9500 (primary:wide@0.45:0.25)
[conditions-ingest] MET void for 37I1 @ 39.2500,3.9500 (primary:wide@0.45:-0.25)
[conditions-ingest] MET void for 37I1 @ 39.5000,4.2500 (primary:wide@0.75:0.00)
[conditions-ingest] MET void for 37I1 @ 39.7500,4.2500 (primary:wide@0.75:0.25)
[conditions-ingest] MET void for 37I1 @ 39.2500,4.2500 (primary:wide@0.75:-0.25)
[conditions-ingest] MET void for 37I1 @ 39.9500,3.5000 (primary:wide-lat@0.45)
[conditions-ingest] MET void for 37I1 @ 39.0500,3.5000 (primary:wide-lat@-0.45)
[conditions-ingest] MET void for 37I1 @ 39.5000,3.7500 (primary:wide@0.25:0.00)
[conditions-ingest] MET void for 37I1 @ 39.5000,3.2500 (primary:wide@-0.25:0.00)
[conditions-ingest] Open-Meteo recovered marine data for 37I1
[conditions-ingest] Failed to upsert 37I1 {
  code: '23505',
  details: 'Key (rectangle_code, snapshot_day)=(37I1, 2025-10-15) already exists.',
  hint: null,
  message: 'duplicate key value violates unique constraint "uniq_snap_rect_day"'
}
[conditions-ingest] MET void for 37I2 @ 39.0000,0.0000 (primary)
[conditions-ingest] MET void for 37I2 @ 39.0000,0.1800 (primary:east@0.18)
[conditions-ingest] MET void for 37I2 @ 39.0000,-0.1800 (primary:west@0.18)
[conditions-ingest] MET void for 37I2 @ 39.1800,0.0000 (primary:north@0.18)
[conditions-ingest] MET void for 37I2 @ 38.8200,0.0000 (primary:south@0.18)
[conditions-ingest] MET void for 37I2 @ 39.2600,0.2600 (primary:northeast@0.26)
[conditions-ingest] MET void for 37I2 @ 39.2600,-0.2600 (primary:northwest@0.26)
[conditions-ingest] MET void for 37I2 @ 38.7400,0.2600 (primary:southeast@0.26)
[conditions-ingest] MET void for 37I2 @ 38.7400,-0.2600 (primary:southwest@0.26)
[conditions-ingest] MET void for 37I2 @ 39.0000,-0.7500 (primary:wide@-0.75:0.00)
[conditions-ingest] MET void for 37I2 @ 39.2500,-0.7500 (primary:wide@-0.75:0.25)
[conditions-ingest] MET void for 37I2 @ 38.7500,-0.7500 (primary:wide@-0.75:-0.25)
[conditions-ingest] MET void for 37I2 @ 39.0000,-0.4500 (primary:wide@-0.45:0.00)
[conditions-ingest] MET void for 37I2 @ 39.2500,-0.4500 (primary:wide@-0.45:0.25)
[conditions-ingest] MET void for 37I2 @ 38.7500,-0.4500 (primary:wide@-0.45:-0.25)
[conditions-ingest] MET void for 37I2 @ 39.0000,0.4500 (primary:wide@0.45:0.00)
[conditions-ingest] MET void for 37I2 @ 39.2500,0.4500 (primary:wide@0.45:0.25)
[conditions-ingest] MET void for 37I2 @ 38.7500,0.4500 (primary:wide@0.45:-0.25)
[conditions-ingest] MET void for 37I2 @ 39.0000,0.7500 (primary:wide@0.75:0.00)
[conditions-ingest] MET void for 37I2 @ 39.2500,0.7500 (primary:wide@0.75:0.25)
[conditions-ingest] MET void for 37I2 @ 38.7500,0.7500 (primary:wide@0.75:-0.25)
[conditions-ingest] MET void for 37I2 @ 39.4500,0.0000 (primary:wide-lat@0.45)
[conditions-ingest] MET void for 37I2 @ 38.5500,0.0000 (primary:wide-lat@-0.45)
[conditions-ingest] MET void for 37I2 @ 39.0000,0.2500 (primary:wide@0.25:0.00)
[conditions-ingest] MET void for 37I2 @ 39.0000,-0.2500 (primary:wide@-0.25:0.00)
[conditions-ingest] Open-Meteo recovered marine data for 37I2
[conditions-ingest] Failed to upsert 37I2 {
  code: '23505',
  details: 'Key (rectangle_code, snapshot_day)=(37I2, 2025-10-15) already exists.',
  hint: null,
  message: 'duplicate key value violates unique constraint "uniq_snap_rect_day"'
}
[conditions-ingest] MET void for 37I3 @ 39.0000,1.0000 (primary)
[conditions-ingest] MET void for 37I3 @ 39.0000,1.1800 (primary:east@0.18)
[conditions-ingest] MET void for 37I3 @ 39.0000,0.8200 (primary:west@0.18)
[conditions-ingest] MET void for 37I3 @ 39.1800,1.0000 (primary:north@0.18)
[conditions-ingest] MET void for 37I3 @ 38.8200,1.0000 (primary:south@0.18)
[conditions-ingest] MET void for 37I3 @ 39.2600,1.2600 (primary:northeast@0.26)
[conditions-ingest] MET void for 37I3 @ 39.2600,0.7400 (primary:northwest@0.26)
[conditions-ingest] MET void for 37I3 @ 38.7400,1.2600 (primary:southeast@0.26)
[conditions-ingest] MET void for 37I3 @ 38.7400,0.7400 (primary:southwest@0.26)
[conditions-ingest] MET void for 37I3 @ 39.0000,0.2500 (primary:wide@-0.75:0.00)
[conditions-ingest] MET void for 37I3 @ 39.2500,0.2500 (primary:wide@-0.75:0.25)
[conditions-ingest] MET void for 37I3 @ 38.7500,0.2500 (primary:wide@-0.75:-0.25)
[conditions-ingest] MET void for 37I3 @ 39.0000,0.5500 (primary:wide@-0.45:0.00)
[conditions-ingest] MET void for 37I3 @ 39.2500,0.5500 (primary:wide@-0.45:0.25)
[conditions-ingest] MET void for 37I3 @ 38.7500,0.5500 (primary:wide@-0.45:-0.25)
[conditions-ingest] MET void for 37I3 @ 39.0000,1.4500 (primary:wide@0.45:0.00)
[conditions-ingest] MET void for 37I3 @ 39.2500,1.4500 (primary:wide@0.45:0.25)
[conditions-ingest] MET void for 37I3 @ 38.7500,1.4500 (primary:wide@0.45:-0.25)
[conditions-ingest] MET void for 37I3 @ 39.0000,1.7500 (primary:wide@0.75:0.00)
[conditions-ingest] MET void for 37I3 @ 39.2500,1.7500 (primary:wide@0.75:0.25)
[conditions-ingest] MET void for 37I3 @ 38.7500,1.7500 (primary:wide@0.75:-0.25)
[conditions-ingest] MET void for 37I3 @ 39.4500,1.0000 (primary:wide-lat@0.45)
[conditions-ingest] MET void for 37I3 @ 38.5500,1.0000 (primary:wide-lat@-0.45)
[conditions-ingest] MET void for 37I3 @ 39.0000,1.2500 (primary:wide@0.25:0.00)
[conditions-ingest] MET void for 37I3 @ 39.0000,0.7500 (primary:wide@-0.25:0.00)
[conditions-ingest] Open-Meteo recovered marine data for 37I3
[conditions-ingest] Failed to upsert 37I3 {
  code: '23505',
  details: 'Key (rectangle_code, snapshot_day)=(37I3, 2025-10-15) already exists.',
  hint: null,
  message: 'duplicate key value violates unique constraint "uniq_snap_rect_day"'
}
[conditions-ingest] MET void for 37J0 @ 40.5000,8.5000 (primary)
[conditions-ingest] MET void for 37J0 @ 40.5000,8.6800 (primary:east@0.18)
[conditions-ingest] MET void for 37J0 @ 40.5000,8.3200 (primary:west@0.18)
[conditions-ingest] MET void for 37J0 @ 40.6800,8.5000 (primary:north@0.18)
[conditions-ingest] MET void for 37J0 @ 40.3200,8.5000 (primary:south@0.18)
[conditions-ingest] MET void for 37J0 @ 40.7600,8.7600 (primary:northeast@0.26)
[conditions-ingest] MET void for 37J0 @ 40.7600,8.2400 (primary:northwest@0.26)
[conditions-ingest] MET void for 37J0 @ 40.2400,8.7600 (primary:southeast@0.26)
[conditions-ingest] MET void for 37J0 @ 40.2400,8.2400 (primary:southwest@0.26)
[conditions-ingest] MET void for 37J0 @ 40.5000,7.7500 (primary:wide@-0.75:0.00)
[conditions-ingest] MET void for 37J0 @ 40.7500,7.7500 (primary:wide@-0.75:0.25)
[conditions-ingest] MET void for 37J0 @ 40.2500,7.7500 (primary:wide@-0.75:-0.25)
[conditions-ingest] MET void for 37J0 @ 40.5000,8.0500 (primary:wide@-0.45:0.00)
[conditions-ingest] MET void for 37J0 @ 40.7500,8.0500 (primary:wide@-0.45:0.25)
[conditions-ingest] MET void for 37J0 @ 40.2500,8.0500 (primary:wide@-0.45:-0.25)
[conditions-ingest] MET void for 37J0 @ 40.5000,8.9500 (primary:wide@0.45:0.00)
[conditions-ingest] MET void for 37J0 @ 40.7500,8.9500 (primary:wide@0.45:0.25)
[conditions-ingest] MET void for 37J0 @ 40.2500,8.9500 (primary:wide@0.45:-0.25)
[conditions-ingest] MET void for 37J0 @ 40.5000,9.2500 (primary:wide@0.75:0.00)
[conditions-ingest] MET void for 37J0 @ 40.7500,9.2500 (primary:wide@0.75:0.25)
[conditions-ingest] MET void for 37J0 @ 40.2500,9.2500 (primary:wide@0.75:-0.25)
[conditions-ingest] MET void for 37J0 @ 40.9500,8.5000 (primary:wide-lat@0.45)
[conditions-ingest] MET void for 37J0 @ 40.0500,8.5000 (primary:wide-lat@-0.45)
[conditions-ingest] MET void for 37J0 @ 40.5000,8.7500 (primary:wide@0.25:0.00)
[conditions-ingest] MET void for 37J0 @ 40.5000,8.2500 (primary:wide@-0.25:0.00)
[conditions-ingest] Open-Meteo recovered marine data for 37J0
[conditions-ingest] Failed to upsert 37J0 {
  code: '23505',
  details: 'Key (rectangle_code, snapshot_day)=(37J0, 2025-10-15) already exists.',
  hint: null,
  message: 'duplicate key value violates unique constraint "uniq_snap_rect_day"'
}
[conditions-ingest] MET void for 37J2 @ 41.5000,2.0000 (primary)
[conditions-ingest] MET void for 37J2 @ 41.5000,2.1800 (primary:east@0.18)
[conditions-ingest] MET void for 37J2 @ 41.5000,1.8200 (primary:west@0.18)
[conditions-ingest] MET void for 37J2 @ 41.6800,2.0000 (primary:north@0.18)
[conditions-ingest] MET void for 37J2 @ 41.3200,2.0000 (primary:south@0.18)
[conditions-ingest] MET void for 37J2 @ 41.7600,2.2600 (primary:northeast@0.26)
[conditions-ingest] MET void for 37J2 @ 41.7600,1.7400 (primary:northwest@0.26)
[conditions-ingest] MET void for 37J2 @ 41.2400,2.2600 (primary:southeast@0.26)
[conditions-ingest] MET void for 37J2 @ 41.2400,1.7400 (primary:southwest@0.26)
[conditions-ingest] MET void for 37J2 @ 41.5000,1.2500 (primary:wide@-0.75:0.00)
[conditions-ingest] MET void for 37J2 @ 41.7500,1.2500 (primary:wide@-0.75:0.25)
[conditions-ingest] MET void for 37J2 @ 41.2500,1.2500 (primary:wide@-0.75:-0.25)
[conditions-ingest] MET void for 37J2 @ 41.5000,1.5500 (primary:wide@-0.45:0.00)
[conditions-ingest] MET void for 37J2 @ 41.7500,1.5500 (primary:wide@-0.45:0.25)
[conditions-ingest] MET void for 37J2 @ 41.2500,1.5500 (primary:wide@-0.45:-0.25)
[conditions-ingest] MET void for 37J2 @ 41.5000,2.4500 (primary:wide@0.45:0.00)
[conditions-ingest] MET void for 37J2 @ 41.7500,2.4500 (primary:wide@0.45:0.25)
[conditions-ingest] MET void for 37J2 @ 41.2500,2.4500 (primary:wide@0.45:-0.25)
[conditions-ingest] MET void for 37J2 @ 41.5000,2.7500 (primary:wide@0.75:0.00)
[conditions-ingest] MET void for 37J2 @ 41.7500,2.7500 (primary:wide@0.75:0.25)
[conditions-ingest] MET void for 37J2 @ 41.2500,2.7500 (primary:wide@0.75:-0.25)
[conditions-ingest] MET void for 37J2 @ 41.9500,2.0000 (primary:wide-lat@0.45)
[conditions-ingest] MET void for 37J2 @ 41.0500,2.0000 (primary:wide-lat@-0.45)
[conditions-ingest] MET void for 37J2 @ 41.5000,2.2500 (primary:wide@0.25:0.00)
[conditions-ingest] MET void for 37J2 @ 41.5000,1.7500 (primary:wide@-0.25:0.00)
[conditions-ingest] Open-Meteo recovered marine data for 37J2
[conditions-ingest] Failed to upsert 37J2 {
  code: '23505',
  details: 'Key (rectangle_code, snapshot_day)=(37J2, 2025-10-15) already exists.',
  hint: null,
  message: 'duplicate key value violates unique constraint "uniq_snap_rect_day"'
}
[conditions-ingest] MET void for 37J3 @ 41.5000,3.0000 (primary)
[conditions-ingest] MET void for 37J3 @ 41.5000,3.1800 (primary:east@0.18)
[conditions-ingest] MET void for 37J3 @ 41.5000,2.8200 (primary:west@0.18)
[conditions-ingest] MET void for 37J3 @ 41.6800,3.0000 (primary:north@0.18)
[conditions-ingest] MET void for 37J3 @ 41.3200,3.0000 (primary:south@0.18)
[conditions-ingest] MET void for 37J3 @ 41.7600,3.2600 (primary:northeast@0.26)
[conditions-ingest] MET void for 37J3 @ 41.7600,2.7400 (primary:northwest@0.26)
[conditions-ingest] MET void for 37J3 @ 41.2400,3.2600 (primary:southeast@0.26)
[conditions-ingest] MET void for 37J3 @ 41.2400,2.7400 (primary:southwest@0.26)
[conditions-ingest] MET void for 37J3 @ 41.5000,2.2500 (primary:wide@-0.75:0.00)
[conditions-ingest] MET void for 37J3 @ 41.7500,2.2500 (primary:wide@-0.75:0.25)
[conditions-ingest] MET void for 37J3 @ 41.2500,2.2500 (primary:wide@-0.75:-0.25)
[conditions-ingest] MET void for 37J3 @ 41.5000,2.5500 (primary:wide@-0.45:0.00)
[conditions-ingest] MET void for 37J3 @ 41.7500,2.5500 (primary:wide@-0.45:0.25)
[conditions-ingest] MET void for 37J3 @ 41.2500,2.5500 (primary:wide@-0.45:-0.25)
[conditions-ingest] MET void for 37J3 @ 41.5000,3.4500 (primary:wide@0.45:0.00)
[conditions-ingest] MET void for 37J3 @ 41.7500,3.4500 (primary:wide@0.45:0.25)
[conditions-ingest] MET void for 37J3 @ 41.2500,3.4500 (primary:wide@0.45:-0.25)
[conditions-ingest] MET void for 37J3 @ 41.5000,3.7500 (primary:wide@0.75:0.00)
[conditions-ingest] MET void for 37J3 @ 41.7500,3.7500 (primary:wide@0.75:0.25)
[conditions-ingest] MET void for 37J3 @ 41.2500,3.7500 (primary:wide@0.75:-0.25)
[conditions-ingest] MET void for 37J3 @ 41.9500,3.0000 (primary:wide-lat@0.45)
[conditions-ingest] MET void for 37J3 @ 41.0500,3.0000 (primary:wide-lat@-0.45)
[conditions-ingest] MET void for 37J3 @ 41.5000,3.2500 (primary:wide@0.25:0.00)
[conditions-ingest] MET void for 37J3 @ 41.5000,2.7500 (primary:wide@-0.25:0.00)
[conditions-ingest] Open-Meteo recovered marine data for 37J3
[conditions-ingest] Failed to upsert 37J3 {
  code: '23505',
  details: 'Key (rectangle_code, snapshot_day)=(37J3, 2025-10-15) already exists.',
  hint: null,
  message: 'duplicate key value violates unique constraint "uniq_snap_rect_day"'
}
[conditions-ingest] MET void for 37J7 @ 36.7500,0.0000 (primary)
[conditions-ingest] MET void for 37J7 @ 36.7500,0.1800 (primary:east@0.18)
[conditions-ingest] MET void for 37J7 @ 36.7500,-0.1800 (primary:west@0.18)
[conditions-ingest] MET void for 37J7 @ 36.9300,0.0000 (primary:north@0.18)
[conditions-ingest] MET void for 37J7 @ 36.5700,0.0000 (primary:south@0.18)
[conditions-ingest] MET void for 37J7 @ 37.0100,0.2600 (primary:northeast@0.26)
[conditions-ingest] MET void for 37J7 @ 37.0100,-0.2600 (primary:northwest@0.26)
[conditions-ingest] MET void for 37J7 @ 36.4900,0.2600 (primary:southeast@0.26)
[conditions-ingest] MET void for 37J7 @ 36.4900,-0.2600 (primary:southwest@0.26)
[conditions-ingest] MET void for 37J7 @ 36.7500,-0.7500 (primary:wide@-0.75:0.00)
[conditions-ingest] MET void for 37J7 @ 37.0000,-0.7500 (primary:wide@-0.75:0.25)
[conditions-ingest] MET void for 37J7 @ 36.5000,-0.7500 (primary:wide@-0.75:-0.25)
[conditions-ingest] MET void for 37J7 @ 36.7500,-0.4500 (primary:wide@-0.45:0.00)
[conditions-ingest] MET void for 37J7 @ 37.0000,-0.4500 (primary:wide@-0.45:0.25)
[conditions-ingest] MET void for 37J7 @ 36.5000,-0.4500 (primary:wide@-0.45:-0.25)
[conditions-ingest] MET void for 37J7 @ 36.7500,0.4500 (primary:wide@0.45:0.00)
[conditions-ingest] MET void for 37J7 @ 37.0000,0.4500 (primary:wide@0.45:0.25)
[conditions-ingest] MET void for 37J7 @ 36.5000,0.4500 (primary:wide@0.45:-0.25)
[conditions-ingest] MET void for 37J7 @ 36.7500,0.7500 (primary:wide@0.75:0.00)
[conditions-ingest] MET void for 37J7 @ 37.0000,0.7500 (primary:wide@0.75:0.25)
[conditions-ingest] MET void for 37J7 @ 36.5000,0.7500 (primary:wide@0.75:-0.25)
[conditions-ingest] MET void for 37J7 @ 37.2000,0.0000 (primary:wide-lat@0.45)
[conditions-ingest] MET void for 37J7 @ 36.3000,0.0000 (primary:wide-lat@-0.45)
[conditions-ingest] MET void for 37J7 @ 36.7500,0.2500 (primary:wide@0.25:0.00)
[conditions-ingest] MET void for 37J7 @ 36.7500,-0.2500 (primary:wide@-0.25:0.00)
[conditions-ingest] Open-Meteo recovered marine data for 37J7
[conditions-ingest] Failed to upsert 37J7 {
  code: '23503',
  details: 'Key (rectangle_code)=(37J7) is not present in table "ices_rectangles".',
  hint: null,
  message: 'insert or update on table "findr_conditions_snapshots" violates foreign key constraint "findr_conditions_rectangle_fk"'
}
[conditions-ingest] MET void for 37K5 @ 42.0000,8.5000 (primary)
[conditions-ingest] MET void for 37K5 @ 42.0000,8.6800 (primary:east@0.18)
[conditions-ingest] MET void for 37K5 @ 42.0000,8.3200 (primary:west@0.18)
[conditions-ingest] MET void for 37K5 @ 42.1800,8.5000 (primary:north@0.18)
[conditions-ingest] MET void for 37K5 @ 41.8200,8.5000 (primary:south@0.18)
[conditions-ingest] MET void for 37K5 @ 42.2600,8.7600 (primary:northeast@0.26)
[conditions-ingest] MET void for 37K5 @ 42.2600,8.2400 (primary:northwest@0.26)
[conditions-ingest] MET void for 37K5 @ 41.7400,8.7600 (primary:southeast@0.26)
[conditions-ingest] MET void for 37K5 @ 41.7400,8.2400 (primary:southwest@0.26)
[conditions-ingest] MET void for 37K5 @ 42.0000,7.7500 (primary:wide@-0.75:0.00)
[conditions-ingest] MET void for 37K5 @ 42.2500,7.7500 (primary:wide@-0.75:0.25)
[conditions-ingest] MET void for 37K5 @ 41.7500,7.7500 (primary:wide@-0.75:-0.25)
[conditions-ingest] MET void for 37K5 @ 42.0000,8.0500 (primary:wide@-0.45:0.00)
[conditions-ingest] MET void for 37K5 @ 42.2500,8.0500 (primary:wide@-0.45:0.25)
[conditions-ingest] MET void for 37K5 @ 41.7500,8.0500 (primary:wide@-0.45:-0.25)
[conditions-ingest] MET void for 37K5 @ 42.0000,8.9500 (primary:wide@0.45:0.00)
[conditions-ingest] MET void for 37K5 @ 42.2500,8.9500 (primary:wide@0.45:0.25)
[conditions-ingest] MET void for 37K5 @ 41.7500,8.9500 (primary:wide@0.45:-0.25)
[conditions-ingest] MET void for 37K5 @ 42.0000,9.2500 (primary:wide@0.75:0.00)
[conditions-ingest] MET void for 37K5 @ 42.2500,9.2500 (primary:wide@0.75:0.25)
[conditions-ingest] MET void for 37K5 @ 41.7500,9.2500 (primary:wide@0.75:-0.25)
[conditions-ingest] MET void for 37K5 @ 42.4500,8.5000 (primary:wide-lat@0.45)
[conditions-ingest] MET void for 37K5 @ 41.5500,8.5000 (primary:wide-lat@-0.45)
[conditions-ingest] MET void for 37K5 @ 42.0000,8.7500 (primary:wide@0.25:0.00)
[conditions-ingest] MET void for 37K5 @ 42.0000,8.2500 (primary:wide@-0.25:0.00)
[conditions-ingest] Open-Meteo recovered marine data for 37K5
[conditions-ingest] Failed to upsert 37K5 {
  code: '23505',
  details: 'Key (rectangle_code, snapshot_day)=(37K5, 2025-10-15) already exists.',
  hint: null,
  message: 'duplicate key value violates unique constraint "uniq_snap_rect_day"'
}
[conditions-ingest] MET void for 37K7 @ 44.5000,14.5000 (primary)
[conditions-ingest] MET void for 37K7 @ 44.5000,14.6800 (primary:east@0.18)
[conditions-ingest] MET void for 37K7 @ 44.5000,14.3200 (primary:west@0.18)
[conditions-ingest] MET void for 37K7 @ 44.6800,14.5000 (primary:north@0.18)
[conditions-ingest] MET void for 37K7 @ 44.3200,14.5000 (primary:south@0.18)
[conditions-ingest] MET void for 37K7 @ 44.7600,14.7600 (primary:northeast@0.26)
[conditions-ingest] MET void for 37K7 @ 44.7600,14.2400 (primary:northwest@0.26)
[conditions-ingest] MET void for 37K7 @ 44.2400,14.7600 (primary:southeast@0.26)
[conditions-ingest] MET void for 37K7 @ 44.2400,14.2400 (primary:southwest@0.26)
[conditions-ingest] MET void for 37K7 @ 44.5000,13.7500 (primary:wide@-0.75:0.00)
[conditions-ingest] MET void for 37K7 @ 44.7500,13.7500 (primary:wide@-0.75:0.25)
[conditions-ingest] MET void for 37K7 @ 44.2500,13.7500 (primary:wide@-0.75:-0.25)
[conditions-ingest] MET void for 37K7 @ 44.5000,14.0500 (primary:wide@-0.45:0.00)
[conditions-ingest] MET void for 37K7 @ 44.7500,14.0500 (primary:wide@-0.45:0.25)
[conditions-ingest] MET void for 37K7 @ 44.2500,14.0500 (primary:wide@-0.45:-0.25)
[conditions-ingest] MET void for 37K7 @ 44.5000,14.9500 (primary:wide@0.45:0.00)
[conditions-ingest] MET void for 37K7 @ 44.7500,14.9500 (primary:wide@0.45:0.25)
[conditions-ingest] MET void for 37K7 @ 44.2500,14.9500 (primary:wide@0.45:-0.25)
[conditions-ingest] MET void for 37K7 @ 44.5000,15.2500 (primary:wide@0.75:0.00)
[conditions-ingest] MET void for 37K7 @ 44.7500,15.2500 (primary:wide@0.75:0.25)
[conditions-ingest] MET void for 37K7 @ 44.2500,15.2500 (primary:wide@0.75:-0.25)
[conditions-ingest] MET void for 37K7 @ 44.9500,14.5000 (primary:wide-lat@0.45)
[conditions-ingest] MET void for 37K7 @ 44.0500,14.5000 (primary:wide-lat@-0.45)
[conditions-ingest] MET void for 37K7 @ 44.5000,14.7500 (primary:wide@0.25:0.00)
[conditions-ingest] MET void for 37K7 @ 44.5000,14.2500 (primary:wide@-0.25:0.00)
[conditions-ingest] Open-Meteo recovered marine data for 37K7
[conditions-ingest] Failed to upsert 37K7 {
  code: '23505',
  details: 'Key (rectangle_code, snapshot_day)=(37K7, 2025-10-15) already exists.',
  hint: null,
  message: 'duplicate key value violates unique constraint "uniq_snap_rect_day"'
}
[conditions-ingest] MET void for 37K8 @ 45.0000,14.0000 (primary)
[conditions-ingest] MET void for 37K8 @ 45.0000,14.1800 (primary:east@0.18)
[conditions-ingest] MET void for 37K8 @ 45.0000,13.8200 (primary:west@0.18)
[conditions-ingest] MET void for 37K8 @ 45.1800,14.0000 (primary:north@0.18)
[conditions-ingest] MET void for 37K8 @ 44.8200,14.0000 (primary:south@0.18)
[conditions-ingest] MET void for 37K8 @ 45.2600,14.2600 (primary:northeast@0.26)
[conditions-ingest] MET void for 37K8 @ 45.2600,13.7400 (primary:northwest@0.26)
[conditions-ingest] MET void for 37K8 @ 44.7400,14.2600 (primary:southeast@0.26)
[conditions-ingest] MET void for 37K8 @ 44.7400,13.7400 (primary:southwest@0.26)
[conditions-ingest] MET void for 37K8 @ 45.0000,13.2500 (primary:wide@-0.75:0.00)
[conditions-ingest] MET void for 37K8 @ 45.2500,13.2500 (primary:wide@-0.75:0.25)
[conditions-ingest] MET void for 37K8 @ 44.7500,13.2500 (primary:wide@-0.75:-0.25)
[conditions-ingest] MET void for 37K8 @ 45.0000,13.5500 (primary:wide@-0.45:0.00)
[conditions-ingest] MET void for 37K8 @ 45.2500,13.5500 (primary:wide@-0.45:0.25)
[conditions-ingest] MET void for 37K8 @ 44.7500,13.5500 (primary:wide@-0.45:-0.25)
[conditions-ingest] MET void for 37K8 @ 45.0000,14.4500 (primary:wide@0.45:0.00)
[conditions-ingest] MET void for 37K8 @ 45.2500,14.4500 (primary:wide@0.45:0.25)
[conditions-ingest] MET void for 37K8 @ 44.7500,14.4500 (primary:wide@0.45:-0.25)
[conditions-ingest] MET void for 37K8 @ 45.0000,14.7500 (primary:wide@0.75:0.00)
[conditions-ingest] MET void for 37K8 @ 45.2500,14.7500 (primary:wide@0.75:0.25)
[conditions-ingest] MET void for 37K8 @ 44.7500,14.7500 (primary:wide@0.75:-0.25)
[conditions-ingest] MET void for 37K8 @ 45.4500,14.0000 (primary:wide-lat@0.45)
[conditions-ingest] MET void for 37K8 @ 44.5500,14.0000 (primary:wide-lat@-0.45)
[conditions-ingest] MET void for 37K8 @ 45.0000,14.2500 (primary:wide@0.25:0.00)
[conditions-ingest] MET void for 37K8 @ 45.0000,13.7500 (primary:wide@-0.25:0.00)
[conditions-ingest] Open-Meteo recovered marine data for 37K8
[conditions-ingest] Failed to upsert 37K8 {
  code: '23505',
  details: 'Key (rectangle_code, snapshot_day)=(37K8, 2025-10-15) already exists.',
  hint: null,
  message: 'duplicate key value violates unique constraint "uniq_snap_rect_day"'
}
[conditions-ingest] MET void for 37K9 @ 45.5000,13.5000 (primary)
[conditions-ingest] MET void for 37K9 @ 45.5000,13.6800 (primary:east@0.18)
[conditions-ingest] MET void for 37K9 @ 45.5000,13.3200 (primary:west@0.18)
[conditions-ingest] MET void for 37K9 @ 45.6800,13.5000 (primary:north@0.18)
[conditions-ingest] MET void for 37K9 @ 45.3200,13.5000 (primary:south@0.18)
[conditions-ingest] MET void for 37K9 @ 45.7600,13.7600 (primary:northeast@0.26)
[conditions-ingest] MET void for 37K9 @ 45.7600,13.2400 (primary:northwest@0.26)
[conditions-ingest] MET void for 37K9 @ 45.2400,13.7600 (primary:southeast@0.26)
[conditions-ingest] MET void for 37K9 @ 45.2400,13.2400 (primary:southwest@0.26)
[conditions-ingest] MET void for 37K9 @ 45.5000,12.7500 (primary:wide@-0.75:0.00)
[conditions-ingest] MET void for 37K9 @ 45.7500,12.7500 (primary:wide@-0.75:0.25)
[conditions-ingest] MET void for 37K9 @ 45.2500,12.7500 (primary:wide@-0.75:-0.25)
[conditions-ingest] MET void for 37K9 @ 45.5000,13.0500 (primary:wide@-0.45:0.00)
[conditions-ingest] MET void for 37K9 @ 45.7500,13.0500 (primary:wide@-0.45:0.25)
[conditions-ingest] MET void for 37K9 @ 45.2500,13.0500 (primary:wide@-0.45:-0.25)
[conditions-ingest] MET void for 37K9 @ 45.5000,13.9500 (primary:wide@0.45:0.00)
