rectangle_code,id,captured_at,sea_temp_c,chlorophyll_mg_m3,dissolved_oxygen_mg_l,salinity_psu,nitrate_umol_l,phosphate_umol_l,wave_height_m,wind_speed_kts,wind_direction_deg,next_high_tide_iso,next_low_tide_iso,hourly_marine_json,daily_marine_json,source,created_at
20C5,6292189e-1904-4fdc-83c0-246b2c07f59d,2025-09-29 08:01:28.786+00,16.97,,,,,,0.63,6.3,341,2025-09-29 06:14:00+00,2025-09-29 12:25:00+00,"[{""time"": ""2025-09-29T08:00:00+00:00"", ""tideMeters"": null, ""waveHeightM"": 0.63, ""windSpeedKts"": 6.3, ""seaTemperatureC"": 16.97}, {""time"": ""2025-09-29T09:00:00+00:00"", ""tideMeters"": null, ""waveHeightM"": 0.61, ""windSpeedKts"": 6.4, ""seaTemperatureC"": 17.1}, {""time"": ""2025-09-29T10:00:00+00:00"", ""tideMeters"": null, ""waveHeightM"": 0.59, ""windSpeedKts"": 6.5, ""seaTemperatureC"": 17.27}, {""time"": ""2025-09-29T11:00:00+00:00"", ""tideMeters"": null, ""waveHeightM"": 0.56, ""windSpeedKts"": 6.6, ""seaTemperatureC"": 17.4}, {""time"": ""2025-09-29T12:00:00+00:00"", ""tideMeters"": null, ""waveHeightM"": 0.54, ""windSpeedKts"": 6.7, ""seaTemperatureC"": 17.39}, {""time"": ""2025-09-29T13:00:00+00:00"", ""tideMeters"": null, ""waveHeightM"": 0.56, ""windSpeedKts"": 7.1, ""seaTemperatureC"": 17.44}, {""time"": ""2025-09-29T14:00:00+00:00"", ""tideMeters"": null, ""waveHeightM"": 0.59, ""windSpeedKts"": 7.4, ""seaTemperatureC"": 17.49}, {""time"": ""2025-09-29T15:00:00+00:00"", ""tideMeters"": null, ""waveHeightM"": 0.61, ""windSpeedKts"": 7.7, ""seaTemperatureC"": 17.52}, {""time"": ""2025-09-29T16:00:00+00:00"", ""tideMeters"": null, ""waveHeightM"": 0.59, ""windSpeedKts"": 5.6, ""seaTemperatureC"": 17.53}, {""time"": ""2025-09-29T17:00:00+00:00"", ""tideMeters"": null, ""waveHeightM"": 0.56, ""windSpeedKts"": 3.6, ""seaTemperatureC"": 17.53}, {""time"": ""2025-09-29T18:00:00+00:00"", ""tideMeters"": null, ""waveHeightM"": 0.53, ""windSpeedKts"": 1.5, ""seaTemperatureC"": 17.52}, {""time"": ""2025-09-29T19:00:00+00:00"", ""tideMeters"": null, ""waveHeightM"": 0.51, ""windSpeedKts"": 2, ""seaTemperatureC"": 17.51}, {""time"": ""2025-09-29T20:00:00+00:00"", ""tideMeters"": null, ""waveHeightM"": 0.49, ""windSpeedKts"": 2.6, ""seaTemperatureC"": 17.49}, {""time"": ""2025-09-29T21:00:00+00:00"", ""tideMeters"": null, ""waveHeightM"": 0.48, ""windSpeedKts"": 3.1, ""seaTemperatureC"": 17.48}, {""time"": ""2025-09-29T22:00:00+00:00"", ""tideMeters"": null, ""waveHeightM"": 0.46, ""windSpeedKts"": 2.7, ""seaTemperatureC"": 17.45}, {""time"": ""2025-09-29T23:00:00+00:00"", ""tideMeters"": null, ""waveHeightM"": 0.45, ""windSpeedKts"": 2.3, ""seaTemperatureC"": 17.43}, {""time"": ""2025-09-30T00:00:00+00:00"", ""tideMeters"": null, ""waveHeightM"": 0.43, ""windSpeedKts"": 1.9, ""seaTemperatureC"": 17.41}, {""time"": ""2025-09-30T01:00:00+00:00"", ""tideMeters"": null, ""waveHeightM"": 0.41, ""windSpeedKts"": 1.6, ""seaTemperatureC"": 17.38}, {""time"": ""2025-09-30T02:00:00+00:00"", ""tideMeters"": null, ""waveHeightM"": 0.38, ""windSpeedKts"": 1.4, ""seaTemperatureC"": 17.36}, {""time"": ""2025-09-30T03:00:00+00:00"", ""tideMeters"": null, ""waveHeightM"": 0.36, ""windSpeedKts"": 1.1, ""seaTemperatureC"": 17.34}, {""time"": ""2025-09-30T04:00:00+00:00"", ""tideMeters"": null, ""waveHeightM"": 0.35, ""windSpeedKts"": 1, ""seaTemperatureC"": 17.33}, {""time"": ""2025-09-30T05:00:00+00:00"", ""tideMeters"": null, ""waveHeightM"": 0.33, ""windSpeedKts"": 0.9, ""seaTemperatureC"": 17.32}, {""time"": ""2025-09-30T06:00:00+00:00"", ""tideMeters"": null, ""waveHeightM"": 0.32, ""windSpeedKts"": 0.8, ""seaTemperatureC"": 17.31}, {""time"": ""2025-09-30T07:00:00+00:00"", ""tideMeters"": null, ""waveHeightM"": 0.31, ""windSpeedKts"": 1.1, ""seaTemperatureC"": 17.32}]","[{""label"": ""Mon, Sep 29"", ""summary"": ""Calm seas and light winds—ideal for most fishing styles."", ""dateLabel"": ""Mon, Sep 29"", ""waveHeightM"": 0.55, ""fishingScore"": 64, ""windSpeedKts"": 4.9, ""seaTemperatureC"": 17.41}, {""label"": ""Tue, Sep 30"", ""summary"": ""Calm seas and light winds—ideal for most fishing styles."", ""dateLabel"": ""Tue, Sep 30"", ""waveHeightM"": 0.36, ""fishingScore"": 68, ""windSpeedKts"": 1.2, ""seaTemperatureC"": 17.35}]",ingest:stormglass,2025-09-29 08:01:30.36934+00
21C6,a0372c6c-4545-4069-acfc-0ba5d5bd3b81,2025-09-29 08:01:28.786+00,16.56,,,,,,0.82,3.4,303,2025-09-29 06:20:00+00,2025-09-29 12:35:00+00,"[{""time"": ""2025-09-29T08:00:00+00:00"", ""tideMeters"": null, ""waveHeightM"": 0.82, ""windSpeedKts"": 3.4, ""seaTemperatureC"": 16.56}, {""time"": ""2025-09-29T09:00:00+00:00"", ""tideMeters"": null, ""waveHeightM"": 0.79, ""windSpeedKts"": 3.8, ""seaTemperatureC"": 16.6}, {""time"": ""2025-09-29T10:00:00+00:00"", ""tideMeters"": null, ""waveHeightM"": 0.76, ""windSpeedKts"": 4.6, ""seaTemperatureC"": 16.65}, {""time"": ""2025-09-29T11:00:00+00:00"", ""tideMeters"": null, ""waveHeightM"": 0.73, ""windSpeedKts"": 5.5, ""seaTemperatureC"": 16.7}, {""time"": ""2025-09-29T12:00:00+00:00"", ""tideMeters"": null, ""waveHeightM"": 0.7, ""windSpeedKts"": 6.3, ""seaTemperatureC"": 16.75}, {""time"": ""2025-09-29T13:00:00+00:00"", ""tideMeters"": null, ""waveHeightM"": 0.73, ""windSpeedKts"": 7.2, ""seaTemperatureC"": 16.8}, {""time"": ""2025-09-29T14:00:00+00:00"", ""tideMeters"": null, ""waveHeightM"": 0.76, ""windSpeedKts"": 8, ""seaTemperatureC"": 16.82}, {""time"": ""2025-09-29T15:00:00+00:00"", ""tideMeters"": null, ""waveHeightM"": 0.79, ""windSpeedKts"": 8.8, ""seaTemperatureC"": 16.82}, {""time"": ""2025-09-29T16:00:00+00:00"", ""tideMeters"": null, ""waveHeightM"": 0.81, ""windSpeedKts"": 7.9, ""seaTemperatureC"": 16.81}, {""time"": ""2025-09-29T17:00:00+00:00"", ""tideMeters"": null, ""waveHeightM"": 0.82, ""windSpeedKts"": 7, ""seaTemperatureC"": 16.8}, {""time"": ""2025-09-29T18:00:00+00:00"", ""tideMeters"": null, ""waveHeightM"": 0.83, ""windSpeedKts"": 6.1, ""seaTemperatureC"": 16.79}, {""time"": ""2025-09-29T19:00:00+00:00"", ""tideMeters"": null, ""waveHeightM"": 0.78, ""windSpeedKts"": 5.2, ""seaTemperatureC"": 16.77}, {""time"": ""2025-09-29T20:00:00+00:00"", ""tideMeters"": null, ""waveHeightM"": 0.73, ""windSpeedKts"": 4.2, ""seaTemperatureC"": 16.75}, {""time"": ""2025-09-29T21:00:00+00:00"", ""tideMeters"": null, ""waveHeightM"": 0.67, ""windSpeedKts"": 3.3, ""seaTemperatureC"": 16.72}, {""time"": ""2025-09-29T22:00:00+00:00"", ""tideMeters"": null, ""waveHeightM"": 0.63, ""windSpeedKts"": 2.3, ""seaTemperatureC"": 16.7}, {""time"": ""2025-09-29T23:00:00+00:00"", ""tideMeters"": null, ""waveHeightM"": 0.58, ""windSpeedKts"": 1.3, ""seaTemperatureC"": 16.68}, {""time"": ""2025-09-30T00:00:00+00:00"", ""tideMeters"": null, ""waveHeightM"": 0.53, ""windSpeedKts"": 0.3, ""seaTemperatureC"": 16.65}, {""time"": ""2025-09-30T01:00:00+00:00"", ""tideMeters"": null, ""waveHeightM"": 0.5, ""windSpeedKts"": 0.3, ""seaTemperatureC"": 16.63}, {""time"": ""2025-09-30T02:00:00+00:00"", ""tideMeters"": null, ""waveHeightM"": 0.47, ""windSpeedKts"": 0.4, ""seaTemperatureC"": 16.62}, {""time"": ""2025-09-30T03:00:00+00:00"", ""tideMeters"": null, ""waveHeightM"": 0.44, ""windSpeedKts"": 0.5, ""seaTemperatureC"": 16.61}, {""time"": ""2025-09-30T04:00:00+00:00"", ""tideMeters"": null, ""waveHeightM"": 0.42, ""windSpeedKts"": 1, ""seaTemperatureC"": 16.6}, {""time"": ""2025-09-30T05:00:00+00:00"", ""tideMeters"": null, ""waveHeightM"": 0.4, ""windSpeedKts"": 1.5, ""seaTemperatureC"": 16.6}, {""time"": ""2025-09-30T06:00:00+00:00"", ""tideMeters"": null, ""waveHeightM"": 0.38, ""windSpeedKts"": 2.1, ""seaTemperatureC"": 16.61}, {""time"": ""2025-09-30T07:00:00+00:00"", ""tideMeters"": null, ""waveHeightM"": 0.37, ""windSpeedKts"": 2.1, ""seaTemperatureC"": 16.62}]","[{""label"": ""Mon, Sep 29"", ""summary"": ""Calm seas and light winds—ideal for most fishing styles."", ""dateLabel"": ""Mon, Sep 29"", ""waveHeightM"": 0.75, ""fishingScore"": 60, ""windSpeedKts"": 5.3, ""seaTemperatureC"": 16.73}, {""label"": ""Tue, Sep 30"", ""summary"": ""Calm seas and light winds—ideal for most fishing styles."", ""dateLabel"": ""Tue, Sep 30"", ""waveHeightM"": 0.44, ""fishingScore"": 66, ""windSpeedKts"": 1, ""seaTemperatureC"": 16.62}]",ingest:stormglass,2025-09-29 08:01:31.70757+00
21D7,69e2dac3-43c1-4da8-b8e5-ee5bdea28363,2025-09-29 08:01:28.786+00,14.42,,,,,,,6.6,38,2025-09-29 07:02:00+00,2025-09-29 00:33:00+00,"[{""time"": ""2025-09-29T08:00:00+00:00"", ""tideMeters"": null, ""waveHeightM"": null, ""windSpeedKts"": 6.6, ""seaTemperatureC"": 14.42}, {""time"": ""2025-09-29T09:00:00+00:00"", ""tideMeters"": null, ""waveHeightM"": null, ""windSpeedKts"": 6.1, ""seaTemperatureC"": 16.87}, {""time"": ""2025-09-29T10:00:00+00:00"", ""tideMeters"": null, ""waveHeightM"": null, ""windSpeedKts"": 5.9, ""seaTemperatureC"": 19.5}, {""time"": ""2025-09-29T11:00:00+00:00"", ""tideMeters"": null, ""waveHeightM"": null, ""windSpeedKts"": 5.7, ""seaTemperatureC"": 22.14}, {""time"": ""2025-09-29T12:00:00+00:00"", ""tideMeters"": null, ""waveHeightM"": null, ""windSpeedKts"": 5.5, ""seaTemperatureC"": 24.77}, {""time"": ""2025-09-29T13:00:00+00:00"", ""tideMeters"": null, ""waveHeightM"": null, ""windSpeedKts"": 6.3, ""seaTemperatureC"": 25.13}, {""time"": ""2025-09-29T14:00:00+00:00"", ""tideMeters"": null, ""waveHeightM"": null, ""windSpeedKts"": 7.1, ""seaTemperatureC"": 25.49}, {""time"": ""2025-09-29T15:00:00+00:00"", ""tideMeters"": null, ""waveHeightM"": null, ""windSpeedKts"": 7.8, ""seaTemperatureC"": 25.85}, {""time"": ""2025-09-29T16:00:00+00:00"", ""tideMeters"": null, ""waveHeightM"": null, ""windSpeedKts"": 8.1, ""seaTemperatureC"": 23.03}, {""time"": ""2025-09-29T17:00:00+00:00"", ""tideMeters"": null, ""waveHeightM"": null, ""windSpeedKts"": 8.4, ""seaTemperatureC"": 20.22}, {""time"": ""2025-09-29T18:00:00+00:00"", ""tideMeters"": null, ""waveHeightM"": null, ""windSpeedKts"": 8.6, ""seaTemperatureC"": 17.4}, {""time"": ""2025-09-29T19:00:00+00:00"", ""tideMeters"": null, ""waveHeightM"": null, ""windSpeedKts"": 8, ""seaTemperatureC"": 15.19}, {""time"": ""2025-09-29T20:00:00+00:00"", ""tideMeters"": null, ""waveHeightM"": null, ""windSpeedKts"": 7.4, ""seaTemperatureC"": 12.97}, {""time"": ""2025-09-29T21:00:00+00:00"", ""tideMeters"": null, ""waveHeightM"": null, ""windSpeedKts"": 6.9, ""seaTemperatureC"": 10.76}, {""time"": ""2025-09-29T22:00:00+00:00"", ""tideMeters"": null, ""waveHeightM"": null, ""windSpeedKts"": 5.6, ""seaTemperatureC"": 10.64}, {""time"": ""2025-09-29T23:00:00+00:00"", ""tideMeters"": null, ""waveHeightM"": null, ""windSpeedKts"": 4.4, ""seaTemperatureC"": 10.51}, {""time"": ""2025-09-30T00:00:00+00:00"", ""tideMeters"": null, ""waveHeightM"": null, ""windSpeedKts"": 3.2, ""seaTemperatureC"": 10.39}, {""time"": ""2025-09-30T01:00:00+00:00"", ""tideMeters"": null, ""waveHeightM"": null, ""windSpeedKts"": 3.1, ""seaTemperatureC"": 10.22}, {""time"": ""2025-09-30T02:00:00+00:00"", ""tideMeters"": null, ""waveHeightM"": null, ""windSpeedKts"": 3, ""seaTemperatureC"": 10.06}, {""time"": ""2025-09-30T03:00:00+00:00"", ""tideMeters"": null, ""waveHeightM"": null, ""windSpeedKts"": 2.9, ""seaTemperatureC"": 9.89}, {""time"": ""2025-09-30T04:00:00+00:00"", ""tideMeters"": null, ""waveHeightM"": null, ""windSpeedKts"": 2.8, ""seaTemperatureC"": 9.82}, {""time"": ""2025-09-30T05:00:00+00:00"", ""tideMeters"": null, ""waveHeightM"": null, ""windSpeedKts"": 2.7, ""seaTemperatureC"": 9.76}, {""time"": ""2025-09-30T06:00:00+00:00"", ""tideMeters"": null, ""waveHeightM"": null, ""windSpeedKts"": 2.5, ""seaTemperatureC"": 9.69}, {""time"": ""2025-09-30T07:00:00+00:00"", ""tideMeters"": null, ""waveHeightM"": null, ""windSpeedKts"": 2.7, ""seaTemperatureC"": 12.52}]","[{""label"": ""Mon, Sep 29"", ""summary"": ""Balanced marine conditions expected."", ""dateLabel"": ""Mon, Sep 29"", ""waveHeightM"": 0, ""fishingScore"": 75, ""windSpeedKts"": 6.8, ""seaTemperatureC"": 18.43}, {""label"": ""Tue, Sep 30"", ""summary"": ""Balanced marine conditions expected."", ""dateLabel"": ""Tue, Sep 30"", ""waveHeightM"": 0, ""fishingScore"": 75, ""windSpeedKts"": 2.9, ""seaTemperatureC"": 10.29}]",ingest:stormglass,2025-09-29 08:01:32.490245+00
21D8,8077004c-2688-4e33-bd55-d63c4cc46677,2025-09-29 08:01:28.786+00,15.87,,,,,,0.83,13.2,42,2025-09-29 07:07:00+00,2025-09-29 00:39:00+00,"[{""time"": ""2025-09-29T08:00:00+00:00"", ""tideMeters"": null, ""waveHeightM"": 0.83, ""windSpeedKts"": 13.2, ""seaTemperatureC"": 15.87}, {""time"": ""2025-09-29T09:00:00+00:00"", ""tideMeters"": null, ""waveHeightM"": 0.82, ""windSpeedKts"": 14.2, ""seaTemperatureC"": 15.89}, {""time"": ""2025-09-29T10:00:00+00:00"", ""tideMeters"": null, ""waveHeightM"": 0.79, ""windSpeedKts"": 13.2, ""seaTemperatureC"": 15.92}, {""time"": ""2025-09-29T11:00:00+00:00"", ""tideMeters"": null, ""waveHeightM"": 0.76, ""windSpeedKts"": 12.2, ""seaTemperatureC"": 15.96}, {""time"": ""2025-09-29T12:00:00+00:00"", ""tideMeters"": null, ""waveHeightM"": 0.74, ""windSpeedKts"": 11.2, ""seaTemperatureC"": 16.02}, {""time"": ""2025-09-29T13:00:00+00:00"", ""tideMeters"": null, ""waveHeightM"": 0.71, ""windSpeedKts"": 11.2, ""seaTemperatureC"": 16.1}, {""time"": ""2025-09-29T14:00:00+00:00"", ""tideMeters"": null, ""waveHeightM"": 0.69, ""windSpeedKts"": 11.3, ""seaTemperatureC"": 16.17}, {""time"": ""2025-09-29T15:00:00+00:00"", ""tideMeters"": null, ""waveHeightM"": 0.67, ""windSpeedKts"": 11.3, ""seaTemperatureC"": 16.24}, {""time"": ""2025-09-29T16:00:00+00:00"", ""tideMeters"": null, ""waveHeightM"": 0.67, ""windSpeedKts"": 11.7, ""seaTemperatureC"": 16.27}, {""time"": ""2025-09-29T17:00:00+00:00"", ""tideMeters"": null, ""waveHeightM"": 0.67, ""windSpeedKts"": 12.2, ""seaTemperatureC"": 16.26}, {""time"": ""2025-09-29T18:00:00+00:00"", ""tideMeters"": null, ""waveHeightM"": 0.67, ""windSpeedKts"": 12.6, ""seaTemperatureC"": 16.22}, {""time"": ""2025-09-29T19:00:00+00:00"", ""tideMeters"": null, ""waveHeightM"": 0.69, ""windSpeedKts"": 13.5, ""seaTemperatureC"": 16.18}, {""time"": ""2025-09-29T20:00:00+00:00"", ""tideMeters"": null, ""waveHeightM"": 0.7, ""windSpeedKts"": 14.4, ""seaTemperatureC"": 16.14}, {""time"": ""2025-09-29T21:00:00+00:00"", ""tideMeters"": null, ""waveHeightM"": 0.72, ""windSpeedKts"": 15.3, ""seaTemperatureC"": 16.11}, {""time"": ""2025-09-29T22:00:00+00:00"", ""tideMeters"": null, ""waveHeightM"": 0.72, ""windSpeedKts"": 14.8, ""seaTemperatureC"": 16.09}, {""time"": ""2025-09-29T23:00:00+00:00"", ""tideMeters"": null, ""waveHeightM"": 0.72, ""windSpeedKts"": 14.3, ""seaTemperatureC"": 16.06}, {""time"": ""2025-09-30T00:00:00+00:00"", ""tideMeters"": null, ""waveHeightM"": 0.72, ""windSpeedKts"": 13.9, ""seaTemperatureC"": 16.04}, {""time"": ""2025-09-30T01:00:00+00:00"", ""tideMeters"": null, ""waveHeightM"": 0.68, ""windSpeedKts"": 12.8, ""seaTemperatureC"": 16.01}, {""time"": ""2025-09-30T02:00:00+00:00"", ""tideMeters"": null, ""waveHeightM"": 0.64, ""windSpeedKts"": 11.6, ""seaTemperatureC"": 15.99}, {""time"": ""2025-09-30T03:00:00+00:00"", ""tideMeters"": null, ""waveHeightM"": 0.6, ""windSpeedKts"": 10.5, ""seaTemperatureC"": 15.98}, {""time"": ""2025-09-30T04:00:00+00:00"", ""tideMeters"": null, ""waveHeightM"": 0.59, ""windSpeedKts"": 9.9, ""seaTemperatureC"": 15.96}, {""time"": ""2025-09-30T05:00:00+00:00"", ""tideMeters"": null, ""waveHeightM"": 0.57, ""windSpeedKts"": 9.2, ""seaTemperatureC"": 15.95}, {""time"": ""2025-09-30T06:00:00+00:00"", ""tideMeters"": null, ""waveHeightM"": 0.55, ""windSpeedKts"": 8.5, ""seaTemperatureC"": 15.94}, {""time"": ""2025-09-30T07:00:00+00:00"", ""tideMeters"": null, ""waveHeightM"": 0.54, ""windSpeedKts"": 7, ""seaTemperatureC"": 15.94}]","[{""label"": ""Mon, Sep 29"", ""summary"": ""Balanced marine conditions expected."", ""dateLabel"": ""Mon, Sep 29"", ""waveHeightM"": 0.72, ""fishingScore"": 61, ""windSpeedKts"": 12.9, ""seaTemperatureC"": 16.09}, {""label"": ""Tue, Sep 30"", ""summary"": ""Calm seas and light winds—ideal for most fishing styles."", ""dateLabel"": ""Tue, Sep 30"", ""waveHeightM"": 0.61, ""fishingScore"": 63, ""windSpeedKts"": 10.4, ""seaTemperatureC"": 15.98}]",ingest:stormglass,2025-09-29 08:01:33.511043+00
22D6,1b6f5ecb-972b-4860-b800-1fb9ce408b7f,2025-09-29 08:01:28.786+00,16.27,,,,,,2.03,6.3,357,2025-09-29 06:26:00+00,2025-09-29 12:45:00+00,"[{""time"": ""2025-09-29T08:00:00+00:00"", ""tideMeters"": null, ""waveHeightM"": 2.03, ""windSpeedKts"": 6.3, ""seaTemperatureC"": 16.27}, {""time"": ""2025-09-29T09:00:00+00:00"", ""tideMeters"": null, ""waveHeightM"": 1.96, ""windSpeedKts"": 6.2, ""seaTemperatureC"": 16.35}, {""time"": ""2025-09-29T10:00:00+00:00"", ""tideMeters"": null, ""waveHeightM"": 1.9, ""windSpeedKts"": 6.2, ""seaTemperatureC"": 16.44}, {""time"": ""2025-09-29T11:00:00+00:00"", ""tideMeters"": null, ""waveHeightM"": 1.85, ""windSpeedKts"": 6.1, ""seaTemperatureC"": 16.51}, {""time"": ""2025-09-29T12:00:00+00:00"", ""tideMeters"": null, ""waveHeightM"": 1.79, ""windSpeedKts"": 6, ""seaTemperatureC"": 16.55}, {""time"": ""2025-09-29T13:00:00+00:00"", ""tideMeters"": null, ""waveHeightM"": 1.77, ""windSpeedKts"": 6.3, ""seaTemperatureC"": 16.55}, {""time"": ""2025-09-29T14:00:00+00:00"", ""tideMeters"": null, ""waveHeightM"": 1.74, ""windSpeedKts"": 6.6, ""seaTemperatureC"": 16.54}, {""time"": ""2025-09-29T15:00:00+00:00"", ""tideMeters"": null, ""waveHeightM"": 1.71, ""windSpeedKts"": 6.8, ""seaTemperatureC"": 16.56}, {""time"": ""2025-09-29T16:00:00+00:00"", ""tideMeters"": null, ""waveHeightM"": 1.66, ""windSpeedKts"": 7.8, ""seaTemperatureC"": 16.56}, {""time"": ""2025-09-29T17:00:00+00:00"", ""tideMeters"": null, ""waveHeightM"": 1.61, ""windSpeedKts"": 8.8, ""seaTemperatureC"": 16.55}, {""time"": ""2025-09-29T18:00:00+00:00"", ""tideMeters"": null, ""waveHeightM"": 1.57, ""windSpeedKts"": 9.8, ""seaTemperatureC"": 16.52}, {""time"": ""2025-09-29T19:00:00+00:00"", ""tideMeters"": null, ""waveHeightM"": 1.51, ""windSpeedKts"": 9.7, ""seaTemperatureC"": 16.51}, {""time"": ""2025-09-29T20:00:00+00:00"", ""tideMeters"": null, ""waveHeightM"": 1.46, ""windSpeedKts"": 9.7, ""seaTemperatureC"": 16.5}, {""time"": ""2025-09-29T21:00:00+00:00"", ""tideMeters"": null, ""waveHeightM"": 1.4, ""windSpeedKts"": 9.7, ""seaTemperatureC"": 16.5}, {""time"": ""2025-09-29T22:00:00+00:00"", ""tideMeters"": null, ""waveHeightM"": 1.36, ""windSpeedKts"": 9.2, ""seaTemperatureC"": 16.49}, {""time"": ""2025-09-29T23:00:00+00:00"", ""tideMeters"": null, ""waveHeightM"": 1.32, ""windSpeedKts"": 8.6, ""seaTemperatureC"": 16.49}, {""time"": ""2025-09-30T00:00:00+00:00"", ""tideMeters"": null, ""waveHeightM"": 1.28, ""windSpeedKts"": 8, ""seaTemperatureC"": 16.47}, {""time"": ""2025-09-30T01:00:00+00:00"", ""tideMeters"": null, ""waveHeightM"": 1.25, ""windSpeedKts"": 7.7, ""seaTemperatureC"": 16.46}, {""time"": ""2025-09-30T02:00:00+00:00"", ""tideMeters"": null, ""waveHeightM"": 1.22, ""windSpeedKts"": 7.4, ""seaTemperatureC"": 16.44}, {""time"": ""2025-09-30T03:00:00+00:00"", ""tideMeters"": null, ""waveHeightM"": 1.18, ""windSpeedKts"": 7.1, ""seaTemperatureC"": 16.41}, {""time"": ""2025-09-30T04:00:00+00:00"", ""tideMeters"": null, ""waveHeightM"": 1.16, ""windSpeedKts"": 7, ""seaTemperatureC"": 16.37}, {""time"": ""2025-09-30T05:00:00+00:00"", ""tideMeters"": null, ""waveHeightM"": 1.14, ""windSpeedKts"": 6.8, ""seaTemperatureC"": 16.34}, {""time"": ""2025-09-30T06:00:00+00:00"", ""tideMeters"": null, ""waveHeightM"": 1.11, ""windSpeedKts"": 6.7, ""seaTemperatureC"": 16.3}, {""time"": ""2025-09-30T07:00:00+00:00"", ""tideMeters"": null, ""waveHeightM"": 1.09, ""windSpeedKts"": 6, ""seaTemperatureC"": 16.28}]","[{""label"": ""Mon, Sep 29"", ""summary"": ""Balanced marine conditions expected."", ""dateLabel"": ""Mon, Sep 29"", ""waveHeightM"": 1.67, ""fishingScore"": 42, ""windSpeedKts"": 7.7, ""seaTemperatureC"": 16.49}, {""label"": ""Tue, Sep 30"", ""summary"": ""Balanced marine conditions expected."", ""dateLabel"": ""Tue, Sep 30"", ""waveHeightM"": 1.18, ""fishingScore"": 51, ""windSpeedKts"": 7.1, ""seaTemperatureC"": 16.38}]",ingest:stormglass,2025-09-29 08:01:34.478031+00
22D7,ed2e5d79-b16a-45f1-9bca-05c979d9f999,2025-09-29 08:01:28.786+00,17.21,,,,,,1.8,8.7,59,2025-09-29 07:25:00+00,2025-09-29 01:01:00+00,"[{""time"": ""2025-09-29T08:00:00+00:00"", ""tideMeters"": null, ""waveHeightM"": 1.8, ""windSpeedKts"": 8.7, ""seaTemperatureC"": 17.21}, {""time"": ""2025-09-29T09:00:00+00:00"", ""tideMeters"": null, ""waveHeightM"": 1.77, ""windSpeedKts"": 9.3, ""seaTemperatureC"": 17.21}, {""time"": ""2025-09-29T10:00:00+00:00"", ""tideMeters"": null, ""waveHeightM"": 1.72, ""windSpeedKts"": 9.7, ""seaTemperatureC"": 17.21}, {""time"": ""2025-09-29T11:00:00+00:00"", ""tideMeters"": null, ""waveHeightM"": 1.68, ""windSpeedKts"": 10.1, ""seaTemperatureC"": 17.22}, {""time"": ""2025-09-29T12:00:00+00:00"", ""tideMeters"": null, ""waveHeightM"": 1.63, ""windSpeedKts"": 10.5, ""seaTemperatureC"": 17.23}, {""time"": ""2025-09-29T13:00:00+00:00"", ""tideMeters"": null, ""waveHeightM"": 1.61, ""windSpeedKts"": 10.6, ""seaTemperatureC"": 17.24}, {""time"": ""2025-09-29T14:00:00+00:00"", ""tideMeters"": null, ""waveHeightM"": 1.59, ""windSpeedKts"": 10.7, ""seaTemperatureC"": 17.24}, {""time"": ""2025-09-29T15:00:00+00:00"", ""tideMeters"": null, ""waveHeightM"": 1.56, ""windSpeedKts"": 10.9, ""seaTemperatureC"": 17.23}, {""time"": ""2025-09-29T16:00:00+00:00"", ""tideMeters"": null, ""waveHeightM"": 1.57, ""windSpeedKts"": 10.3, ""seaTemperatureC"": 17.2}, {""time"": ""2025-09-29T17:00:00+00:00"", ""tideMeters"": null, ""waveHeightM"": 1.58, ""windSpeedKts"": 9.7, ""seaTemperatureC"": 17.17}, {""time"": ""2025-09-29T18:00:00+00:00"", ""tideMeters"": null, ""waveHeightM"": 1.59, ""windSpeedKts"": 9.2, ""seaTemperatureC"": 17.12}, {""time"": ""2025-09-29T19:00:00+00:00"", ""tideMeters"": null, ""waveHeightM"": 1.58, ""windSpeedKts"": 9.2, ""seaTemperatureC"": 17.07}, {""time"": ""2025-09-29T20:00:00+00:00"", ""tideMeters"": null, ""waveHeightM"": 1.58, ""windSpeedKts"": 9.3, ""seaTemperatureC"": 17.03}, {""time"": ""2025-09-29T21:00:00+00:00"", ""tideMeters"": null, ""waveHeightM"": 1.57, ""windSpeedKts"": 9.3, ""seaTemperatureC"": 16.99}, {""time"": ""2025-09-29T22:00:00+00:00"", ""tideMeters"": null, ""waveHeightM"": 1.55, ""windSpeedKts"": 9, ""seaTemperatureC"": 16.96}, {""time"": ""2025-09-29T23:00:00+00:00"", ""tideMeters"": null, ""waveHeightM"": 1.53, ""windSpeedKts"": 8.8, ""seaTemperatureC"": 16.92}, {""time"": ""2025-09-30T00:00:00+00:00"", ""tideMeters"": null, ""waveHeightM"": 1.51, ""windSpeedKts"": 8.5, ""seaTemperatureC"": 16.9}, {""time"": ""2025-09-30T01:00:00+00:00"", ""tideMeters"": null, ""waveHeightM"": 1.49, ""windSpeedKts"": 9, ""seaTemperatureC"": 16.87}, {""time"": ""2025-09-30T02:00:00+00:00"", ""tideMeters"": null, ""waveHeightM"": 1.47, ""windSpeedKts"": 9.5, ""seaTemperatureC"": 16.84}, {""time"": ""2025-09-30T03:00:00+00:00"", ""tideMeters"": null, ""waveHeightM"": 1.44, ""windSpeedKts"": 10, ""seaTemperatureC"": 16.82}, {""time"": ""2025-09-30T04:00:00+00:00"", ""tideMeters"": null, ""waveHeightM"": 1.43, ""windSpeedKts"": 10.1, ""seaTemperatureC"": 16.79}, {""time"": ""2025-09-30T05:00:00+00:00"", ""tideMeters"": null, ""waveHeightM"": 1.42, ""windSpeedKts"": 10.2, ""seaTemperatureC"": 16.77}, {""time"": ""2025-09-30T06:00:00+00:00"", ""tideMeters"": null, ""waveHeightM"": 1.4, ""windSpeedKts"": 10.3, ""seaTemperatureC"": 16.75}, {""time"": ""2025-09-30T07:00:00+00:00"", ""tideMeters"": null, ""waveHeightM"": 1.42, ""windSpeedKts"": 10, ""seaTemperatureC"": 16.74}]","[{""label"": ""Mon, Sep 29"", ""summary"": ""Balanced marine conditions expected."", ""dateLabel"": ""Mon, Sep 29"", ""waveHeightM"": 1.62, ""fishingScore"": 43, ""windSpeedKts"": 9.7, ""seaTemperatureC"": 17.14}, {""label"": ""Tue, Sep 30"", ""summary"": ""Balanced marine conditions expected."", ""dateLabel"": ""Tue, Sep 30"", ""waveHeightM"": 1.45, ""fishingScore"": 46, ""windSpeedKts"": 9.7, ""seaTemperatureC"": 16.81}]",ingest:stormglass,2025-09-29 08:01:35.365639+00
22D8,f84a95c0-dcf5-4e0f-868a-6b6e1ecba751,2025-09-29 08:01:28.786+00,18.06,,,,,,2.16,19.7,44,2025-09-29 07:19:00+00,2025-09-29 00:53:00+00,"[{""time"": ""2025-09-29T08:00:00+00:00"", ""tideMeters"": null, ""waveHeightM"": 2.16, ""windSpeedKts"": 19.7, ""seaTemperatureC"": 18.06}, {""time"": ""2025-09-29T09:00:00+00:00"", ""tideMeters"": null, ""waveHeightM"": 2.1, ""windSpeedKts"": 19.3, ""seaTemperatureC"": 18.05}, {""time"": ""2025-09-29T10:00:00+00:00"", ""tideMeters"": null, ""waveHeightM"": 2.05, ""windSpeedKts"": 19.3, ""seaTemperatureC"": 18.03}, {""time"": ""2025-09-29T11:00:00+00:00"", ""tideMeters"": null, ""waveHeightM"": 2, ""windSpeedKts"": 19.2, ""seaTemperatureC"": 18.01}, {""time"": ""2025-09-29T12:00:00+00:00"", ""tideMeters"": null, ""waveHeightM"": 1.95, ""windSpeedKts"": 19.2, ""seaTemperatureC"": 17.99}, {""time"": ""2025-09-29T13:00:00+00:00"", ""tideMeters"": null, ""waveHeightM"": 1.93, ""windSpeedKts"": 19.7, ""seaTemperatureC"": 17.97}, {""time"": ""2025-09-29T14:00:00+00:00"", ""tideMeters"": null, ""waveHeightM"": 1.92, ""windSpeedKts"": 20.2, ""seaTemperatureC"": 17.94}, {""time"": ""2025-09-29T15:00:00+00:00"", ""tideMeters"": null, ""waveHeightM"": 1.9, ""windSpeedKts"": 20.7, ""seaTemperatureC"": 17.92}, {""time"": ""2025-09-29T16:00:00+00:00"", ""tideMeters"": null, ""waveHeightM"": 1.94, ""windSpeedKts"": 21.2, ""seaTemperatureC"": 17.89}, {""time"": ""2025-09-29T17:00:00+00:00"", ""tideMeters"": null, ""waveHeightM"": 1.97, ""windSpeedKts"": 21.7, ""seaTemperatureC"": 17.87}, {""time"": ""2025-09-29T18:00:00+00:00"", ""tideMeters"": null, ""waveHeightM"": 2.01, ""windSpeedKts"": 22.2, ""seaTemperatureC"": 17.84}, {""time"": ""2025-09-29T19:00:00+00:00"", ""tideMeters"": null, ""waveHeightM"": 1.99, ""windSpeedKts"": 21.8, ""seaTemperatureC"": 17.83}, {""time"": ""2025-09-29T20:00:00+00:00"", ""tideMeters"": null, ""waveHeightM"": 1.96, ""windSpeedKts"": 21.3, ""seaTemperatureC"": 17.83}, {""time"": ""2025-09-29T21:00:00+00:00"", ""tideMeters"": null, ""waveHeightM"": 1.93, ""windSpeedKts"": 20.8, ""seaTemperatureC"": 17.83}, {""time"": ""2025-09-29T22:00:00+00:00"", ""tideMeters"": null, ""waveHeightM"": 1.91, ""windSpeedKts"": 21, ""seaTemperatureC"": 17.82}, {""time"": ""2025-09-29T23:00:00+00:00"", ""tideMeters"": null, ""waveHeightM"": 1.9, ""windSpeedKts"": 21.1, ""seaTemperatureC"": 17.81}, {""time"": ""2025-09-30T00:00:00+00:00"", ""tideMeters"": null, ""waveHeightM"": 1.88, ""windSpeedKts"": 21.3, ""seaTemperatureC"": 17.8}, {""time"": ""2025-09-30T01:00:00+00:00"", ""tideMeters"": null, ""waveHeightM"": 1.86, ""windSpeedKts"": 21.1, ""seaTemperatureC"": 17.77}, {""time"": ""2025-09-30T02:00:00+00:00"", ""tideMeters"": null, ""waveHeightM"": 1.85, ""windSpeedKts"": 21, ""seaTemperatureC"": 17.74}, {""time"": ""2025-09-30T03:00:00+00:00"", ""tideMeters"": null, ""waveHeightM"": 1.83, ""windSpeedKts"": 20.8, ""seaTemperatureC"": 17.7}, {""time"": ""2025-09-30T04:00:00+00:00"", ""tideMeters"": null, ""waveHeightM"": 1.83, ""windSpeedKts"": 20.8, ""seaTemperatureC"": 17.65}, {""time"": ""2025-09-30T05:00:00+00:00"", ""tideMeters"": null, ""waveHeightM"": 1.83, ""windSpeedKts"": 20.8, ""seaTemperatureC"": 17.6}, {""time"": ""2025-09-30T06:00:00+00:00"", ""tideMeters"": null, ""waveHeightM"": 1.83, ""windSpeedKts"": 20.8, ""seaTemperatureC"": 17.56}, {""time"": ""2025-09-30T07:00:00+00:00"", ""tideMeters"": null, ""waveHeightM"": 1.85, ""windSpeedKts"": 21.2, ""seaTemperatureC"": 17.52}]","[{""label"": ""Mon, Sep 29"", ""summary"": ""Choppy water—plan cautiously and adjust tackle."", ""dateLabel"": ""Mon, Sep 29"", ""waveHeightM"": 1.98, ""fishingScore"": 24, ""windSpeedKts"": 20.5, ""seaTemperatureC"": 17.92}, {""label"": ""Tue, Sep 30"", ""summary"": ""Choppy water—plan cautiously and adjust tackle."", ""dateLabel"": ""Tue, Sep 30"", ""waveHeightM"": 1.84, ""fishingScore"": 26, ""windSpeedKts"": 21, ""seaTemperatureC"": 17.67}]",ingest:stormglass,2025-09-29 08:01:36.337847+00
23D6,c625e354-1cbe-4ee3-91c0-03cf315b12f7,2025-09-29 08:01:28.786+00,15.97,,,,,,0.1,4.5,315,2025-09-29 06:26:00+00,2025-09-29 12:45:00+00,"[{""time"": ""2025-09-29T08:00:00+00:00"", ""tideMeters"": null, ""waveHeightM"": 0.1, ""windSpeedKts"": 4.5, ""seaTemperatureC"": 15.97}, {""time"": ""2025-09-29T09:00:00+00:00"", ""tideMeters"": null, ""waveHeightM"": 0.09, ""windSpeedKts"": 4.4, ""seaTemperatureC"": 15.99}, {""time"": ""2025-09-29T10:00:00+00:00"", ""tideMeters"": null, ""waveHeightM"": 0.09, ""windSpeedKts"": 4.8, ""seaTemperatureC"": 16.03}, {""time"": ""2025-09-29T11:00:00+00:00"", ""tideMeters"": null, ""waveHeightM"": 0.08, ""windSpeedKts"": 5.3, ""seaTemperatureC"": 16.07}, {""time"": ""2025-09-29T12:00:00+00:00"", ""tideMeters"": null, ""waveHeightM"": 0.07, ""windSpeedKts"": 5.7, ""seaTemperatureC"": 16.11}, {""time"": ""2025-09-29T13:00:00+00:00"", ""tideMeters"": null, ""waveHeightM"": 0.07, ""windSpeedKts"": 6.4, ""seaTemperatureC"": 16.14}, {""time"": ""2025-09-29T14:00:00+00:00"", ""tideMeters"": null, ""waveHeightM"": 0.06, ""windSpeedKts"": 7, ""seaTemperatureC"": 16.16}, {""time"": ""2025-09-29T15:00:00+00:00"", ""tideMeters"": null, ""waveHeightM"": 0.06, ""windSpeedKts"": 7.6, ""seaTemperatureC"": 16.18}, {""time"": ""2025-09-29T16:00:00+00:00"", ""tideMeters"": null, ""waveHeightM"": 0.1, ""windSpeedKts"": 8.3, ""seaTemperatureC"": 16.19}, {""time"": ""2025-09-29T17:00:00+00:00"", ""tideMeters"": null, ""waveHeightM"": 0.15, ""windSpeedKts"": 9, ""seaTemperatureC"": 16.18}, {""time"": ""2025-09-29T18:00:00+00:00"", ""tideMeters"": null, ""waveHeightM"": 0.19, ""windSpeedKts"": 9.6, ""seaTemperatureC"": 16.17}, {""time"": ""2025-09-29T19:00:00+00:00"", ""tideMeters"": null, ""waveHeightM"": 0.19, ""windSpeedKts"": 9.3, ""seaTemperatureC"": 16.15}, {""time"": ""2025-09-29T20:00:00+00:00"", ""tideMeters"": null, ""waveHeightM"": 0.19, ""windSpeedKts"": 9, ""seaTemperatureC"": 16.14}, {""time"": ""2025-09-29T21:00:00+00:00"", ""tideMeters"": null, ""waveHeightM"": 0.19, ""windSpeedKts"": 8.7, ""seaTemperatureC"": 16.13}, {""time"": ""2025-09-29T22:00:00+00:00"", ""tideMeters"": null, ""waveHeightM"": 0.16, ""windSpeedKts"": 7.8, ""seaTemperatureC"": 16.12}, {""time"": ""2025-09-29T23:00:00+00:00"", ""tideMeters"": null, ""waveHeightM"": 0.14, ""windSpeedKts"": 6.9, ""seaTemperatureC"": 16.11}, {""time"": ""2025-09-30T00:00:00+00:00"", ""tideMeters"": null, ""waveHeightM"": 0.11, ""windSpeedKts"": 6.1, ""seaTemperatureC"": 16.1}, {""time"": ""2025-09-30T01:00:00+00:00"", ""tideMeters"": null, ""waveHeightM"": 0.1, ""windSpeedKts"": 5.6, ""seaTemperatureC"": 16.09}, {""time"": ""2025-09-30T02:00:00+00:00"", ""tideMeters"": null, ""waveHeightM"": 0.09, ""windSpeedKts"": 5.1, ""seaTemperatureC"": 16.09}, {""time"": ""2025-09-30T03:00:00+00:00"", ""tideMeters"": null, ""waveHeightM"": 0.08, ""windSpeedKts"": 4.6, ""seaTemperatureC"": 16.08}, {""time"": ""2025-09-30T04:00:00+00:00"", ""tideMeters"": null, ""waveHeightM"": 0.08, ""windSpeedKts"": 4.3, ""seaTemperatureC"": 16.07}, {""time"": ""2025-09-30T05:00:00+00:00"", ""tideMeters"": null, ""waveHeightM"": 0.09, ""windSpeedKts"": 4, ""seaTemperatureC"": 16.06}, {""time"": ""2025-09-30T06:00:00+00:00"", ""tideMeters"": null, ""waveHeightM"": 0.09, ""windSpeedKts"": 3.7, ""seaTemperatureC"": 16.05}, {""time"": ""2025-09-30T07:00:00+00:00"", ""tideMeters"": null, ""waveHeightM"": 0.1, ""windSpeedKts"": 4.1, ""seaTemperatureC"": 16.05}]","[{""label"": ""Mon, Sep 29"", ""summary"": ""Calm seas and light winds—ideal for most fishing styles."", ""dateLabel"": ""Mon, Sep 29"", ""waveHeightM"": 0.12, ""fishingScore"": 73, ""windSpeedKts"": 7.1, ""seaTemperatureC"": 16.12}, {""label"": ""Tue, Sep 30"", ""summary"": ""Calm seas and light winds—ideal for most fishing styles."", ""dateLabel"": ""Tue, Sep 30"", ""waveHeightM"": 0.09, ""fishingScore"": 73, ""windSpeedKts"": 4.7, ""seaTemperatureC"": 16.07}]",ingest:stormglass,2025-09-29 08:01:37.109705+00
23E0,2192b710-fa86-411f-a1f9-8fc03f46be0b,2025-09-29 08:01:28.786+00,19.34,,,,,,1.58,10,50,2025-09-29 07:25:00+00,2025-09-29 01:01:00+00,"[{""time"": ""2025-09-29T08:00:00+00:00"", ""tideMeters"": null, ""waveHeightM"": 1.58, ""windSpeedKts"": 10, ""seaTemperatureC"": 19.34}, {""time"": ""2025-09-29T09:00:00+00:00"", ""tideMeters"": null, ""waveHeightM"": 1.54, ""windSpeedKts"": 10.6, ""seaTemperatureC"": 19.38}, {""time"": ""2025-09-29T10:00:00+00:00"", ""tideMeters"": null, ""waveHeightM"": 1.49, ""windSpeedKts"": 11.2, ""seaTemperatureC"": 19.39}, {""time"": ""2025-09-29T11:00:00+00:00"", ""tideMeters"": null, ""waveHeightM"": 1.45, ""windSpeedKts"": 11.9, ""seaTemperatureC"": 19.41}, {""time"": ""2025-09-29T12:00:00+00:00"", ""tideMeters"": null, ""waveHeightM"": 1.4, ""windSpeedKts"": 12.5, ""seaTemperatureC"": 19.43}, {""time"": ""2025-09-29T13:00:00+00:00"", ""tideMeters"": null, ""waveHeightM"": 1.37, ""windSpeedKts"": 12.7, ""seaTemperatureC"": 19.44}, {""time"": ""2025-09-29T14:00:00+00:00"", ""tideMeters"": null, ""waveHeightM"": 1.35, ""windSpeedKts"": 13, ""seaTemperatureC"": 19.44}, {""time"": ""2025-09-29T15:00:00+00:00"", ""tideMeters"": null, ""waveHeightM"": 1.32, ""windSpeedKts"": 13.3, ""seaTemperatureC"": 19.43}, {""time"": ""2025-09-29T16:00:00+00:00"", ""tideMeters"": null, ""waveHeightM"": 1.33, ""windSpeedKts"": 12.9, ""seaTemperatureC"": 19.41}, {""time"": ""2025-09-29T17:00:00+00:00"", ""tideMeters"": null, ""waveHeightM"": 1.34, ""windSpeedKts"": 12.6, ""seaTemperatureC"": 19.38}, {""time"": ""2025-09-29T18:00:00+00:00"", ""tideMeters"": null, ""waveHeightM"": 1.35, ""windSpeedKts"": 12.3, ""seaTemperatureC"": 19.35}, {""time"": ""2025-09-29T19:00:00+00:00"", ""tideMeters"": null, ""waveHeightM"": 1.38, ""windSpeedKts"": 12.4, ""seaTemperatureC"": 19.33}, {""time"": ""2025-09-29T20:00:00+00:00"", ""tideMeters"": null, ""waveHeightM"": 1.41, ""windSpeedKts"": 12.4, ""seaTemperatureC"": 19.33}, {""time"": ""2025-09-29T21:00:00+00:00"", ""tideMeters"": null, ""waveHeightM"": 1.44, ""windSpeedKts"": 12.5, ""seaTemperatureC"": 19.34}, {""time"": ""2025-09-29T22:00:00+00:00"", ""tideMeters"": null, ""waveHeightM"": 1.44, ""windSpeedKts"": 12.2, ""seaTemperatureC"": 19.36}, {""time"": ""2025-09-29T23:00:00+00:00"", ""tideMeters"": null, ""waveHeightM"": 1.44, ""windSpeedKts"": 12, ""seaTemperatureC"": 19.36}, {""time"": ""2025-09-30T00:00:00+00:00"", ""tideMeters"": null, ""waveHeightM"": 1.45, ""windSpeedKts"": 11.7, ""seaTemperatureC"": 19.35}, {""time"": ""2025-09-30T01:00:00+00:00"", ""tideMeters"": null, ""waveHeightM"": 1.42, ""windSpeedKts"": 11.2, ""seaTemperatureC"": 19.33}, {""time"": ""2025-09-30T02:00:00+00:00"", ""tideMeters"": null, ""waveHeightM"": 1.4, ""windSpeedKts"": 10.7, ""seaTemperatureC"": 19.32}, {""time"": ""2025-09-30T03:00:00+00:00"", ""tideMeters"": null, ""waveHeightM"": 1.37, ""windSpeedKts"": 10.2, ""seaTemperatureC"": 19.3}, {""time"": ""2025-09-30T04:00:00+00:00"", ""tideMeters"": null, ""waveHeightM"": 1.36, ""windSpeedKts"": 9.7, ""seaTemperatureC"": 19.28}, {""time"": ""2025-09-30T05:00:00+00:00"", ""tideMeters"": null, ""waveHeightM"": 1.35, ""windSpeedKts"": 9.1, ""seaTemperatureC"": 19.26}, {""time"": ""2025-09-30T06:00:00+00:00"", ""tideMeters"": null, ""waveHeightM"": 1.34, ""windSpeedKts"": 8.6, ""seaTemperatureC"": 19.25}, {""time"": ""2025-09-30T07:00:00+00:00"", ""tideMeters"": null, ""waveHeightM"": 1.34, ""windSpeedKts"": 8.8, ""seaTemperatureC"": 19.23}]","[{""label"": ""Mon, Sep 29"", ""summary"": ""Balanced marine conditions expected."", ""dateLabel"": ""Mon, Sep 29"", ""waveHeightM"": 1.41, ""fishingScore"": 47, ""windSpeedKts"": 12.2, ""seaTemperatureC"": 19.38}, {""label"": ""Tue, Sep 30"", ""summary"": ""Balanced marine conditions expected."", ""dateLabel"": ""Tue, Sep 30"", ""waveHeightM"": 1.38, ""fishingScore"": 47, ""windSpeedKts"": 10, ""seaTemperatureC"": 19.29}]",ingest:stormglass,2025-09-29 08:01:37.865678+00
23E1,bc25d5b7-f4d4-4ad6-ae6f-efdab9fada57,2025-09-29 08:01:28.786+00,19.34,,,,,,1.58,11.6,70,2025-09-29 07:25:00+00,2025-09-29 01:01:00+00,"[{""time"": ""2025-09-29T08:00:00+00:00"", ""tideMeters"": null, ""waveHeightM"": 1.58, ""windSpeedKts"": 11.6, ""seaTemperatureC"": 19.34}, {""time"": ""2025-09-29T09:00:00+00:00"", ""tideMeters"": null, ""waveHeightM"": 1.54, ""windSpeedKts"": 11.2, ""seaTemperatureC"": 19.38}, {""time"": ""2025-09-29T10:00:00+00:00"", ""tideMeters"": null, ""waveHeightM"": 1.49, ""windSpeedKts"": 11.3, ""seaTemperatureC"": 19.39}, {""time"": ""2025-09-29T11:00:00+00:00"", ""tideMeters"": null, ""waveHeightM"": 1.45, ""windSpeedKts"": 11.3, ""seaTemperatureC"": 19.41}, {""time"": ""2025-09-29T12:00:00+00:00"", ""tideMeters"": null, ""waveHeightM"": 1.4, ""windSpeedKts"": 11.3, ""seaTemperatureC"": 19.43}, {""time"": ""2025-09-29T13:00:00+00:00"", ""tideMeters"": null, ""waveHeightM"": 1.37, ""windSpeedKts"": 11.7, ""seaTemperatureC"": 19.44}, {""time"": ""2025-09-29T14:00:00+00:00"", ""tideMeters"": null, ""waveHeightM"": 1.35, ""windSpeedKts"": 12.1, ""seaTemperatureC"": 19.44}, {""time"": ""2025-09-29T15:00:00+00:00"", ""tideMeters"": null, ""waveHeightM"": 1.32, ""windSpeedKts"": 12.5, ""seaTemperatureC"": 19.43}, {""time"": ""2025-09-29T16:00:00+00:00"", ""tideMeters"": null, ""waveHeightM"": 1.33, ""windSpeedKts"": 12.8, ""seaTemperatureC"": 19.41}, {""time"": ""2025-09-29T17:00:00+00:00"", ""tideMeters"": null, ""waveHeightM"": 1.34, ""windSpeedKts"": 13.1, ""seaTemperatureC"": 19.38}, {""time"": ""2025-09-29T18:00:00+00:00"", ""tideMeters"": null, ""waveHeightM"": 1.35, ""windSpeedKts"": 13.4, ""seaTemperatureC"": 19.35}, {""time"": ""2025-09-29T19:00:00+00:00"", ""tideMeters"": null, ""waveHeightM"": 1.38, ""windSpeedKts"": 13.9, ""seaTemperatureC"": 19.33}, {""time"": ""2025-09-29T20:00:00+00:00"", ""tideMeters"": null, ""waveHeightM"": 1.41, ""windSpeedKts"": 14.5, ""seaTemperatureC"": 19.33}, {""time"": ""2025-09-29T21:00:00+00:00"", ""tideMeters"": null, ""waveHeightM"": 1.44, ""windSpeedKts"": 15, ""seaTemperatureC"": 19.34}, {""time"": ""2025-09-29T22:00:00+00:00"", ""tideMeters"": null, ""waveHeightM"": 1.44, ""windSpeedKts"": 14.9, ""seaTemperatureC"": 19.36}, {""time"": ""2025-09-29T23:00:00+00:00"", ""tideMeters"": null, ""waveHeightM"": 1.44, ""windSpeedKts"": 14.7, ""seaTemperatureC"": 19.36}, {""time"": ""2025-09-30T00:00:00+00:00"", ""tideMeters"": null, ""waveHeightM"": 1.45, ""windSpeedKts"": 14.6, ""seaTemperatureC"": 19.35}, {""time"": ""2025-09-30T01:00:00+00:00"", ""tideMeters"": null, ""waveHeightM"": 1.42, ""windSpeedKts"": 13.9, ""seaTemperatureC"": 19.33}, {""time"": ""2025-09-30T02:00:00+00:00"", ""tideMeters"": null, ""waveHeightM"": 1.4, ""windSpeedKts"": 13.3, ""seaTemperatureC"": 19.32}, {""time"": ""2025-09-30T03:00:00+00:00"", ""tideMeters"": null, ""waveHeightM"": 1.37, ""windSpeedKts"": 12.6, ""seaTemperatureC"": 19.3}, {""time"": ""2025-09-30T04:00:00+00:00"", ""tideMeters"": null, ""waveHeightM"": 1.36, ""windSpeedKts"": 12.6, ""seaTemperatureC"": 19.28}, {""time"": ""2025-09-30T05:00:00+00:00"", ""tideMeters"": null, ""waveHeightM"": 1.35, ""windSpeedKts"": 12.6, ""seaTemperatureC"": 19.26}, {""time"": ""2025-09-30T06:00:00+00:00"", ""tideMeters"": null, ""waveHeightM"": 1.34, ""windSpeedKts"": 12.6, ""seaTemperatureC"": 19.25}, {""time"": ""2025-09-30T07:00:00+00:00"", ""tideMeters"": null, ""waveHeightM"": 1.34, ""windSpeedKts"": 13.3, ""seaTemperatureC"": 19.23}]","[{""label"": ""Mon, Sep 29"", ""summary"": ""Balanced marine conditions expected."", ""dateLabel"": ""Mon, Sep 29"", ""waveHeightM"": 1.41, ""fishingScore"": 47, ""windSpeedKts"": 12.8, ""seaTemperatureC"": 19.38}, {""label"": ""Tue, Sep 30"", ""summary"": ""Balanced marine conditions expected."", ""dateLabel"": ""Tue, Sep 30"", ""waveHeightM"": 1.38, ""fishingScore"": 47, ""windSpeedKts"": 13.2, ""seaTemperatureC"": 19.29}]",ingest:stormglass,2025-09-29 08:01:38.91467+00
24D7,441d4435-4666-4467-abaf-407539b43a37,2025-09-29 08:01:28.786+00,15.65,,,,,,,5.9,75,2025-09-29 06:48:00+00,2025-09-29 00:20:00+00,"[{""time"": ""2025-09-29T08:00:00+00:00"", ""tideMeters"": null, ""waveHeightM"": null, ""windSpeedKts"": 5.9, ""seaTemperatureC"": 15.65}, {""time"": ""2025-09-29T09:00:00+00:00"", ""tideMeters"": null, ""waveHeightM"": null, ""windSpeedKts"": 6.6, ""seaTemperatureC"": 18.17}, {""time"": ""2025-09-29T10:00:00+00:00"", ""tideMeters"": null, ""waveHeightM"": null, ""windSpeedKts"": 6.2, ""seaTemperatureC"": 20.13}, {""time"": ""2025-09-29T11:00:00+00:00"", ""tideMeters"": null, ""waveHeightM"": null, ""windSpeedKts"": 5.8, ""seaTemperatureC"": 22.1}, {""time"": ""2025-09-29T12:00:00+00:00"", ""tideMeters"": null, ""waveHeightM"": null, ""windSpeedKts"": 5.5, ""seaTemperatureC"": 24.07}, {""time"": ""2025-09-29T13:00:00+00:00"", ""tideMeters"": null, ""waveHeightM"": null, ""windSpeedKts"": 5.7, ""seaTemperatureC"": 24.26}, {""time"": ""2025-09-29T14:00:00+00:00"", ""tideMeters"": null, ""waveHeightM"": null, ""windSpeedKts"": 5.9, ""seaTemperatureC"": 24.46}, {""time"": ""2025-09-29T15:00:00+00:00"", ""tideMeters"": null, ""waveHeightM"": null, ""windSpeedKts"": 6.1, ""seaTemperatureC"": 24.65}, {""time"": ""2025-09-29T16:00:00+00:00"", ""tideMeters"": null, ""waveHeightM"": null, ""windSpeedKts"": 4.8, ""seaTemperatureC"": 21.77}, {""time"": ""2025-09-29T17:00:00+00:00"", ""tideMeters"": null, ""waveHeightM"": null, ""windSpeedKts"": 3.4, ""seaTemperatureC"": 18.88}, {""time"": ""2025-09-29T18:00:00+00:00"", ""tideMeters"": null, ""waveHeightM"": null, ""windSpeedKts"": 2.1, ""seaTemperatureC"": 16}, {""time"": ""2025-09-29T19:00:00+00:00"", ""tideMeters"": null, ""waveHeightM"": null, ""windSpeedKts"": 1.8, ""seaTemperatureC"": 15.29}, {""time"": ""2025-09-29T20:00:00+00:00"", ""tideMeters"": null, ""waveHeightM"": null, ""windSpeedKts"": 1.6, ""seaTemperatureC"": 14.57}, {""time"": ""2025-09-29T21:00:00+00:00"", ""tideMeters"": null, ""waveHeightM"": null, ""windSpeedKts"": 1.3, ""seaTemperatureC"": 13.86}, {""time"": ""2025-09-29T22:00:00+00:00"", ""tideMeters"": null, ""waveHeightM"": null, ""windSpeedKts"": 2, ""seaTemperatureC"": 13.74}, {""time"": ""2025-09-29T23:00:00+00:00"", ""tideMeters"": null, ""waveHeightM"": null, ""windSpeedKts"": 2.8, ""seaTemperatureC"": 13.61}, {""time"": ""2025-09-30T00:00:00+00:00"", ""tideMeters"": null, ""waveHeightM"": null, ""windSpeedKts"": 3.5, ""seaTemperatureC"": 13.49}, {""time"": ""2025-09-30T01:00:00+00:00"", ""tideMeters"": null, ""waveHeightM"": null, ""windSpeedKts"": 4, ""seaTemperatureC"": 13.06}, {""time"": ""2025-09-30T02:00:00+00:00"", ""tideMeters"": null, ""waveHeightM"": null, ""windSpeedKts"": 4.5, ""seaTemperatureC"": 12.62}, {""time"": ""2025-09-30T03:00:00+00:00"", ""tideMeters"": null, ""waveHeightM"": null, ""windSpeedKts"": 5.1, ""seaTemperatureC"": 12.19}, {""time"": ""2025-09-30T04:00:00+00:00"", ""tideMeters"": null, ""waveHeightM"": null, ""windSpeedKts"": 5.3, ""seaTemperatureC"": 11.86}, {""time"": ""2025-09-30T05:00:00+00:00"", ""tideMeters"": null, ""waveHeightM"": null, ""windSpeedKts"": 5.5, ""seaTemperatureC"": 11.52}, {""time"": ""2025-09-30T06:00:00+00:00"", ""tideMeters"": null, ""waveHeightM"": null, ""windSpeedKts"": 5.7, ""seaTemperatureC"": 11.19}, {""time"": ""2025-09-30T07:00:00+00:00"", ""tideMeters"": null, ""waveHeightM"": null, ""windSpeedKts"": 5.7, ""seaTemperatureC"": 13.75}]","[{""label"": ""Mon, Sep 29"", ""summary"": ""Balanced marine conditions expected."", ""dateLabel"": ""Mon, Sep 29"", ""waveHeightM"": 0, ""fishingScore"": 75, ""windSpeedKts"": 4.2, ""seaTemperatureC"": 18.83}, {""label"": ""Tue, Sep 30"", ""summary"": ""Balanced marine conditions expected."", ""dateLabel"": ""Tue, Sep 30"", ""waveHeightM"": 0, ""fishingScore"": 75, ""windSpeedKts"": 4.9, ""seaTemperatureC"": 12.46}]",ingest:stormglass,2025-09-29 08:01:39.650513+00
24E0,b3a30191-bbdc-4fd6-8e65-85f0bcacfd95,2025-09-29 08:01:28.786+00,19.39,,,,,,1.61,6.5,53,2025-09-29 07:20:00+00,2025-09-29 01:04:00+00,"[{""time"": ""2025-09-29T08:00:00+00:00"", ""tideMeters"": null, ""waveHeightM"": 1.61, ""windSpeedKts"": 6.5, ""seaTemperatureC"": 19.39}, {""time"": ""2025-09-29T09:00:00+00:00"", ""tideMeters"": null, ""waveHeightM"": 1.57, ""windSpeedKts"": 7, ""seaTemperatureC"": 19.4}, {""time"": ""2025-09-29T10:00:00+00:00"", ""tideMeters"": null, ""waveHeightM"": 1.54, ""windSpeedKts"": 7.5, ""seaTemperatureC"": 19.42}, {""time"": ""2025-09-29T11:00:00+00:00"", ""tideMeters"": null, ""waveHeightM"": 1.5, ""windSpeedKts"": 8.1, ""seaTemperatureC"": 19.45}, {""time"": ""2025-09-29T12:00:00+00:00"", ""tideMeters"": null, ""waveHeightM"": 1.47, ""windSpeedKts"": 8.7, ""seaTemperatureC"": 19.48}, {""time"": ""2025-09-29T13:00:00+00:00"", ""tideMeters"": null, ""waveHeightM"": 1.44, ""windSpeedKts"": 9, ""seaTemperatureC"": 19.51}, {""time"": ""2025-09-29T14:00:00+00:00"", ""tideMeters"": null, ""waveHeightM"": 1.42, ""windSpeedKts"": 9.3, ""seaTemperatureC"": 19.52}, {""time"": ""2025-09-29T15:00:00+00:00"", ""tideMeters"": null, ""waveHeightM"": 1.4, ""windSpeedKts"": 9.6, ""seaTemperatureC"": 19.52}, {""time"": ""2025-09-29T16:00:00+00:00"", ""tideMeters"": null, ""waveHeightM"": 1.41, ""windSpeedKts"": 8.7, ""seaTemperatureC"": 19.51}, {""time"": ""2025-09-29T17:00:00+00:00"", ""tideMeters"": null, ""waveHeightM"": 1.41, ""windSpeedKts"": 7.9, ""seaTemperatureC"": 19.5}, {""time"": ""2025-09-29T18:00:00+00:00"", ""tideMeters"": null, ""waveHeightM"": 1.42, ""windSpeedKts"": 7.1, ""seaTemperatureC"": 19.48}, {""time"": ""2025-09-29T19:00:00+00:00"", ""tideMeters"": null, ""waveHeightM"": 1.45, ""windSpeedKts"": 6.7, ""seaTemperatureC"": 19.45}, {""time"": ""2025-09-29T20:00:00+00:00"", ""tideMeters"": null, ""waveHeightM"": 1.47, ""windSpeedKts"": 6.2, ""seaTemperatureC"": 19.43}, {""time"": ""2025-09-29T21:00:00+00:00"", ""tideMeters"": null, ""waveHeightM"": 1.5, ""windSpeedKts"": 5.8, ""seaTemperatureC"": 19.4}, {""time"": ""2025-09-29T22:00:00+00:00"", ""tideMeters"": null, ""waveHeightM"": 1.48, ""windSpeedKts"": 5.3, ""seaTemperatureC"": 19.38}, {""time"": ""2025-09-29T23:00:00+00:00"", ""tideMeters"": null, ""waveHeightM"": 1.47, ""windSpeedKts"": 4.8, ""seaTemperatureC"": 19.35}, {""time"": ""2025-09-30T00:00:00+00:00"", ""tideMeters"": null, ""waveHeightM"": 1.45, ""windSpeedKts"": 4.4, ""seaTemperatureC"": 19.33}, {""time"": ""2025-09-30T01:00:00+00:00"", ""tideMeters"": null, ""waveHeightM"": 1.43, ""windSpeedKts"": 4.1, ""seaTemperatureC"": 19.32}, {""time"": ""2025-09-30T02:00:00+00:00"", ""tideMeters"": null, ""waveHeightM"": 1.4, ""windSpeedKts"": 3.8, ""seaTemperatureC"": 19.3}, {""time"": ""2025-09-30T03:00:00+00:00"", ""tideMeters"": null, ""waveHeightM"": 1.38, ""windSpeedKts"": 3.5, ""seaTemperatureC"": 19.29}, {""time"": ""2025-09-30T04:00:00+00:00"", ""tideMeters"": null, ""waveHeightM"": 1.35, ""windSpeedKts"": 2.8, ""seaTemperatureC"": 19.28}, {""time"": ""2025-09-30T05:00:00+00:00"", ""tideMeters"": null, ""waveHeightM"": 1.32, ""windSpeedKts"": 2.2, ""seaTemperatureC"": 19.27}, {""time"": ""2025-09-30T06:00:00+00:00"", ""tideMeters"": null, ""waveHeightM"": 1.29, ""windSpeedKts"": 1.5, ""seaTemperatureC"": 19.27}, {""time"": ""2025-09-30T07:00:00+00:00"", ""tideMeters"": null, ""waveHeightM"": 1.26, ""windSpeedKts"": 2.2, ""seaTemperatureC"": 19.28}]","[{""label"": ""Mon, Sep 29"", ""summary"": ""Balanced marine conditions expected."", ""dateLabel"": ""Mon, Sep 29"", ""waveHeightM"": 1.47, ""fishingScore"": 46, ""windSpeedKts"": 7.4, ""seaTemperatureC"": 19.45}, {""label"": ""Tue, Sep 30"", ""summary"": ""Balanced marine conditions expected."", ""dateLabel"": ""Tue, Sep 30"", ""waveHeightM"": 1.36, ""fishingScore"": 48, ""windSpeedKts"": 3.1, ""seaTemperatureC"": 19.29}]",ingest:stormglass,2025-09-29 08:01:40.425641+00
24E1,3c14d8bf-fff5-4709-9baa-e3740eb5bb49,2025-09-29 08:01:28.786+00,19.39,,,,,,1.61,11.5,83,2025-09-29 07:20:00+00,2025-09-29 01:04:00+00,"[{""time"": ""2025-09-29T08:00:00+00:00"", ""tideMeters"": null, ""waveHeightM"": 1.61, ""windSpeedKts"": 11.5, ""seaTemperatureC"": 19.39}, {""time"": ""2025-09-29T09:00:00+00:00"", ""tideMeters"": null, ""waveHeightM"": 1.57, ""windSpeedKts"": 11.3, ""seaTemperatureC"": 19.4}, {""time"": ""2025-09-29T10:00:00+00:00"", ""tideMeters"": null, ""waveHeightM"": 1.54, ""windSpeedKts"": 11.2, ""seaTemperatureC"": 19.42}, {""time"": ""2025-09-29T11:00:00+00:00"", ""tideMeters"": null, ""waveHeightM"": 1.5, ""windSpeedKts"": 11.2, ""seaTemperatureC"": 19.45}, {""time"": ""2025-09-29T12:00:00+00:00"", ""tideMeters"": null, ""waveHeightM"": 1.47, ""windSpeedKts"": 11.1, ""seaTemperatureC"": 19.48}, {""time"": ""2025-09-29T13:00:00+00:00"", ""tideMeters"": null, ""waveHeightM"": 1.44, ""windSpeedKts"": 11.9, ""seaTemperatureC"": 19.51}, {""time"": ""2025-09-29T14:00:00+00:00"", ""tideMeters"": null, ""waveHeightM"": 1.42, ""windSpeedKts"": 12.6, ""seaTemperatureC"": 19.52}, {""time"": ""2025-09-29T15:00:00+00:00"", ""tideMeters"": null, ""waveHeightM"": 1.4, ""windSpeedKts"": 13.4, ""seaTemperatureC"": 19.52}, {""time"": ""2025-09-29T16:00:00+00:00"", ""tideMeters"": null, ""waveHeightM"": 1.41, ""windSpeedKts"": 14.2, ""seaTemperatureC"": 19.51}, {""time"": ""2025-09-29T17:00:00+00:00"", ""tideMeters"": null, ""waveHeightM"": 1.41, ""windSpeedKts"": 15.1, ""seaTemperatureC"": 19.5}, {""time"": ""2025-09-29T18:00:00+00:00"", ""tideMeters"": null, ""waveHeightM"": 1.42, ""windSpeedKts"": 16, ""seaTemperatureC"": 19.48}, {""time"": ""2025-09-29T19:00:00+00:00"", ""tideMeters"": null, ""waveHeightM"": 1.45, ""windSpeedKts"": 16.7, ""seaTemperatureC"": 19.45}, {""time"": ""2025-09-29T20:00:00+00:00"", ""tideMeters"": null, ""waveHeightM"": 1.47, ""windSpeedKts"": 17.4, ""seaTemperatureC"": 19.43}, {""time"": ""2025-09-29T21:00:00+00:00"", ""tideMeters"": null, ""waveHeightM"": 1.5, ""windSpeedKts"": 18.1, ""seaTemperatureC"": 19.4}, {""time"": ""2025-09-29T22:00:00+00:00"", ""tideMeters"": null, ""waveHeightM"": 1.48, ""windSpeedKts"": 17.7, ""seaTemperatureC"": 19.38}, {""time"": ""2025-09-29T23:00:00+00:00"", ""tideMeters"": null, ""waveHeightM"": 1.47, ""windSpeedKts"": 17.4, ""seaTemperatureC"": 19.35}, {""time"": ""2025-09-30T00:00:00+00:00"", ""tideMeters"": null, ""waveHeightM"": 1.45, ""windSpeedKts"": 17, ""seaTemperatureC"": 19.33}, {""time"": ""2025-09-30T01:00:00+00:00"", ""tideMeters"": null, ""waveHeightM"": 1.43, ""windSpeedKts"": 16, ""seaTemperatureC"": 19.32}, {""time"": ""2025-09-30T02:00:00+00:00"", ""tideMeters"": null, ""waveHeightM"": 1.4, ""windSpeedKts"": 14.9, ""seaTemperatureC"": 19.3}, {""time"": ""2025-09-30T03:00:00+00:00"", ""tideMeters"": null, ""waveHeightM"": 1.38, ""windSpeedKts"": 13.8, ""seaTemperatureC"": 19.29}, {""time"": ""2025-09-30T04:00:00+00:00"", ""tideMeters"": null, ""waveHeightM"": 1.35, ""windSpeedKts"": 13.7, ""seaTemperatureC"": 19.28}, {""time"": ""2025-09-30T05:00:00+00:00"", ""tideMeters"": null, ""waveHeightM"": 1.32, ""windSpeedKts"": 13.6, ""seaTemperatureC"": 19.27}, {""time"": ""2025-09-30T06:00:00+00:00"", ""tideMeters"": null, ""waveHeightM"": 1.29, ""windSpeedKts"": 13.5, ""seaTemperatureC"": 19.27}, {""time"": ""2025-09-30T07:00:00+00:00"", ""tideMeters"": null, ""waveHeightM"": 1.26, ""windSpeedKts"": 13.2, ""seaTemperatureC"": 19.28}]","[{""label"": ""Mon, Sep 29"", ""summary"": ""Balanced marine conditions expected."", ""dateLabel"": ""Mon, Sep 29"", ""waveHeightM"": 1.47, ""fishingScore"": 46, ""windSpeedKts"": 14.2, ""seaTemperatureC"": 19.45}, {""label"": ""Tue, Sep 30"", ""summary"": ""Balanced marine conditions expected."", ""dateLabel"": ""Tue, Sep 30"", ""waveHeightM"": 1.36, ""fishingScore"": 48, ""windSpeedKts"": 14.5, ""seaTemperatureC"": 19.29}]",ingest:stormglass,2025-09-29 08:01:41.29578+00
24E2,d342c66e-2b19-4f36-976b-c03041a72c7b,2025-09-29 08:01:28.786+00,19.34,,,,,,1.58,11.6,70,2025-09-29 07:25:00+00,2025-09-29 01:01:00+00,"[{""time"": ""2025-09-29T08:00:00+00:00"", ""tideMeters"": null, ""waveHeightM"": 1.58, ""windSpeedKts"": 11.6, ""seaTemperatureC"": 19.34}, {""time"": ""2025-09-29T09:00:00+00:00"", ""tideMeters"": null, ""waveHeightM"": 1.54, ""windSpeedKts"": 11.2, ""seaTemperatureC"": 19.38}, {""time"": ""2025-09-29T10:00:00+00:00"", ""tideMeters"": null, ""waveHeightM"": 1.49, ""windSpeedKts"": 11.3, ""seaTemperatureC"": 19.39}, {""time"": ""2025-09-29T11:00:00+00:00"", ""tideMeters"": null, ""waveHeightM"": 1.45, ""windSpeedKts"": 11.3, ""seaTemperatureC"": 19.41}, {""time"": ""2025-09-29T12:00:00+00:00"", ""tideMeters"": null, ""waveHeightM"": 1.4, ""windSpeedKts"": 11.3, ""seaTemperatureC"": 19.43}, {""time"": ""2025-09-29T13:00:00+00:00"", ""tideMeters"": null, ""waveHeightM"": 1.37, ""windSpeedKts"": 11.7, ""seaTemperatureC"": 19.44}, {""time"": ""2025-09-29T14:00:00+00:00"", ""tideMeters"": null, ""waveHeightM"": 1.35, ""windSpeedKts"": 12.1, ""seaTemperatureC"": 19.44}, {""time"": ""2025-09-29T15:00:00+00:00"", ""tideMeters"": null, ""waveHeightM"": 1.32, ""windSpeedKts"": 12.5, ""seaTemperatureC"": 19.43}, {""time"": ""2025-09-29T16:00:00+00:00"", ""tideMeters"": null, ""waveHeightM"": 1.33, ""windSpeedKts"": 12.8, ""seaTemperatureC"": 19.41}, {""time"": ""2025-09-29T17:00:00+00:00"", ""tideMeters"": null, ""waveHeightM"": 1.34, ""windSpeedKts"": 13.1, ""seaTemperatureC"": 19.38}, {""time"": ""2025-09-29T18:00:00+00:00"", ""tideMeters"": null, ""waveHeightM"": 1.35, ""windSpeedKts"": 13.4, ""seaTemperatureC"": 19.35}, {""time"": ""2025-09-29T19:00:00+00:00"", ""tideMeters"": null, ""waveHeightM"": 1.38, ""windSpeedKts"": 13.9, ""seaTemperatureC"": 19.33}, {""time"": ""2025-09-29T20:00:00+00:00"", ""tideMeters"": null, ""waveHeightM"": 1.41, ""windSpeedKts"": 14.5, ""seaTemperatureC"": 19.33}, {""time"": ""2025-09-29T21:00:00+00:00"", ""tideMeters"": null, ""waveHeightM"": 1.44, ""windSpeedKts"": 15, ""seaTemperatureC"": 19.34}, {""time"": ""2025-09-29T22:00:00+00:00"", ""tideMeters"": null, ""waveHeightM"": 1.44, ""windSpeedKts"": 14.9, ""seaTemperatureC"": 19.36}, {""time"": ""2025-09-29T23:00:00+00:00"", ""tideMeters"": null, ""waveHeightM"": 1.44, ""windSpeedKts"": 14.7, ""seaTemperatureC"": 19.36}, {""time"": ""2025-09-30T00:00:00+00:00"", ""tideMeters"": null, ""waveHeightM"": 1.45, ""windSpeedKts"": 14.6, ""seaTemperatureC"": 19.35}, {""time"": ""2025-09-30T01:00:00+00:00"", ""tideMeters"": null, ""waveHeightM"": 1.42, ""windSpeedKts"": 13.9, ""seaTemperatureC"": 19.33}, {""time"": ""2025-09-30T02:00:00+00:00"", ""tideMeters"": null, ""waveHeightM"": 1.4, ""windSpeedKts"": 13.3, ""seaTemperatureC"": 19.32}, {""time"": ""2025-09-30T03:00:00+00:00"", ""tideMeters"": null, ""waveHeightM"": 1.37, ""windSpeedKts"": 12.6, ""seaTemperatureC"": 19.3}, {""time"": ""2025-09-30T04:00:00+00:00"", ""tideMeters"": null, ""waveHeightM"": 1.36, ""windSpeedKts"": 12.6, ""seaTemperatureC"": 19.28}, {""time"": ""2025-09-30T05:00:00+00:00"", ""tideMeters"": null, ""waveHeightM"": 1.35, ""windSpeedKts"": 12.6, ""seaTemperatureC"": 19.26}, {""time"": ""2025-09-30T06:00:00+00:00"", ""tideMeters"": null, ""waveHeightM"": 1.34, ""windSpeedKts"": 12.6, ""seaTemperatureC"": 19.25}, {""time"": ""2025-09-30T07:00:00+00:00"", ""tideMeters"": null, ""waveHeightM"": 1.34, ""windSpeedKts"": 13.3, ""seaTemperatureC"": 19.23}]","[{""label"": ""Mon, Sep 29"", ""summary"": ""Balanced marine conditions expected."", ""dateLabel"": ""Mon, Sep 29"", ""waveHeightM"": 1.41, ""fishingScore"": 47, ""windSpeedKts"": 12.8, ""seaTemperatureC"": 19.38}, {""label"": ""Tue, Sep 30"", ""summary"": ""Balanced marine conditions expected."", ""dateLabel"": ""Tue, Sep 30"", ""waveHeightM"": 1.38, ""fishingScore"": 47, ""windSpeedKts"": 13.2, ""seaTemperatureC"": 19.29}]",ingest:stormglass,2025-09-29 08:01:42.262092+00
25C8,04028647-32f9-4b1f-ae13-4c64fa3abfc3,2025-09-29 08:01:28.786+00,11.12,,,,,,,7.1,174,2025-09-29 09:31:00+00,2025-09-29 02:56:00+00,"[{""time"": ""2025-09-29T08:00:00+00:00"", ""tideMeters"": null, ""waveHeightM"": null, ""windSpeedKts"": 7.1, ""seaTemperatureC"": 11.12}, {""time"": ""2025-09-29T09:00:00+00:00"", ""tideMeters"": null, ""waveHeightM"": null, ""windSpeedKts"": 8, ""seaTemperatureC"": 12.07}, {""time"": ""2025-09-29T10:00:00+00:00"", ""tideMeters"": null, ""waveHeightM"": null, ""windSpeedKts"": 9, ""seaTemperatureC"": 13.7}, {""time"": ""2025-09-29T11:00:00+00:00"", ""tideMeters"": null, ""waveHeightM"": null, ""windSpeedKts"": 10, ""seaTemperatureC"": 15.34}, {""time"": ""2025-09-29T12:00:00+00:00"", ""tideMeters"": null, ""waveHeightM"": null, ""windSpeedKts"": 11.1, ""seaTemperatureC"": 16.97}, {""time"": ""2025-09-29T13:00:00+00:00"", ""tideMeters"": null, ""waveHeightM"": null, ""windSpeedKts"": 9.7, ""seaTemperatureC"": 16.43}, {""time"": ""2025-09-29T14:00:00+00:00"", ""tideMeters"": null, ""waveHeightM"": null, ""windSpeedKts"": 8.3, ""seaTemperatureC"": 15.89}, {""time"": ""2025-09-29T15:00:00+00:00"", ""tideMeters"": null, ""waveHeightM"": null, ""windSpeedKts"": 6.9, ""seaTemperatureC"": 15.35}, {""time"": ""2025-09-29T16:00:00+00:00"", ""tideMeters"": null, ""waveHeightM"": null, ""windSpeedKts"": 6.8, ""seaTemperatureC"": 14.27}, {""time"": ""2025-09-29T17:00:00+00:00"", ""tideMeters"": null, ""waveHeightM"": null, ""windSpeedKts"": 6.8, ""seaTemperatureC"": 13.18}, {""time"": ""2025-09-29T18:00:00+00:00"", ""tideMeters"": null, ""waveHeightM"": null, ""windSpeedKts"": 6.7, ""seaTemperatureC"": 12.1}, {""time"": ""2025-09-29T19:00:00+00:00"", ""tideMeters"": null, ""waveHeightM"": null, ""windSpeedKts"": 7.2, ""seaTemperatureC"": 12.12}, {""time"": ""2025-09-29T20:00:00+00:00"", ""tideMeters"": null, ""waveHeightM"": null, ""windSpeedKts"": 7.7, ""seaTemperatureC"": 12.14}, {""time"": ""2025-09-29T21:00:00+00:00"", ""tideMeters"": null, ""waveHeightM"": null, ""windSpeedKts"": 8.3, ""seaTemperatureC"": 12.16}, {""time"": ""2025-09-29T22:00:00+00:00"", ""tideMeters"": null, ""waveHeightM"": null, ""windSpeedKts"": 8.7, ""seaTemperatureC"": 12.24}, {""time"": ""2025-09-29T23:00:00+00:00"", ""tideMeters"": null, ""waveHeightM"": null, ""windSpeedKts"": 9.1, ""seaTemperatureC"": 12.31}, {""time"": ""2025-09-30T00:00:00+00:00"", ""tideMeters"": null, ""waveHeightM"": null, ""windSpeedKts"": 9.5, ""seaTemperatureC"": 12.39}, {""time"": ""2025-09-30T01:00:00+00:00"", ""tideMeters"": null, ""waveHeightM"": null, ""windSpeedKts"": 9.5, ""seaTemperatureC"": 11.96}, {""time"": ""2025-09-30T02:00:00+00:00"", ""tideMeters"": null, ""waveHeightM"": null, ""windSpeedKts"": 9.6, ""seaTemperatureC"": 11.52}, {""time"": ""2025-09-30T03:00:00+00:00"", ""tideMeters"": null, ""waveHeightM"": null, ""windSpeedKts"": 9.6, ""seaTemperatureC"": 11.09}, {""time"": ""2025-09-30T04:00:00+00:00"", ""tideMeters"": null, ""waveHeightM"": null, ""windSpeedKts"": 9.5, ""seaTemperatureC"": 11.49}, {""time"": ""2025-09-30T05:00:00+00:00"", ""tideMeters"": null, ""waveHeightM"": null, ""windSpeedKts"": 9.4, ""seaTemperatureC"": 11.89}, {""time"": ""2025-09-30T06:00:00+00:00"", ""tideMeters"": null, ""waveHeightM"": null, ""windSpeedKts"": 9.3, ""seaTemperatureC"": 12.29}, {""time"": ""2025-09-30T07:00:00+00:00"", ""tideMeters"": null, ""waveHeightM"": null, ""windSpeedKts"": 9.4, ""seaTemperatureC"": 13.19}]","[{""label"": ""Mon, Sep 29"", ""summary"": ""Balanced marine conditions expected."", ""dateLabel"": ""Mon, Sep 29"", ""waveHeightM"": 0, ""fishingScore"": 75, ""windSpeedKts"": 8.2, ""seaTemperatureC"": 13.59}, {""label"": ""Tue, Sep 30"", ""summary"": ""Balanced marine conditions expected."", ""dateLabel"": ""Tue, Sep 30"", ""waveHeightM"": 0, ""fishingScore"": 75, ""windSpeedKts"": 9.5, ""seaTemperatureC"": 11.98}]",ingest:stormglass,2025-09-29 08:01:43.116459+00
25D7,582d5166-13ae-4693-abc7-390ac8ad6737,2025-09-29 08:01:28.786+00,16.65,,,,,,,5.5,63,2025-09-29 06:48:00+00,2025-09-29 00:20:00+00,"[{""time"": ""2025-09-29T08:00:00+00:00"", ""tideMeters"": null, ""waveHeightM"": null, ""windSpeedKts"": 5.5, ""seaTemperatureC"": 16.65}, {""time"": ""2025-09-29T09:00:00+00:00"", ""tideMeters"": null, ""waveHeightM"": null, ""windSpeedKts"": 5.7, ""seaTemperatureC"": 19.47}, {""time"": ""2025-09-29T10:00:00+00:00"", ""tideMeters"": null, ""waveHeightM"": null, ""windSpeedKts"": 6.3, ""seaTemperatureC"": 21.67}, {""time"": ""2025-09-29T11:00:00+00:00"", ""tideMeters"": null, ""waveHeightM"": null, ""windSpeedKts"": 6.9, ""seaTemperatureC"": 23.87}, {""time"": ""2025-09-29T12:00:00+00:00"", ""tideMeters"": null, ""waveHeightM"": null, ""windSpeedKts"": 7.5, ""seaTemperatureC"": 26.07}, {""time"": ""2025-09-29T13:00:00+00:00"", ""tideMeters"": null, ""waveHeightM"": null, ""windSpeedKts"": 6.7, ""seaTemperatureC"": 26.06}, {""time"": ""2025-09-29T14:00:00+00:00"", ""tideMeters"": null, ""waveHeightM"": null, ""windSpeedKts"": 5.9, ""seaTemperatureC"": 26.06}, {""time"": ""2025-09-29T15:00:00+00:00"", ""tideMeters"": null, ""waveHeightM"": null, ""windSpeedKts"": 5.2, ""seaTemperatureC"": 26.05}, {""time"": ""2025-09-29T16:00:00+00:00"", ""tideMeters"": null, ""waveHeightM"": null, ""windSpeedKts"": 3.9, ""seaTemperatureC"": 22.97}, {""time"": ""2025-09-29T17:00:00+00:00"", ""tideMeters"": null, ""waveHeightM"": null, ""windSpeedKts"": 2.5, ""seaTemperatureC"": 19.88}, {""time"": ""2025-09-29T18:00:00+00:00"", ""tideMeters"": null, ""waveHeightM"": null, ""windSpeedKts"": 1.2, ""seaTemperatureC"": 16.8}, {""time"": ""2025-09-29T19:00:00+00:00"", ""tideMeters"": null, ""waveHeightM"": null, ""windSpeedKts"": 2.1, ""seaTemperatureC"": 16.05}, {""time"": ""2025-09-29T20:00:00+00:00"", ""tideMeters"": null, ""waveHeightM"": null, ""windSpeedKts"": 3, ""seaTemperatureC"": 15.31}, {""time"": ""2025-09-29T21:00:00+00:00"", ""tideMeters"": null, ""waveHeightM"": null, ""windSpeedKts"": 3.8, ""seaTemperatureC"": 14.56}, {""time"": ""2025-09-29T22:00:00+00:00"", ""tideMeters"": null, ""waveHeightM"": null, ""windSpeedKts"": 4.4, ""seaTemperatureC"": 14.3}, {""time"": ""2025-09-29T23:00:00+00:00"", ""tideMeters"": null, ""waveHeightM"": null, ""windSpeedKts"": 4.9, ""seaTemperatureC"": 14.05}, {""time"": ""2025-09-30T00:00:00+00:00"", ""tideMeters"": null, ""waveHeightM"": null, ""windSpeedKts"": 5.4, ""seaTemperatureC"": 13.79}, {""time"": ""2025-09-30T01:00:00+00:00"", ""tideMeters"": null, ""waveHeightM"": null, ""windSpeedKts"": 5.5, ""seaTemperatureC"": 13.29}, {""time"": ""2025-09-30T02:00:00+00:00"", ""tideMeters"": null, ""waveHeightM"": null, ""windSpeedKts"": 5.7, ""seaTemperatureC"": 12.79}, {""time"": ""2025-09-30T03:00:00+00:00"", ""tideMeters"": null, ""waveHeightM"": null, ""windSpeedKts"": 5.8, ""seaTemperatureC"": 12.29}, {""time"": ""2025-09-30T04:00:00+00:00"", ""tideMeters"": null, ""waveHeightM"": null, ""windSpeedKts"": 5.8, ""seaTemperatureC"": 12.06}, {""time"": ""2025-09-30T05:00:00+00:00"", ""tideMeters"": null, ""waveHeightM"": null, ""windSpeedKts"": 5.9, ""seaTemperatureC"": 11.82}, {""time"": ""2025-09-30T06:00:00+00:00"", ""tideMeters"": null, ""waveHeightM"": null, ""windSpeedKts"": 5.9, ""seaTemperatureC"": 11.59}, {""time"": ""2025-09-30T07:00:00+00:00"", ""tideMeters"": null, ""waveHeightM"": null, ""windSpeedKts"": 5.9, ""seaTemperatureC"": 14.25}]","[{""label"": ""Mon, Sep 29"", ""summary"": ""Balanced marine conditions expected."", ""dateLabel"": ""Mon, Sep 29"", ""waveHeightM"": 0, ""fishingScore"": 75, ""windSpeedKts"": 4.7, ""seaTemperatureC"": 19.99}, {""label"": ""Tue, Sep 30"", ""summary"": ""Balanced marine conditions expected."", ""dateLabel"": ""Tue, Sep 30"", ""waveHeightM"": 0, ""fishingScore"": 75, ""windSpeedKts"": 5.7, ""seaTemperatureC"": 12.73}]",ingest:stormglass,2025-09-29 08:01:43.838422+00
25D8,0195d0eb-aeda-458e-a021-547045ad61e6,2025-09-29 08:01:28.786+00,14.99,,,,,,0.2,6.6,165,2025-09-29 06:20:00+00,2025-09-29 00:12:00+00,"[{""time"": ""2025-09-29T08:00:00+00:00"", ""tideMeters"": null, ""waveHeightM"": 0.2, ""windSpeedKts"": 6.6, ""seaTemperatureC"": 14.99}, {""time"": ""2025-09-29T09:00:00+00:00"", ""tideMeters"": null, ""waveHeightM"": 0.21, ""windSpeedKts"": 7.2, ""seaTemperatureC"": 14.99}, {""time"": ""2025-09-29T10:00:00+00:00"", ""tideMeters"": null, ""waveHeightM"": 0.22, ""windSpeedKts"": 8.8, ""seaTemperatureC"": 14.99}, {""time"": ""2025-09-29T11:00:00+00:00"", ""tideMeters"": null, ""waveHeightM"": 0.26, ""windSpeedKts"": 10.4, ""seaTemperatureC"": 14.99}, {""time"": ""2025-09-29T12:00:00+00:00"", ""tideMeters"": null, ""waveHeightM"": 0.32, ""windSpeedKts"": 12.1, ""seaTemperatureC"": 15}, {""time"": ""2025-09-29T13:00:00+00:00"", ""tideMeters"": null, ""waveHeightM"": 0.37, ""windSpeedKts"": 11.6, ""seaTemperatureC"": 15}, {""time"": ""2025-09-29T14:00:00+00:00"", ""tideMeters"": null, ""waveHeightM"": 0.39, ""windSpeedKts"": 11.2, ""seaTemperatureC"": 15}, {""time"": ""2025-09-29T15:00:00+00:00"", ""tideMeters"": null, ""waveHeightM"": 0.39, ""windSpeedKts"": 10.7, ""seaTemperatureC"": 15}, {""time"": ""2025-09-29T16:00:00+00:00"", ""tideMeters"": null, ""waveHeightM"": 0.38, ""windSpeedKts"": 9.7, ""seaTemperatureC"": 14.99}, {""time"": ""2025-09-29T17:00:00+00:00"", ""tideMeters"": null, ""waveHeightM"": 0.36, ""windSpeedKts"": 8.6, ""seaTemperatureC"": 14.99}, {""time"": ""2025-09-29T18:00:00+00:00"", ""tideMeters"": null, ""waveHeightM"": 0.34, ""windSpeedKts"": 7.6, ""seaTemperatureC"": 14.99}, {""time"": ""2025-09-29T19:00:00+00:00"", ""tideMeters"": null, ""waveHeightM"": 0.33, ""windSpeedKts"": 8.1, ""seaTemperatureC"": 14.99}, {""time"": ""2025-09-29T20:00:00+00:00"", ""tideMeters"": null, ""waveHeightM"": 0.33, ""windSpeedKts"": 8.7, ""seaTemperatureC"": 14.98}, {""time"": ""2025-09-29T21:00:00+00:00"", ""tideMeters"": null, ""waveHeightM"": 0.34, ""windSpeedKts"": 9.2, ""seaTemperatureC"": 14.98}, {""time"": ""2025-09-29T22:00:00+00:00"", ""tideMeters"": null, ""waveHeightM"": 0.35, ""windSpeedKts"": 9.2, ""seaTemperatureC"": 14.98}, {""time"": ""2025-09-29T23:00:00+00:00"", ""tideMeters"": null, ""waveHeightM"": 0.36, ""windSpeedKts"": 9.2, ""seaTemperatureC"": 14.97}, {""time"": ""2025-09-30T00:00:00+00:00"", ""tideMeters"": null, ""waveHeightM"": 0.36, ""windSpeedKts"": 9.2, ""seaTemperatureC"": 14.97}, {""time"": ""2025-09-30T01:00:00+00:00"", ""tideMeters"": null, ""waveHeightM"": 0.37, ""windSpeedKts"": 8.9, ""seaTemperatureC"": 14.97}, {""time"": ""2025-09-30T02:00:00+00:00"", ""tideMeters"": null, ""waveHeightM"": 0.37, ""windSpeedKts"": 8.6, ""seaTemperatureC"": 14.97}, {""time"": ""2025-09-30T03:00:00+00:00"", ""tideMeters"": null, ""waveHeightM"": 0.37, ""windSpeedKts"": 8.2, ""seaTemperatureC"": 14.97}, {""time"": ""2025-09-30T04:00:00+00:00"", ""tideMeters"": null, ""waveHeightM"": 0.36, ""windSpeedKts"": 8.1, ""seaTemperatureC"": 14.97}, {""time"": ""2025-09-30T05:00:00+00:00"", ""tideMeters"": null, ""waveHeightM"": 0.36, ""windSpeedKts"": 8, ""seaTemperatureC"": 14.96}, {""time"": ""2025-09-30T06:00:00+00:00"", ""tideMeters"": null, ""waveHeightM"": 0.36, ""windSpeedKts"": 8, ""seaTemperatureC"": 14.96}, {""time"": ""2025-09-30T07:00:00+00:00"", ""tideMeters"": null, ""waveHeightM"": 0.36, ""windSpeedKts"": 8.3, ""seaTemperatureC"": 14.96}]","[{""label"": ""Mon, Sep 29"", ""summary"": ""Calm seas and light winds—ideal for most fishing styles."", ""dateLabel"": ""Mon, Sep 29"", ""waveHeightM"": 0.32, ""fishingScore"": 69, ""windSpeedKts"": 9.3, ""seaTemperatureC"": 14.99}, {""label"": ""Tue, Sep 30"", ""summary"": ""Calm seas and light winds—ideal for most fishing styles."", ""dateLabel"": ""Tue, Sep 30"", ""waveHeightM"": 0.36, ""fishingScore"": 68, ""windSpeedKts"": 8.4, ""seaTemperatureC"": 14.97}]",ingest:stormglass,2025-09-29 08:01:44.67485+00
25D9,6b109aed-4061-4f94-ac35-9bb693c86aa9,2025-09-29 08:01:28.786+00,15.05,,,,,,1.67,17.9,205,2025-09-29 09:21:00+00,2025-09-29 02:44:00+00,"[{""time"": ""2025-09-29T08:00:00+00:00"", ""tideMeters"": null, ""waveHeightM"": 1.67, ""windSpeedKts"": 17.9, ""seaTemperatureC"": 15.05}, {""time"": ""2025-09-29T09:00:00+00:00"", ""tideMeters"": null, ""waveHeightM"": 1.7, ""windSpeedKts"": 18.3, ""seaTemperatureC"": 15.05}, {""time"": ""2025-09-29T10:00:00+00:00"", ""tideMeters"": null, ""waveHeightM"": 1.72, ""windSpeedKts"": 18.6, ""seaTemperatureC"": 15.05}, {""time"": ""2025-09-29T11:00:00+00:00"", ""tideMeters"": null, ""waveHeightM"": 1.74, ""windSpeedKts"": 18.9, ""seaTemperatureC"": 15.06}, {""time"": ""2025-09-29T12:00:00+00:00"", ""tideMeters"": null, ""waveHeightM"": 1.76, ""windSpeedKts"": 19.1, ""seaTemperatureC"": 15.05}, {""time"": ""2025-09-29T13:00:00+00:00"", ""tideMeters"": null, ""waveHeightM"": 1.8, ""windSpeedKts"": 19.3, ""seaTemperatureC"": 15.05}, {""time"": ""2025-09-29T14:00:00+00:00"", ""tideMeters"": null, ""waveHeightM"": 1.86, ""windSpeedKts"": 19.5, ""seaTemperatureC"": 15.04}, {""time"": ""2025-09-29T15:00:00+00:00"", ""tideMeters"": null, ""waveHeightM"": 1.93, ""windSpeedKts"": 19.7, ""seaTemperatureC"": 15.04}, {""time"": ""2025-09-29T16:00:00+00:00"", ""tideMeters"": null, ""waveHeightM"": 2.02, ""windSpeedKts"": 20.2, ""seaTemperatureC"": 15.04}, {""time"": ""2025-09-29T17:00:00+00:00"", ""tideMeters"": null, ""waveHeightM"": 2.11, ""windSpeedKts"": 20.8, ""seaTemperatureC"": 15.04}, {""time"": ""2025-09-29T18:00:00+00:00"", ""tideMeters"": null, ""waveHeightM"": 2.2, ""windSpeedKts"": 21.3, ""seaTemperatureC"": 15.04}, {""time"": ""2025-09-29T19:00:00+00:00"", ""tideMeters"": null, ""waveHeightM"": 2.27, ""windSpeedKts"": 20.3, ""seaTemperatureC"": 15.03}, {""time"": ""2025-09-29T20:00:00+00:00"", ""tideMeters"": null, ""waveHeightM"": 2.35, ""windSpeedKts"": 19.2, ""seaTemperatureC"": 15.03}, {""time"": ""2025-09-29T21:00:00+00:00"", ""tideMeters"": null, ""waveHeightM"": 2.44, ""windSpeedKts"": 18.1, ""seaTemperatureC"": 15.03}, {""time"": ""2025-09-29T22:00:00+00:00"", ""tideMeters"": null, ""waveHeightM"": 2.55, ""windSpeedKts"": 18.4, ""seaTemperatureC"": 15.02}, {""time"": ""2025-09-29T23:00:00+00:00"", ""tideMeters"": null, ""waveHeightM"": 2.66, ""windSpeedKts"": 18.6, ""seaTemperatureC"": 15.02}, {""time"": ""2025-09-30T00:00:00+00:00"", ""tideMeters"": null, ""waveHeightM"": 2.73, ""windSpeedKts"": 18.9, ""seaTemperatureC"": 15.02}, {""time"": ""2025-09-30T01:00:00+00:00"", ""tideMeters"": null, ""waveHeightM"": 2.75, ""windSpeedKts"": 18.4, ""seaTemperatureC"": 15.02}, {""time"": ""2025-09-30T02:00:00+00:00"", ""tideMeters"": null, ""waveHeightM"": 2.72, ""windSpeedKts"": 17.9, ""seaTemperatureC"": 15.01}, {""time"": ""2025-09-30T03:00:00+00:00"", ""tideMeters"": null, ""waveHeightM"": 2.66, ""windSpeedKts"": 17.4, ""seaTemperatureC"": 15.01}, {""time"": ""2025-09-30T04:00:00+00:00"", ""tideMeters"": null, ""waveHeightM"": 2.59, ""windSpeedKts"": 17.1, ""seaTemperatureC"": 15.01}, {""time"": ""2025-09-30T05:00:00+00:00"", ""tideMeters"": null, ""waveHeightM"": 2.52, ""windSpeedKts"": 16.8, ""seaTemperatureC"": 15.01}, {""time"": ""2025-09-30T06:00:00+00:00"", ""tideMeters"": null, ""waveHeightM"": 2.46, ""windSpeedKts"": 16.5, ""seaTemperatureC"": 15.01}, {""time"": ""2025-09-30T07:00:00+00:00"", ""tideMeters"": null, ""waveHeightM"": 2.41, ""windSpeedKts"": 16.3, ""seaTemperatureC"": 15.01}]","[{""label"": ""Mon, Sep 29"", ""summary"": ""Choppy water—plan cautiously and adjust tackle."", ""dateLabel"": ""Mon, Sep 29"", ""waveHeightM"": 2.05, ""fishingScore"": 25, ""windSpeedKts"": 19.3, ""seaTemperatureC"": 15.04}, {""label"": ""Tue, Sep 30"", ""summary"": ""Choppy water—plan cautiously and adjust tackle."", ""dateLabel"": ""Tue, Sep 30"", ""waveHeightM"": 2.6, ""fishingScore"": 18, ""windSpeedKts"": 17.4, ""seaTemperatureC"": 15.01}]",ingest:stormglass,2025-09-29 08:01:45.757984+00
25E0,ac927921-b456-4869-ae27-4ea259305d46,2025-09-29 08:01:28.786+00,19.86,,,,,,1.43,1.7,66,2025-09-29 07:20:00+00,2025-09-29 01:04:00+00,"[{""time"": ""2025-09-29T08:00:00+00:00"", ""tideMeters"": null, ""waveHeightM"": 1.43, ""windSpeedKts"": 1.7, ""seaTemperatureC"": 19.86}, {""time"": ""2025-09-29T09:00:00+00:00"", ""tideMeters"": null, ""waveHeightM"": 1.4, ""windSpeedKts"": 2, ""seaTemperatureC"": 19.88}, {""time"": ""2025-09-29T10:00:00+00:00"", ""tideMeters"": null, ""waveHeightM"": 1.37, ""windSpeedKts"": 2.9, ""seaTemperatureC"": 19.91}, {""time"": ""2025-09-29T11:00:00+00:00"", ""tideMeters"": null, ""waveHeightM"": 1.33, ""windSpeedKts"": 3.8, ""seaTemperatureC"": 19.96}, {""time"": ""2025-09-29T12:00:00+00:00"", ""tideMeters"": null, ""waveHeightM"": 1.3, ""windSpeedKts"": 4.7, ""seaTemperatureC"": 20.01}, {""time"": ""2025-09-29T13:00:00+00:00"", ""tideMeters"": null, ""waveHeightM"": 1.28, ""windSpeedKts"": 4.9, ""seaTemperatureC"": 20.05}, {""time"": ""2025-09-29T14:00:00+00:00"", ""tideMeters"": null, ""waveHeightM"": 1.25, ""windSpeedKts"": 5.1, ""seaTemperatureC"": 20.06}, {""time"": ""2025-09-29T15:00:00+00:00"", ""tideMeters"": null, ""waveHeightM"": 1.23, ""windSpeedKts"": 5.2, ""seaTemperatureC"": 20.04}, {""time"": ""2025-09-29T16:00:00+00:00"", ""tideMeters"": null, ""waveHeightM"": 1.24, ""windSpeedKts"": 5.1, ""seaTemperatureC"": 20.01}, {""time"": ""2025-09-29T17:00:00+00:00"", ""tideMeters"": null, ""waveHeightM"": 1.24, ""windSpeedKts"": 5, ""seaTemperatureC"": 19.98}, {""time"": ""2025-09-29T18:00:00+00:00"", ""tideMeters"": null, ""waveHeightM"": 1.24, ""windSpeedKts"": 4.8, ""seaTemperatureC"": 19.95}, {""time"": ""2025-09-29T19:00:00+00:00"", ""tideMeters"": null, ""waveHeightM"": 1.25, ""windSpeedKts"": 3.8, ""seaTemperatureC"": 19.92}, {""time"": ""2025-09-29T20:00:00+00:00"", ""tideMeters"": null, ""waveHeightM"": 1.25, ""windSpeedKts"": 2.9, ""seaTemperatureC"": 19.91}, {""time"": ""2025-09-29T21:00:00+00:00"", ""tideMeters"": null, ""waveHeightM"": 1.25, ""windSpeedKts"": 1.9, ""seaTemperatureC"": 19.89}, {""time"": ""2025-09-29T22:00:00+00:00"", ""tideMeters"": null, ""waveHeightM"": 1.24, ""windSpeedKts"": 1.7, ""seaTemperatureC"": 19.88}, {""time"": ""2025-09-29T23:00:00+00:00"", ""tideMeters"": null, ""waveHeightM"": 1.23, ""windSpeedKts"": 1.5, ""seaTemperatureC"": 19.87}, {""time"": ""2025-09-30T00:00:00+00:00"", ""tideMeters"": null, ""waveHeightM"": 1.22, ""windSpeedKts"": 1.3, ""seaTemperatureC"": 19.86}, {""time"": ""2025-09-30T01:00:00+00:00"", ""tideMeters"": null, ""waveHeightM"": 1.21, ""windSpeedKts"": 1.5, ""seaTemperatureC"": 19.85}, {""time"": ""2025-09-30T02:00:00+00:00"", ""tideMeters"": null, ""waveHeightM"": 1.19, ""windSpeedKts"": 1.7, ""seaTemperatureC"": 19.84}, {""time"": ""2025-09-30T03:00:00+00:00"", ""tideMeters"": null, ""waveHeightM"": 1.18, ""windSpeedKts"": 2, ""seaTemperatureC"": 19.84}, {""time"": ""2025-09-30T04:00:00+00:00"", ""tideMeters"": null, ""waveHeightM"": 1.16, ""windSpeedKts"": 1.7, ""seaTemperatureC"": 19.84}, {""time"": ""2025-09-30T05:00:00+00:00"", ""tideMeters"": null, ""waveHeightM"": 1.14, ""windSpeedKts"": 1.5, ""seaTemperatureC"": 19.83}, {""time"": ""2025-09-30T06:00:00+00:00"", ""tideMeters"": null, ""waveHeightM"": 1.12, ""windSpeedKts"": 1.2, ""seaTemperatureC"": 19.83}, {""time"": ""2025-09-30T07:00:00+00:00"", ""tideMeters"": null, ""waveHeightM"": 1.09, ""windSpeedKts"": 1.3, ""seaTemperatureC"": 19.83}]","[{""label"": ""Mon, Sep 29"", ""summary"": ""Balanced marine conditions expected."", ""dateLabel"": ""Mon, Sep 29"", ""waveHeightM"": 1.28, ""fishingScore"": 49, ""windSpeedKts"": 3.6, ""seaTemperatureC"": 19.95}, {""label"": ""Tue, Sep 30"", ""summary"": ""Balanced marine conditions expected."", ""dateLabel"": ""Tue, Sep 30"", ""waveHeightM"": 1.16, ""fishingScore"": 52, ""windSpeedKts"": 1.5, ""seaTemperatureC"": 19.84}]",ingest:stormglass,2025-09-29 08:01:46.541101+00
25E1,95a97458-3067-4b28-a182-a0a1e4d311f1,2025-09-29 08:01:28.786+00,19.86,,,,,,1.43,7.3,70,2025-09-29 07:20:00+00,2025-09-29 01:04:00+00,"[{""time"": ""2025-09-29T08:00:00+00:00"", ""tideMeters"": null, ""waveHeightM"": 1.43, ""windSpeedKts"": 7.3, ""seaTemperatureC"": 19.86}, {""time"": ""2025-09-29T09:00:00+00:00"", ""tideMeters"": null, ""waveHeightM"": 1.4, ""windSpeedKts"": 7.1, ""seaTemperatureC"": 19.88}, {""time"": ""2025-09-29T10:00:00+00:00"", ""tideMeters"": null, ""waveHeightM"": 1.37, ""windSpeedKts"": 7.3, ""seaTemperatureC"": 19.91}, {""time"": ""2025-09-29T11:00:00+00:00"", ""tideMeters"": null, ""waveHeightM"": 1.33, ""windSpeedKts"": 7.5, ""seaTemperatureC"": 19.96}, {""time"": ""2025-09-29T12:00:00+00:00"", ""tideMeters"": null, ""waveHeightM"": 1.3, ""windSpeedKts"": 7.7, ""seaTemperatureC"": 20.01}, {""time"": ""2025-09-29T13:00:00+00:00"", ""tideMeters"": null, ""waveHeightM"": 1.28, ""windSpeedKts"": 8.3, ""seaTemperatureC"": 20.05}, {""time"": ""2025-09-29T14:00:00+00:00"", ""tideMeters"": null, ""waveHeightM"": 1.25, ""windSpeedKts"": 9, ""seaTemperatureC"": 20.06}, {""time"": ""2025-09-29T15:00:00+00:00"", ""tideMeters"": null, ""waveHeightM"": 1.23, ""windSpeedKts"": 9.6, ""seaTemperatureC"": 20.04}, {""time"": ""2025-09-29T16:00:00+00:00"", ""tideMeters"": null, ""waveHeightM"": 1.24, ""windSpeedKts"": 11.3, ""seaTemperatureC"": 20.01}, {""time"": ""2025-09-29T17:00:00+00:00"", ""tideMeters"": null, ""waveHeightM"": 1.24, ""windSpeedKts"": 13, ""seaTemperatureC"": 19.98}, {""time"": ""2025-09-29T18:00:00+00:00"", ""tideMeters"": null, ""waveHeightM"": 1.24, ""windSpeedKts"": 14.7, ""seaTemperatureC"": 19.95}, {""time"": ""2025-09-29T19:00:00+00:00"", ""tideMeters"": null, ""waveHeightM"": 1.25, ""windSpeedKts"": 14.8, ""seaTemperatureC"": 19.92}, {""time"": ""2025-09-29T20:00:00+00:00"", ""tideMeters"": null, ""waveHeightM"": 1.25, ""windSpeedKts"": 14.8, ""seaTemperatureC"": 19.91}, {""time"": ""2025-09-29T21:00:00+00:00"", ""tideMeters"": null, ""waveHeightM"": 1.25, ""windSpeedKts"": 14.8, ""seaTemperatureC"": 19.89}, {""time"": ""2025-09-29T22:00:00+00:00"", ""tideMeters"": null, ""waveHeightM"": 1.24, ""windSpeedKts"": 14.6, ""seaTemperatureC"": 19.88}, {""time"": ""2025-09-29T23:00:00+00:00"", ""tideMeters"": null, ""waveHeightM"": 1.23, ""windSpeedKts"": 14.4, ""seaTemperatureC"": 19.87}, {""time"": ""2025-09-30T00:00:00+00:00"", ""tideMeters"": null, ""waveHeightM"": 1.22, ""windSpeedKts"": 14.2, ""seaTemperatureC"": 19.86}, {""time"": ""2025-09-30T01:00:00+00:00"", ""tideMeters"": null, ""waveHeightM"": 1.21, ""windSpeedKts"": 14.1, ""seaTemperatureC"": 19.85}, {""time"": ""2025-09-30T02:00:00+00:00"", ""tideMeters"": null, ""waveHeightM"": 1.19, ""windSpeedKts"": 14, ""seaTemperatureC"": 19.84}, {""time"": ""2025-09-30T03:00:00+00:00"", ""tideMeters"": null, ""waveHeightM"": 1.18, ""windSpeedKts"": 13.9, ""seaTemperatureC"": 19.84}, {""time"": ""2025-09-30T04:00:00+00:00"", ""tideMeters"": null, ""waveHeightM"": 1.16, ""windSpeedKts"": 13.6, ""seaTemperatureC"": 19.84}, {""time"": ""2025-09-30T05:00:00+00:00"", ""tideMeters"": null, ""waveHeightM"": 1.14, ""windSpeedKts"": 13.4, ""seaTemperatureC"": 19.83}, {""time"": ""2025-09-30T06:00:00+00:00"", ""tideMeters"": null, ""waveHeightM"": 1.12, ""windSpeedKts"": 13.1, ""seaTemperatureC"": 19.83}, {""time"": ""2025-09-30T07:00:00+00:00"", ""tideMeters"": null, ""waveHeightM"": 1.09, ""windSpeedKts"": 12.8, ""seaTemperatureC"": 19.83}]","[{""label"": ""Mon, Sep 29"", ""summary"": ""Balanced marine conditions expected."", ""dateLabel"": ""Mon, Sep 29"", ""waveHeightM"": 1.28, ""fishingScore"": 49, ""windSpeedKts"": 11, ""seaTemperatureC"": 19.95}, {""label"": ""Tue, Sep 30"", ""summary"": ""Balanced marine conditions expected."", ""dateLabel"": ""Tue, Sep 30"", ""waveHeightM"": 1.16, ""fishingScore"": 52, ""windSpeedKts"": 13.6, ""seaTemperatureC"": 19.84}]",ingest:stormglass,2025-09-29 08:01:47.642891+00
26C7,8dba8b89-5af9-4b11-9a1f-83a441222885,2025-09-29 00:16:19.708+00,14.79,,,,,,0.49,3.3,163,2025-09-29 08:41:00+00,2025-09-29 02:10:00+00,"[{""time"": ""2025-09-29T00:00:00+00:00"", ""tideMeters"": null, ""waveHeightM"": 0.49, ""windSpeedKts"": 3.3, ""seaTemperatureC"": 14.79}, {""time"": ""2025-09-29T01:00:00+00:00"", ""tideMeters"": null, ""waveHeightM"": 0.47, ""windSpeedKts"": 3.7, ""seaTemperatureC"": 14.78}, {""time"": ""2025-09-29T02:00:00+00:00"", ""tideMeters"": null, ""waveHeightM"": 0.46, ""windSpeedKts"": 4.1, ""seaTemperatureC"": 14.78}, {""time"": ""2025-09-29T03:00:00+00:00"", ""tideMeters"": null, ""waveHeightM"": 0.46, ""windSpeedKts"": 4.5, ""seaTemperatureC"": 14.77}, {""time"": ""2025-09-29T04:00:00+00:00"", ""tideMeters"": null, ""waveHeightM"": 0.45, ""windSpeedKts"": 4.9, ""seaTemperatureC"": 14.77}, {""time"": ""2025-09-29T05:00:00+00:00"", ""tideMeters"": null, ""waveHeightM"": 0.46, ""windSpeedKts"": 5.2, ""seaTemperatureC"": 14.77}, {""time"": ""2025-09-29T06:00:00+00:00"", ""tideMeters"": null, ""waveHeightM"": 0.47, ""windSpeedKts"": 5.6, ""seaTemperatureC"": 14.78}, {""time"": ""2025-09-29T07:00:00+00:00"", ""tideMeters"": null, ""waveHeightM"": 0.49, ""windSpeedKts"": 6.6, ""seaTemperatureC"": 14.78}, {""time"": ""2025-09-29T08:00:00+00:00"", ""tideMeters"": null, ""waveHeightM"": 0.51, ""windSpeedKts"": 7.6, ""seaTemperatureC"": 14.78}, {""time"": ""2025-09-29T09:00:00+00:00"", ""tideMeters"": null, ""waveHeightM"": 0.53, ""windSpeedKts"": 8.6, ""seaTemperatureC"": 14.79}, {""time"": ""2025-09-29T10:00:00+00:00"", ""tideMeters"": null, ""waveHeightM"": 0.54, ""windSpeedKts"": 9.6, ""seaTemperatureC"": 14.78}, {""time"": ""2025-09-29T11:00:00+00:00"", ""tideMeters"": null, ""waveHeightM"": 0.55, ""windSpeedKts"": 10.6, ""seaTemperatureC"": 14.78}, {""time"": ""2025-09-29T12:00:00+00:00"", ""tideMeters"": null, ""waveHeightM"": 0.57, ""windSpeedKts"": 11.6, ""seaTemperatureC"": 14.78}, {""time"": ""2025-09-29T13:00:00+00:00"", ""tideMeters"": null, ""waveHeightM"": 0.58, ""windSpeedKts"": 11.6, ""seaTemperatureC"": 14.79}, {""time"": ""2025-09-29T14:00:00+00:00"", ""tideMeters"": null, ""waveHeightM"": 0.6, ""windSpeedKts"": 11.7, ""seaTemperatureC"": 14.79}, {""time"": ""2025-09-29T15:00:00+00:00"", ""tideMeters"": null, ""waveHeightM"": 0.62, ""windSpeedKts"": 11.7, ""seaTemperatureC"": 14.8}, {""time"": ""2025-09-29T16:00:00+00:00"", ""tideMeters"": null, ""waveHeightM"": 0.64, ""windSpeedKts"": 10.9, ""seaTemperatureC"": 14.8}, {""time"": ""2025-09-29T17:00:00+00:00"", ""tideMeters"": null, ""waveHeightM"": 0.65, ""windSpeedKts"": 10.2, ""seaTemperatureC"": 14.8}, {""time"": ""2025-09-29T18:00:00+00:00"", ""tideMeters"": null, ""waveHeightM"": 0.66, ""windSpeedKts"": 9.4, ""seaTemperatureC"": 14.8}, {""time"": ""2025-09-29T19:00:00+00:00"", ""tideMeters"": null, ""waveHeightM"": 0.68, ""windSpeedKts"": 9.4, ""seaTemperatureC"": 14.8}, {""time"": ""2025-09-29T20:00:00+00:00"", ""tideMeters"": null, ""waveHeightM"": 0.71, ""windSpeedKts"": 9.4, ""seaTemperatureC"": 14.8}, {""time"": ""2025-09-29T21:00:00+00:00"", ""tideMeters"": null, ""waveHeightM"": 0.74, ""windSpeedKts"": 9.5, ""seaTemperatureC"": 14.8}, {""time"": ""2025-09-29T22:00:00+00:00"", ""tideMeters"": null, ""waveHeightM"": 0.76, ""windSpeedKts"": 9.8, ""seaTemperatureC"": 14.8}, {""time"": ""2025-09-29T23:00:00+00:00"", ""tideMeters"": null, ""waveHeightM"": 0.79, ""windSpeedKts"": 10.1, ""seaTemperatureC"": 14.8}]","[{""label"": ""Mon, Sep 29"", ""summary"": ""Calm seas and light winds—ideal for most fishing styles."", ""dateLabel"": ""Mon, Sep 29"", ""waveHeightM"": 0.58, ""fishingScore"": 63, ""windSpeedKts"": 8.3, ""seaTemperatureC"": 14.79}]",ingest:stormglass,2025-09-29 00:16:21.398704+00
26C8,e9aac51d-b145-402c-8f3f-ce434055f5a0,2025-09-29 00:16:19.708+00,14.12,,,,,,0.65,1.3,218,2025-09-29 08:58:00+00,2025-09-29 02:34:00+00,"[{""time"": ""2025-09-29T00:00:00+00:00"", ""tideMeters"": null, ""waveHeightM"": 0.65, ""windSpeedKts"": 1.3, ""seaTemperatureC"": 14.12}, {""time"": ""2025-09-29T01:00:00+00:00"", ""tideMeters"": null, ""waveHeightM"": 0.64, ""windSpeedKts"": 1.7, ""seaTemperatureC"": 14.09}, {""time"": ""2025-09-29T02:00:00+00:00"", ""tideMeters"": null, ""waveHeightM"": 0.63, ""windSpeedKts"": 2.1, ""seaTemperatureC"": 14.06}, {""time"": ""2025-09-29T03:00:00+00:00"", ""tideMeters"": null, ""waveHeightM"": 0.63, ""windSpeedKts"": 2.5, ""seaTemperatureC"": 14.04}, {""time"": ""2025-09-29T04:00:00+00:00"", ""tideMeters"": null, ""waveHeightM"": 0.63, ""windSpeedKts"": 2.8, ""seaTemperatureC"": 14.03}, {""time"": ""2025-09-29T05:00:00+00:00"", ""tideMeters"": null, ""waveHeightM"": 0.64, ""windSpeedKts"": 3, ""seaTemperatureC"": 14.02}, {""time"": ""2025-09-29T06:00:00+00:00"", ""tideMeters"": null, ""waveHeightM"": 0.65, ""windSpeedKts"": 3.2, ""seaTemperatureC"": 14.02}, {""time"": ""2025-09-29T07:00:00+00:00"", ""tideMeters"": null, ""waveHeightM"": 0.65, ""windSpeedKts"": 4, ""seaTemperatureC"": 14.06}, {""time"": ""2025-09-29T08:00:00+00:00"", ""tideMeters"": null, ""waveHeightM"": 0.66, ""windSpeedKts"": 4.7, ""seaTemperatureC"": 14.06}, {""time"": ""2025-09-29T09:00:00+00:00"", ""tideMeters"": null, ""waveHeightM"": 0.68, ""windSpeedKts"": 5.4, ""seaTemperatureC"": 14.07}, {""time"": ""2025-09-29T10:00:00+00:00"", ""tideMeters"": null, ""waveHeightM"": 0.68, ""windSpeedKts"": 7.4, ""seaTemperatureC"": 14.09}, {""time"": ""2025-09-29T11:00:00+00:00"", ""tideMeters"": null, ""waveHeightM"": 0.68, ""windSpeedKts"": 9.3, ""seaTemperatureC"": 14.12}, {""time"": ""2025-09-29T12:00:00+00:00"", ""tideMeters"": null, ""waveHeightM"": 0.67, ""windSpeedKts"": 11.3, ""seaTemperatureC"": 14.15}, {""time"": ""2025-09-29T13:00:00+00:00"", ""tideMeters"": null, ""waveHeightM"": 0.67, ""windSpeedKts"": 11.3, ""seaTemperatureC"": 14.18}, {""time"": ""2025-09-29T14:00:00+00:00"", ""tideMeters"": null, ""waveHeightM"": 0.68, ""windSpeedKts"": 11.3, ""seaTemperatureC"": 14.2}, {""time"": ""2025-09-29T15:00:00+00:00"", ""tideMeters"": null, ""waveHeightM"": 0.71, ""windSpeedKts"": 11.4, ""seaTemperatureC"": 14.21}, {""time"": ""2025-09-29T16:00:00+00:00"", ""tideMeters"": null, ""waveHeightM"": 0.73, ""windSpeedKts"": 10.1, ""seaTemperatureC"": 14.19}, {""time"": ""2025-09-29T17:00:00+00:00"", ""tideMeters"": null, ""waveHeightM"": 0.74, ""windSpeedKts"": 8.9, ""seaTemperatureC"": 14.18}, {""time"": ""2025-09-29T18:00:00+00:00"", ""tideMeters"": null, ""waveHeightM"": 0.74, ""windSpeedKts"": 7.7, ""seaTemperatureC"": 14.17}, {""time"": ""2025-09-29T19:00:00+00:00"", ""tideMeters"": null, ""waveHeightM"": 0.75, ""windSpeedKts"": 7.6, ""seaTemperatureC"": 14.17}, {""time"": ""2025-09-29T20:00:00+00:00"", ""tideMeters"": null, ""waveHeightM"": 0.76, ""windSpeedKts"": 7.6, ""seaTemperatureC"": 14.16}, {""time"": ""2025-09-29T21:00:00+00:00"", ""tideMeters"": null, ""waveHeightM"": 0.77, ""windSpeedKts"": 7.5, ""seaTemperatureC"": 14.15}, {""time"": ""2025-09-29T22:00:00+00:00"", ""tideMeters"": null, ""waveHeightM"": 0.79, ""windSpeedKts"": 8, ""seaTemperatureC"": 14.13}, {""time"": ""2025-09-29T23:00:00+00:00"", ""tideMeters"": null, ""waveHeightM"": 0.82, ""windSpeedKts"": 8.4, ""seaTemperatureC"": 14.11}]","[{""label"": ""Mon, Sep 29"", ""summary"": ""Calm seas and light winds—ideal for most fishing styles."", ""dateLabel"": ""Mon, Sep 29"", ""waveHeightM"": 0.69, ""fishingScore"": 61, ""windSpeedKts"": 6.6, ""seaTemperatureC"": 14.12}]",ingest:stormglass,2025-09-29 00:16:23.741439+00
26D6,af5aae10-287b-485c-8b6f-88f129e4dba5,2025-09-29 00:16:19.708+00,14.82,,,,,,3.19,17.5,357,2025-09-29 06:46:00+00,2025-09-29 00:16:00+00,"[{""time"": ""2025-09-29T00:00:00+00:00"", ""tideMeters"": null, ""waveHeightM"": 3.19, ""windSpeedKts"": 17.5, ""seaTemperatureC"": 14.82}, {""time"": ""2025-09-29T01:00:00+00:00"", ""tideMeters"": null, ""waveHeightM"": 3.08, ""windSpeedKts"": 14.4, ""seaTemperatureC"": 14.81}, {""time"": ""2025-09-29T02:00:00+00:00"", ""tideMeters"": null, ""waveHeightM"": 2.96, ""windSpeedKts"": 11.3, ""seaTemperatureC"": 14.8}, {""time"": ""2025-09-29T03:00:00+00:00"", ""tideMeters"": null, ""waveHeightM"": 2.85, ""windSpeedKts"": 8.2, ""seaTemperatureC"": 14.8}, {""time"": ""2025-09-29T04:00:00+00:00"", ""tideMeters"": null, ""waveHeightM"": 2.76, ""windSpeedKts"": 9.1, ""seaTemperatureC"": 14.79}, {""time"": ""2025-09-29T05:00:00+00:00"", ""tideMeters"": null, ""waveHeightM"": 2.67, ""windSpeedKts"": 10, ""seaTemperatureC"": 14.79}, {""time"": ""2025-09-29T06:00:00+00:00"", ""tideMeters"": null, ""waveHeightM"": 2.57, ""windSpeedKts"": 10.8, ""seaTemperatureC"": 14.79}, {""time"": ""2025-09-29T07:00:00+00:00"", ""tideMeters"": null, ""waveHeightM"": 2.49, ""windSpeedKts"": 10.7, ""seaTemperatureC"": 14.79}, {""time"": ""2025-09-29T08:00:00+00:00"", ""tideMeters"": null, ""waveHeightM"": 2.41, ""windSpeedKts"": 10.7, ""seaTemperatureC"": 14.81}, {""time"": ""2025-09-29T09:00:00+00:00"", ""tideMeters"": null, ""waveHeightM"": 2.33, ""windSpeedKts"": 10.6, ""seaTemperatureC"": 14.84}, {""time"": ""2025-09-29T10:00:00+00:00"", ""tideMeters"": null, ""waveHeightM"": 2.26, ""windSpeedKts"": 11.2, ""seaTemperatureC"": 14.89}, {""time"": ""2025-09-29T11:00:00+00:00"", ""tideMeters"": null, ""waveHeightM"": 2.2, ""windSpeedKts"": 11.9, ""seaTemperatureC"": 14.93}, {""time"": ""2025-09-29T12:00:00+00:00"", ""tideMeters"": null, ""waveHeightM"": 2.13, ""windSpeedKts"": 12.6, ""seaTemperatureC"": 14.98}, {""time"": ""2025-09-29T13:00:00+00:00"", ""tideMeters"": null, ""waveHeightM"": 2.08, ""windSpeedKts"": 13, ""seaTemperatureC"": 15.02}, {""time"": ""2025-09-29T14:00:00+00:00"", ""tideMeters"": null, ""waveHeightM"": 2.03, ""windSpeedKts"": 13.4, ""seaTemperatureC"": 15.05}, {""time"": ""2025-09-29T15:00:00+00:00"", ""tideMeters"": null, ""waveHeightM"": 1.98, ""windSpeedKts"": 13.7, ""seaTemperatureC"": 15.07}, {""time"": ""2025-09-29T16:00:00+00:00"", ""tideMeters"": null, ""waveHeightM"": 1.95, ""windSpeedKts"": 13.9, ""seaTemperatureC"": 15.08}, {""time"": ""2025-09-29T17:00:00+00:00"", ""tideMeters"": null, ""waveHeightM"": 1.92, ""windSpeedKts"": 14, ""seaTemperatureC"": 15.07}, {""time"": ""2025-09-29T18:00:00+00:00"", ""tideMeters"": null, ""waveHeightM"": 1.89, ""windSpeedKts"": 14.1, ""seaTemperatureC"": 15.06}, {""time"": ""2025-09-29T19:00:00+00:00"", ""tideMeters"": null, ""waveHeightM"": 1.85, ""windSpeedKts"": 13.9, ""seaTemperatureC"": 15.05}, {""time"": ""2025-09-29T20:00:00+00:00"", ""tideMeters"": null, ""waveHeightM"": 1.81, ""windSpeedKts"": 13.7, ""seaTemperatureC"": 15.04}, {""time"": ""2025-09-29T21:00:00+00:00"", ""tideMeters"": null, ""waveHeightM"": 1.77, ""windSpeedKts"": 13.5, ""seaTemperatureC"": 15.03}, {""time"": ""2025-09-29T22:00:00+00:00"", ""tideMeters"": null, ""waveHeightM"": 1.74, ""windSpeedKts"": 11.2, ""seaTemperatureC"": 15.03}, {""time"": ""2025-09-29T23:00:00+00:00"", ""tideMeters"": null, ""waveHeightM"": 1.7, ""windSpeedKts"": 8.9, ""seaTemperatureC"": 15.03}]","[{""label"": ""Mon, Sep 29"", ""summary"": ""Choppy water—plan cautiously and adjust tackle."", ""dateLabel"": ""Mon, Sep 29"", ""waveHeightM"": 2.28, ""fishingScore"": 29, ""windSpeedKts"": 12.2, ""seaTemperatureC"": 14.93}]",ingest:stormglass,2025-09-29 00:16:24.860672+00
26D8,da35fa30-ccb5-4548-bb7a-b42024ca4966,2025-09-29 00:16:19.708+00,14.27,,,,,,0.17,4.2,179,2025-09-29 09:07:00+00,2025-09-29 02:27:00+00,"[{""time"": ""2025-09-29T00:00:00+00:00"", ""tideMeters"": null, ""waveHeightM"": 0.17, ""windSpeedKts"": 4.2, ""seaTemperatureC"": 14.27}, {""time"": ""2025-09-29T01:00:00+00:00"", ""tideMeters"": null, ""waveHeightM"": 0.17, ""windSpeedKts"": 5.1, ""seaTemperatureC"": 14.25}, {""time"": ""2025-09-29T02:00:00+00:00"", ""tideMeters"": null, ""waveHeightM"": 0.17, ""windSpeedKts"": 6, ""seaTemperatureC"": 14.24}, {""time"": ""2025-09-29T03:00:00+00:00"", ""tideMeters"": null, ""waveHeightM"": 0.17, ""windSpeedKts"": 6.9, ""seaTemperatureC"": 14.22}, {""time"": ""2025-09-29T04:00:00+00:00"", ""tideMeters"": null, ""waveHeightM"": 0.18, ""windSpeedKts"": 7.3, ""seaTemperatureC"": 14.21}, {""time"": ""2025-09-29T05:00:00+00:00"", ""tideMeters"": null, ""waveHeightM"": 0.19, ""windSpeedKts"": 7.7, ""seaTemperatureC"": 14.2}, {""time"": ""2025-09-29T06:00:00+00:00"", ""tideMeters"": null, ""waveHeightM"": 0.19, ""windSpeedKts"": 8.1, ""seaTemperatureC"": 14.18}, {""time"": ""2025-09-29T07:00:00+00:00"", ""tideMeters"": null, ""waveHeightM"": 0.2, ""windSpeedKts"": 8.6, ""seaTemperatureC"": 14.17}, {""time"": ""2025-09-29T08:00:00+00:00"", ""tideMeters"": null, ""waveHeightM"": 0.2, ""windSpeedKts"": 9.1, ""seaTemperatureC"": 14.17}, {""time"": ""2025-09-29T09:00:00+00:00"", ""tideMeters"": null, ""waveHeightM"": 0.21, ""windSpeedKts"": 9.6, ""seaTemperatureC"": 14.18}, {""time"": ""2025-09-29T10:00:00+00:00"", ""tideMeters"": null, ""waveHeightM"": 0.22, ""windSpeedKts"": 9.9, ""seaTemperatureC"": 14.2}, {""time"": ""2025-09-29T11:00:00+00:00"", ""tideMeters"": null, ""waveHeightM"": 0.26, ""windSpeedKts"": 10.2, ""seaTemperatureC"": 14.22}, {""time"": ""2025-09-29T12:00:00+00:00"", ""tideMeters"": null, ""waveHeightM"": 0.32, ""windSpeedKts"": 10.6, ""seaTemperatureC"": 14.24}, {""time"": ""2025-09-29T13:00:00+00:00"", ""tideMeters"": null, ""waveHeightM"": 0.37, ""windSpeedKts"": 11.4, ""seaTemperatureC"": 14.26}, {""time"": ""2025-09-29T14:00:00+00:00"", ""tideMeters"": null, ""waveHeightM"": 0.39, ""windSpeedKts"": 12.3, ""seaTemperatureC"": 14.28}, {""time"": ""2025-09-29T15:00:00+00:00"", ""tideMeters"": null, ""waveHeightM"": 0.39, ""windSpeedKts"": 13.2, ""seaTemperatureC"": 14.29}, {""time"": ""2025-09-29T16:00:00+00:00"", ""tideMeters"": null, ""waveHeightM"": 0.38, ""windSpeedKts"": 12.4, ""seaTemperatureC"": 14.3}, {""time"": ""2025-09-29T17:00:00+00:00"", ""tideMeters"": null, ""waveHeightM"": 0.36, ""windSpeedKts"": 11.6, ""seaTemperatureC"": 14.3}, {""time"": ""2025-09-29T18:00:00+00:00"", ""tideMeters"": null, ""waveHeightM"": 0.34, ""windSpeedKts"": 10.7, ""seaTemperatureC"": 14.29}, {""time"": ""2025-09-29T19:00:00+00:00"", ""tideMeters"": null, ""waveHeightM"": 0.33, ""windSpeedKts"": 10.9, ""seaTemperatureC"": 14.28}, {""time"": ""2025-09-29T20:00:00+00:00"", ""tideMeters"": null, ""waveHeightM"": 0.33, ""windSpeedKts"": 11, ""seaTemperatureC"": 14.27}, {""time"": ""2025-09-29T21:00:00+00:00"", ""tideMeters"": null, ""waveHeightM"": 0.34, ""windSpeedKts"": 11.2, ""seaTemperatureC"": 14.26}, {""time"": ""2025-09-29T22:00:00+00:00"", ""tideMeters"": null, ""waveHeightM"": 0.35, ""windSpeedKts"": 11.3, ""seaTemperatureC"": 14.26}, {""time"": ""2025-09-29T23:00:00+00:00"", ""tideMeters"": null, ""waveHeightM"": 0.36, ""windSpeedKts"": 11.4, ""seaTemperatureC"": 14.25}]","[{""label"": ""Mon, Sep 29"", ""summary"": ""Calm seas and light winds—ideal for most fishing styles."", ""dateLabel"": ""Mon, Sep 29"", ""waveHeightM"": 0.27, ""fishingScore"": 70, ""windSpeedKts"": 9.6, ""seaTemperatureC"": 14.24}]",ingest:stormglass,2025-09-29 00:16:25.771223+00
26D9,c583f752-6870-4962-9fb0-3003e74faeed,2025-09-29 00:16:19.708+00,14.95,,,,,,1.21,6.4,201,2025-09-29 09:36:00+00,2025-09-29 02:58:00+00,"[{""time"": ""2025-09-29T00:00:00+00:00"", ""tideMeters"": null, ""waveHeightM"": 1.21, ""windSpeedKts"": 6.4, ""seaTemperatureC"": 14.95}, {""time"": ""2025-09-29T01:00:00+00:00"", ""tideMeters"": null, ""waveHeightM"": 1.21, ""windSpeedKts"": 7.4, ""seaTemperatureC"": 14.94}, {""time"": ""2025-09-29T02:00:00+00:00"", ""tideMeters"": null, ""waveHeightM"": 1.21, ""windSpeedKts"": 8.5, ""seaTemperatureC"": 14.94}, {""time"": ""2025-09-29T03:00:00+00:00"", ""tideMeters"": null, ""waveHeightM"": 1.24, ""windSpeedKts"": 9.6, ""seaTemperatureC"": 14.94}, {""time"": ""2025-09-29T04:00:00+00:00"", ""tideMeters"": null, ""waveHeightM"": 1.29, ""windSpeedKts"": 10.3, ""seaTemperatureC"": 14.93}, {""time"": ""2025-09-29T05:00:00+00:00"", ""tideMeters"": null, ""waveHeightM"": 1.35, ""windSpeedKts"": 11.1, ""seaTemperatureC"": 14.93}, {""time"": ""2025-09-29T06:00:00+00:00"", ""tideMeters"": null, ""waveHeightM"": 1.41, ""windSpeedKts"": 11.8, ""seaTemperatureC"": 14.93}, {""time"": ""2025-09-29T07:00:00+00:00"", ""tideMeters"": null, ""waveHeightM"": 1.47, ""windSpeedKts"": 12.2, ""seaTemperatureC"": 14.93}, {""time"": ""2025-09-29T08:00:00+00:00"", ""tideMeters"": null, ""waveHeightM"": 1.51, ""windSpeedKts"": 12.7, ""seaTemperatureC"": 14.93}, {""time"": ""2025-09-29T09:00:00+00:00"", ""tideMeters"": null, ""waveHeightM"": 1.54, ""windSpeedKts"": 13.1, ""seaTemperatureC"": 14.93}, {""time"": ""2025-09-29T10:00:00+00:00"", ""tideMeters"": null, ""waveHeightM"": 1.58, ""windSpeedKts"": 14.2, ""seaTemperatureC"": 14.93}, {""time"": ""2025-09-29T11:00:00+00:00"", ""tideMeters"": null, ""waveHeightM"": 1.64, ""windSpeedKts"": 15.4, ""seaTemperatureC"": 14.93}, {""time"": ""2025-09-29T12:00:00+00:00"", ""tideMeters"": null, ""waveHeightM"": 1.7, ""windSpeedKts"": 16.5, ""seaTemperatureC"": 14.92}, {""time"": ""2025-09-29T13:00:00+00:00"", ""tideMeters"": null, ""waveHeightM"": 1.77, ""windSpeedKts"": 16.6, ""seaTemperatureC"": 14.92}, {""time"": ""2025-09-29T14:00:00+00:00"", ""tideMeters"": null, ""waveHeightM"": 1.82, ""windSpeedKts"": 16.8, ""seaTemperatureC"": 14.92}, {""time"": ""2025-09-29T15:00:00+00:00"", ""tideMeters"": null, ""waveHeightM"": 1.87, ""windSpeedKts"": 17, ""seaTemperatureC"": 14.92}, {""time"": ""2025-09-29T16:00:00+00:00"", ""tideMeters"": null, ""waveHeightM"": 1.91, ""windSpeedKts"": 16.2, ""seaTemperatureC"": 14.93}, {""time"": ""2025-09-29T17:00:00+00:00"", ""tideMeters"": null, ""waveHeightM"": 1.94, ""windSpeedKts"": 15.4, ""seaTemperatureC"": 14.93}, {""time"": ""2025-09-29T18:00:00+00:00"", ""tideMeters"": null, ""waveHeightM"": 1.98, ""windSpeedKts"": 14.6, ""seaTemperatureC"": 14.93}, {""time"": ""2025-09-29T19:00:00+00:00"", ""tideMeters"": null, ""waveHeightM"": 2.05, ""windSpeedKts"": 14.8, ""seaTemperatureC"": 14.92}, {""time"": ""2025-09-29T20:00:00+00:00"", ""tideMeters"": null, ""waveHeightM"": 2.13, ""windSpeedKts"": 14.9, ""seaTemperatureC"": 14.92}, {""time"": ""2025-09-29T21:00:00+00:00"", ""tideMeters"": null, ""waveHeightM"": 2.23, ""windSpeedKts"": 15.1, ""seaTemperatureC"": 14.92}, {""time"": ""2025-09-29T22:00:00+00:00"", ""tideMeters"": null, ""waveHeightM"": 2.31, ""windSpeedKts"": 14.4, ""seaTemperatureC"": 14.92}, {""time"": ""2025-09-29T23:00:00+00:00"", ""tideMeters"": null, ""waveHeightM"": 2.37, ""windSpeedKts"": 13.7, ""seaTemperatureC"": 14.92}]","[{""label"": ""Mon, Sep 29"", ""summary"": ""Balanced marine conditions expected."", ""dateLabel"": ""Mon, Sep 29"", ""waveHeightM"": 1.7, ""fishingScore"": 41, ""windSpeedKts"": 13.3, ""seaTemperatureC"": 14.93}]",ingest:stormglass,2025-09-29 00:16:26.918707+00
26E0,9c47b15b-43d2-4981-97a8-932a7be886c4,2025-09-29 00:16:19.708+00,20.2,,,,,,1.36,1.8,196,2025-09-29 07:19:00+00,2025-09-29 01:05:00+00,"[{""time"": ""2025-09-29T00:00:00+00:00"", ""tideMeters"": null, ""waveHeightM"": 1.36, ""windSpeedKts"": 1.8, ""seaTemperatureC"": 20.2}, {""time"": ""2025-09-29T01:00:00+00:00"", ""tideMeters"": null, ""waveHeightM"": 1.36, ""windSpeedKts"": 1.7, ""seaTemperatureC"": 20.19}, {""time"": ""2025-09-29T02:00:00+00:00"", ""tideMeters"": null, ""waveHeightM"": 1.35, ""windSpeedKts"": 1.5, ""seaTemperatureC"": 20.18}, {""time"": ""2025-09-29T03:00:00+00:00"", ""tideMeters"": null, ""waveHeightM"": 1.34, ""windSpeedKts"": 1.4, ""seaTemperatureC"": 20.17}, {""time"": ""2025-09-29T04:00:00+00:00"", ""tideMeters"": null, ""waveHeightM"": 1.33, ""windSpeedKts"": 1.3, ""seaTemperatureC"": 20.16}, {""time"": ""2025-09-29T05:00:00+00:00"", ""tideMeters"": null, ""waveHeightM"": 1.32, ""windSpeedKts"": 1.2, ""seaTemperatureC"": 20.15}, {""time"": ""2025-09-29T06:00:00+00:00"", ""tideMeters"": null, ""waveHeightM"": 1.3, ""windSpeedKts"": 1, ""seaTemperatureC"": 20.15}, {""time"": ""2025-09-29T07:00:00+00:00"", ""tideMeters"": null, ""waveHeightM"": 1.28, ""windSpeedKts"": 0.9, ""seaTemperatureC"": 20.15}, {""time"": ""2025-09-29T08:00:00+00:00"", ""tideMeters"": null, ""waveHeightM"": 1.26, ""windSpeedKts"": 0.7, ""seaTemperatureC"": 20.16}, {""time"": ""2025-09-29T09:00:00+00:00"", ""tideMeters"": null, ""waveHeightM"": 1.24, ""windSpeedKts"": 0.5, ""seaTemperatureC"": 20.19}, {""time"": ""2025-09-29T10:00:00+00:00"", ""tideMeters"": null, ""waveHeightM"": 1.21, ""windSpeedKts"": 1.4, ""seaTemperatureC"": 20.25}, {""time"": ""2025-09-29T11:00:00+00:00"", ""tideMeters"": null, ""waveHeightM"": 1.19, ""windSpeedKts"": 2.4, ""seaTemperatureC"": 20.34}, {""time"": ""2025-09-29T12:00:00+00:00"", ""tideMeters"": null, ""waveHeightM"": 1.16, ""windSpeedKts"": 3.2, ""seaTemperatureC"": 20.44}, {""time"": ""2025-09-29T13:00:00+00:00"", ""tideMeters"": null, ""waveHeightM"": 1.14, ""windSpeedKts"": 3.7, ""seaTemperatureC"": 20.53}, {""time"": ""2025-09-29T14:00:00+00:00"", ""tideMeters"": null, ""waveHeightM"": 1.12, ""windSpeedKts"": 4.2, ""seaTemperatureC"": 20.55}, {""time"": ""2025-09-29T15:00:00+00:00"", ""tideMeters"": null, ""waveHeightM"": 1.1, ""windSpeedKts"": 4.7, ""seaTemperatureC"": 20.5}, {""time"": ""2025-09-29T16:00:00+00:00"", ""tideMeters"": null, ""waveHeightM"": 1.08, ""windSpeedKts"": 3.8, ""seaTemperatureC"": 20.43}, {""time"": ""2025-09-29T17:00:00+00:00"", ""tideMeters"": null, ""waveHeightM"": 1.07, ""windSpeedKts"": 2.9, ""seaTemperatureC"": 20.36}, {""time"": ""2025-09-29T18:00:00+00:00"", ""tideMeters"": null, ""waveHeightM"": 1.06, ""windSpeedKts"": 2, ""seaTemperatureC"": 20.3}, {""time"": ""2025-09-29T19:00:00+00:00"", ""tideMeters"": null, ""waveHeightM"": 1.05, ""windSpeedKts"": 1.8, ""seaTemperatureC"": 20.25}, {""time"": ""2025-09-29T20:00:00+00:00"", ""tideMeters"": null, ""waveHeightM"": 1.03, ""windSpeedKts"": 1.6, ""seaTemperatureC"": 20.22}, {""time"": ""2025-09-29T21:00:00+00:00"", ""tideMeters"": null, ""waveHeightM"": 1.02, ""windSpeedKts"": 1.4, ""seaTemperatureC"": 20.19}, {""time"": ""2025-09-29T22:00:00+00:00"", ""tideMeters"": null, ""waveHeightM"": 1, ""windSpeedKts"": 1.3, ""seaTemperatureC"": 20.18}, {""time"": ""2025-09-29T23:00:00+00:00"", ""tideMeters"": null, ""waveHeightM"": 0.98, ""windSpeedKts"": 1.2, ""seaTemperatureC"": 20.16}]","[{""label"": ""Mon, Sep 29"", ""summary"": ""Balanced marine conditions expected."", ""dateLabel"": ""Mon, Sep 29"", ""waveHeightM"": 1.18, ""fishingScore"": 51, ""windSpeedKts"": 2, ""seaTemperatureC"": 20.27}]",ingest:stormglass,2025-09-29 00:16:27.938179+00
26E1,cd429de2-65a0-4074-af2d-1faf88efd366,2025-09-29 00:16:19.708+00,19.84,,,,,,1.73,7.8,34,2025-09-29 07:19:00+00,2025-09-29 01:05:00+00,"[{""time"": ""2025-09-29T00:00:00+00:00"", ""tideMeters"": null, ""waveHeightM"": 1.73, ""windSpeedKts"": 7.8, ""seaTemperatureC"": 19.84}, {""time"": ""2025-09-29T01:00:00+00:00"", ""tideMeters"": null, ""waveHeightM"": 1.72, ""windSpeedKts"": 7.3, ""seaTemperatureC"": 19.84}, {""time"": ""2025-09-29T02:00:00+00:00"", ""tideMeters"": null, ""waveHeightM"": 1.72, ""windSpeedKts"": 6.8, ""seaTemperatureC"": 19.85}, {""time"": ""2025-09-29T03:00:00+00:00"", ""tideMeters"": null, ""waveHeightM"": 1.71, ""windSpeedKts"": 6.3, ""seaTemperatureC"": 19.85}, {""time"": ""2025-09-29T04:00:00+00:00"", ""tideMeters"": null, ""waveHeightM"": 1.68, ""windSpeedKts"": 5.8, ""seaTemperatureC"": 19.84}, {""time"": ""2025-09-29T05:00:00+00:00"", ""tideMeters"": null, ""waveHeightM"": 1.66, ""windSpeedKts"": 5.2, ""seaTemperatureC"": 19.83}, {""time"": ""2025-09-29T06:00:00+00:00"", ""tideMeters"": null, ""waveHeightM"": 1.64, ""windSpeedKts"": 4.6, ""seaTemperatureC"": 19.82}, {""time"": ""2025-09-29T07:00:00+00:00"", ""tideMeters"": null, ""waveHeightM"": 1.61, ""windSpeedKts"": 4.1, ""seaTemperatureC"": 19.82}, {""time"": ""2025-09-29T08:00:00+00:00"", ""tideMeters"": null, ""waveHeightM"": 1.58, ""windSpeedKts"": 3.5, ""seaTemperatureC"": 19.81}, {""time"": ""2025-09-29T09:00:00+00:00"", ""tideMeters"": null, ""waveHeightM"": 1.55, ""windSpeedKts"": 2.9, ""seaTemperatureC"": 19.81}, {""time"": ""2025-09-29T10:00:00+00:00"", ""tideMeters"": null, ""waveHeightM"": 1.52, ""windSpeedKts"": 3.7, ""seaTemperatureC"": 19.85}, {""time"": ""2025-09-29T11:00:00+00:00"", ""tideMeters"": null, ""waveHeightM"": 1.49, ""windSpeedKts"": 4.6, ""seaTemperatureC"": 19.91}, {""time"": ""2025-09-29T12:00:00+00:00"", ""tideMeters"": null, ""waveHeightM"": 1.46, ""windSpeedKts"": 5.4, ""seaTemperatureC"": 19.96}, {""time"": ""2025-09-29T13:00:00+00:00"", ""tideMeters"": null, ""waveHeightM"": 1.43, ""windSpeedKts"": 6.5, ""seaTemperatureC"": 19.97}, {""time"": ""2025-09-29T14:00:00+00:00"", ""tideMeters"": null, ""waveHeightM"": 1.41, ""windSpeedKts"": 7.5, ""seaTemperatureC"": 19.98}, {""time"": ""2025-09-29T15:00:00+00:00"", ""tideMeters"": null, ""waveHeightM"": 1.38, ""windSpeedKts"": 8.6, ""seaTemperatureC"": 19.98}, {""time"": ""2025-09-29T16:00:00+00:00"", ""tideMeters"": null, ""waveHeightM"": 1.37, ""windSpeedKts"": 9.1, ""seaTemperatureC"": 19.97}, {""time"": ""2025-09-29T17:00:00+00:00"", ""tideMeters"": null, ""waveHeightM"": 1.35, ""windSpeedKts"": 9.5, ""seaTemperatureC"": 19.95}, {""time"": ""2025-09-29T18:00:00+00:00"", ""tideMeters"": null, ""waveHeightM"": 1.33, ""windSpeedKts"": 9.9, ""seaTemperatureC"": 19.93}, {""time"": ""2025-09-29T19:00:00+00:00"", ""tideMeters"": null, ""waveHeightM"": 1.31, ""windSpeedKts"": 10.1, ""seaTemperatureC"": 19.91}, {""time"": ""2025-09-29T20:00:00+00:00"", ""tideMeters"": null, ""waveHeightM"": 1.29, ""windSpeedKts"": 10.3, ""seaTemperatureC"": 19.9}, {""time"": ""2025-09-29T21:00:00+00:00"", ""tideMeters"": null, ""waveHeightM"": 1.28, ""windSpeedKts"": 10.4, ""seaTemperatureC"": 19.88}, {""time"": ""2025-09-29T22:00:00+00:00"", ""tideMeters"": null, ""waveHeightM"": 1.26, ""windSpeedKts"": 10.1, ""seaTemperatureC"": 19.87}, {""time"": ""2025-09-29T23:00:00+00:00"", ""tideMeters"": null, ""waveHeightM"": 1.24, ""windSpeedKts"": 9.8, ""seaTemperatureC"": 19.85}]","[{""label"": ""Mon, Sep 29"", ""summary"": ""Balanced marine conditions expected."", ""dateLabel"": ""Mon, Sep 29"", ""waveHeightM"": 1.49, ""fishingScore"": 45, ""windSpeedKts"": 7.1, ""seaTemperatureC"": 19.88}]",ingest:stormglass,2025-09-29 00:16:28.932867+00
27C7,b100d45b-b1e3-42d8-8d0b-bc3d5dec5067,2025-09-29 00:16:19.708+00,14.2,,,,,,1.3,4.9,219,2025-09-29 08:54:00+00,2025-09-29 02:18:00+00,"[{""time"": ""2025-09-29T00:00:00+00:00"", ""tideMeters"": null, ""waveHeightM"": 1.3, ""windSpeedKts"": 4.9, ""seaTemperatureC"": 14.2}, {""time"": ""2025-09-29T01:00:00+00:00"", ""tideMeters"": null, ""waveHeightM"": 1.28, ""windSpeedKts"": 5.5, ""seaTemperatureC"": 14.19}, {""time"": ""2025-09-29T02:00:00+00:00"", ""tideMeters"": null, ""waveHeightM"": 1.28, ""windSpeedKts"": 6.1, ""seaTemperatureC"": 14.19}, {""time"": ""2025-09-29T03:00:00+00:00"", ""tideMeters"": null, ""waveHeightM"": 1.28, ""windSpeedKts"": 6.7, ""seaTemperatureC"": 14.18}, {""time"": ""2025-09-29T04:00:00+00:00"", ""tideMeters"": null, ""waveHeightM"": 1.29, ""windSpeedKts"": 7.3, ""seaTemperatureC"": 14.18}, {""time"": ""2025-09-29T05:00:00+00:00"", ""tideMeters"": null, ""waveHeightM"": 1.29, ""windSpeedKts"": 8, ""seaTemperatureC"": 14.18}, {""time"": ""2025-09-29T06:00:00+00:00"", ""tideMeters"": null, ""waveHeightM"": 1.29, ""windSpeedKts"": 8.6, ""seaTemperatureC"": 14.18}, {""time"": ""2025-09-29T07:00:00+00:00"", ""tideMeters"": null, ""waveHeightM"": 1.29, ""windSpeedKts"": 9.3, ""seaTemperatureC"": 14.2}, {""time"": ""2025-09-29T08:00:00+00:00"", ""tideMeters"": null, ""waveHeightM"": 1.29, ""windSpeedKts"": 10, ""seaTemperatureC"": 14.22}, {""time"": ""2025-09-29T09:00:00+00:00"", ""tideMeters"": null, ""waveHeightM"": 1.28, ""windSpeedKts"": 10.7, ""seaTemperatureC"": 14.25}, {""time"": ""2025-09-29T10:00:00+00:00"", ""tideMeters"": null, ""waveHeightM"": 1.26, ""windSpeedKts"": 11.2, ""seaTemperatureC"": 14.29}, {""time"": ""2025-09-29T11:00:00+00:00"", ""tideMeters"": null, ""waveHeightM"": 1.25, ""windSpeedKts"": 11.6, ""seaTemperatureC"": 14.33}, {""time"": ""2025-09-29T12:00:00+00:00"", ""tideMeters"": null, ""waveHeightM"": 1.25, ""windSpeedKts"": 12, ""seaTemperatureC"": 14.38}, {""time"": ""2025-09-29T13:00:00+00:00"", ""tideMeters"": null, ""waveHeightM"": 1.26, ""windSpeedKts"": 12.2, ""seaTemperatureC"": 14.43}, {""time"": ""2025-09-29T14:00:00+00:00"", ""tideMeters"": null, ""waveHeightM"": 1.28, ""windSpeedKts"": 12.4, ""seaTemperatureC"": 14.47}, {""time"": ""2025-09-29T15:00:00+00:00"", ""tideMeters"": null, ""waveHeightM"": 1.31, ""windSpeedKts"": 12.5, ""seaTemperatureC"": 14.49}, {""time"": ""2025-09-29T16:00:00+00:00"", ""tideMeters"": null, ""waveHeightM"": 1.35, ""windSpeedKts"": 12.6, ""seaTemperatureC"": 14.51}, {""time"": ""2025-09-29T17:00:00+00:00"", ""tideMeters"": null, ""waveHeightM"": 1.39, ""windSpeedKts"": 12.7, ""seaTemperatureC"": 14.48}, {""time"": ""2025-09-29T18:00:00+00:00"", ""tideMeters"": null, ""waveHeightM"": 1.45, ""windSpeedKts"": 12.8, ""seaTemperatureC"": 14.41}, {""time"": ""2025-09-29T19:00:00+00:00"", ""tideMeters"": null, ""waveHeightM"": 1.52, ""windSpeedKts"": 13.2, ""seaTemperatureC"": 14.41}, {""time"": ""2025-09-29T20:00:00+00:00"", ""tideMeters"": null, ""waveHeightM"": 1.59, ""windSpeedKts"": 13.6, ""seaTemperatureC"": 14.4}, {""time"": ""2025-09-29T21:00:00+00:00"", ""tideMeters"": null, ""waveHeightM"": 1.68, ""windSpeedKts"": 14.1, ""seaTemperatureC"": 14.39}, {""time"": ""2025-09-29T22:00:00+00:00"", ""tideMeters"": null, ""waveHeightM"": 1.76, ""windSpeedKts"": 14.6, ""seaTemperatureC"": 14.38}, {""time"": ""2025-09-29T23:00:00+00:00"", ""tideMeters"": null, ""waveHeightM"": 1.85, ""windSpeedKts"": 15.1, ""seaTemperatureC"": 14.37}]","[{""label"": ""Mon, Sep 29"", ""summary"": ""Balanced marine conditions expected."", ""dateLabel"": ""Mon, Sep 29"", ""waveHeightM"": 1.38, ""fishingScore"": 47, ""windSpeedKts"": 10.7, ""seaTemperatureC"": 14.32}]",ingest:stormglass,2025-09-29 00:16:30.312894+00
27D7,3d13d1e3-3437-497e-bf0b-bcaa3bdaaa59,2025-09-29 00:16:19.708+00,15.67,,,,,,1.97,2.4,78,2025-09-29 06:46:00+00,2025-09-29 00:16:00+00,"[{""time"": ""2025-09-29T00:00:00+00:00"", ""tideMeters"": null, ""waveHeightM"": 1.97, ""windSpeedKts"": 2.4, ""seaTemperatureC"": 15.67}, {""time"": ""2025-09-29T01:00:00+00:00"", ""tideMeters"": null, ""waveHeightM"": 1.93, ""windSpeedKts"": 2.4, ""seaTemperatureC"": 15.65}, {""time"": ""2025-09-29T02:00:00+00:00"", ""tideMeters"": null, ""waveHeightM"": 1.89, ""windSpeedKts"": 2.5, ""seaTemperatureC"": 15.64}, {""time"": ""2025-09-29T03:00:00+00:00"", ""tideMeters"": null, ""waveHeightM"": 1.84, ""windSpeedKts"": 2.5, ""seaTemperatureC"": 15.62}, {""time"": ""2025-09-29T04:00:00+00:00"", ""tideMeters"": null, ""waveHeightM"": 1.78, ""windSpeedKts"": 2.5, ""seaTemperatureC"": 15.62}, {""time"": ""2025-09-29T05:00:00+00:00"", ""tideMeters"": null, ""waveHeightM"": 1.72, ""windSpeedKts"": 2.5, ""seaTemperatureC"": 15.61}, {""time"": ""2025-09-29T06:00:00+00:00"", ""tideMeters"": null, ""waveHeightM"": 1.66, ""windSpeedKts"": 2.5, ""seaTemperatureC"": 15.6}, {""time"": ""2025-09-29T07:00:00+00:00"", ""tideMeters"": null, ""waveHeightM"": 1.6, ""windSpeedKts"": 2, ""seaTemperatureC"": 15.6}, {""time"": ""2025-09-29T08:00:00+00:00"", ""tideMeters"": null, ""waveHeightM"": 1.54, ""windSpeedKts"": 1.4, ""seaTemperatureC"": 15.63}, {""time"": ""2025-09-29T09:00:00+00:00"", ""tideMeters"": null, ""waveHeightM"": 1.49, ""windSpeedKts"": 0.9, ""seaTemperatureC"": 15.7}, {""time"": ""2025-09-29T10:00:00+00:00"", ""tideMeters"": null, ""waveHeightM"": 1.46, ""windSpeedKts"": 1.7, ""seaTemperatureC"": 15.78}, {""time"": ""2025-09-29T11:00:00+00:00"", ""tideMeters"": null, ""waveHeightM"": 1.43, ""windSpeedKts"": 2.6, ""seaTemperatureC"": 15.85}, {""time"": ""2025-09-29T12:00:00+00:00"", ""tideMeters"": null, ""waveHeightM"": 1.39, ""windSpeedKts"": 3.5, ""seaTemperatureC"": 15.88}, {""time"": ""2025-09-29T13:00:00+00:00"", ""tideMeters"": null, ""waveHeightM"": 1.38, ""windSpeedKts"": 4.7, ""seaTemperatureC"": 15.87}, {""time"": ""2025-09-29T14:00:00+00:00"", ""tideMeters"": null, ""waveHeightM"": 1.37, ""windSpeedKts"": 5.9, ""seaTemperatureC"": 15.87}, {""time"": ""2025-09-29T15:00:00+00:00"", ""tideMeters"": null, ""waveHeightM"": 1.36, ""windSpeedKts"": 7.1, ""seaTemperatureC"": 15.86}, {""time"": ""2025-09-29T16:00:00+00:00"", ""tideMeters"": null, ""waveHeightM"": 1.33, ""windSpeedKts"": 7.2, ""seaTemperatureC"": 15.86}, {""time"": ""2025-09-29T17:00:00+00:00"", ""tideMeters"": null, ""waveHeightM"": 1.3, ""windSpeedKts"": 7.2, ""seaTemperatureC"": 15.85}, {""time"": ""2025-09-29T18:00:00+00:00"", ""tideMeters"": null, ""waveHeightM"": 1.28, ""windSpeedKts"": 7.3, ""seaTemperatureC"": 15.84}, {""time"": ""2025-09-29T19:00:00+00:00"", ""tideMeters"": null, ""waveHeightM"": 1.24, ""windSpeedKts"": 6.6, ""seaTemperatureC"": 15.82}, {""time"": ""2025-09-29T20:00:00+00:00"", ""tideMeters"": null, ""waveHeightM"": 1.2, ""windSpeedKts"": 5.9, ""seaTemperatureC"": 15.8}, {""time"": ""2025-09-29T21:00:00+00:00"", ""tideMeters"": null, ""waveHeightM"": 1.17, ""windSpeedKts"": 5.1, ""seaTemperatureC"": 15.78}, {""time"": ""2025-09-29T22:00:00+00:00"", ""tideMeters"": null, ""waveHeightM"": 1.16, ""windSpeedKts"": 4.9, ""seaTemperatureC"": 15.76}, {""time"": ""2025-09-29T23:00:00+00:00"", ""tideMeters"": null, ""waveHeightM"": 1.15, ""windSpeedKts"": 4.7, ""seaTemperatureC"": 15.75}]","[{""label"": ""Mon, Sep 29"", ""summary"": ""Balanced marine conditions expected."", ""dateLabel"": ""Mon, Sep 29"", ""waveHeightM"": 1.49, ""fishingScore"": 45, ""windSpeedKts"": 4, ""seaTemperatureC"": 15.75}]",ingest:stormglass,2025-09-29 00:16:31.195163+00
27D8,08fd7ea2-1bd7-405f-809e-e8ad36db1dff,2025-09-29 00:16:19.708+00,15.03,,,,,,0.55,3.9,169,2025-09-29 06:39:00+00,2025-09-29 20:50:00+00,"[{""time"": ""2025-09-29T00:00:00+00:00"", ""tideMeters"": null, ""waveHeightM"": 0.55, ""windSpeedKts"": 3.9, ""seaTemperatureC"": 15.03}, {""time"": ""2025-09-29T01:00:00+00:00"", ""tideMeters"": null, ""waveHeightM"": 0.54, ""windSpeedKts"": 4.4, ""seaTemperatureC"": 15.02}, {""time"": ""2025-09-29T02:00:00+00:00"", ""tideMeters"": null, ""waveHeightM"": 0.53, ""windSpeedKts"": 4.9, ""seaTemperatureC"": 15.02}, {""time"": ""2025-09-29T03:00:00+00:00"", ""tideMeters"": null, ""waveHeightM"": 0.51, ""windSpeedKts"": 5.4, ""seaTemperatureC"": 15.02}, {""time"": ""2025-09-29T04:00:00+00:00"", ""tideMeters"": null, ""waveHeightM"": 0.5, ""windSpeedKts"": 6.1, ""seaTemperatureC"": 15.02}, {""time"": ""2025-09-29T05:00:00+00:00"", ""tideMeters"": null, ""waveHeightM"": 0.48, ""windSpeedKts"": 6.8, ""seaTemperatureC"": 15.02}, {""time"": ""2025-09-29T06:00:00+00:00"", ""tideMeters"": null, ""waveHeightM"": 0.47, ""windSpeedKts"": 7.5, ""seaTemperatureC"": 15.01}, {""time"": ""2025-09-29T07:00:00+00:00"", ""tideMeters"": null, ""waveHeightM"": 0.45, ""windSpeedKts"": 8.5, ""seaTemperatureC"": 15.01}, {""time"": ""2025-09-29T08:00:00+00:00"", ""tideMeters"": null, ""waveHeightM"": 0.42, ""windSpeedKts"": 9.6, ""seaTemperatureC"": 15.02}, {""time"": ""2025-09-29T09:00:00+00:00"", ""tideMeters"": null, ""waveHeightM"": 0.4, ""windSpeedKts"": 10.6, ""seaTemperatureC"": 15.03}, {""time"": ""2025-09-29T10:00:00+00:00"", ""tideMeters"": null, ""waveHeightM"": 0.38, ""windSpeedKts"": 10.9, ""seaTemperatureC"": 15.03}, {""time"": ""2025-09-29T11:00:00+00:00"", ""tideMeters"": null, ""waveHeightM"": 0.36, ""windSpeedKts"": 11.3, ""seaTemperatureC"": 15.03}, {""time"": ""2025-09-29T12:00:00+00:00"", ""tideMeters"": null, ""waveHeightM"": 0.34, ""windSpeedKts"": 11.6, ""seaTemperatureC"": 15.03}, {""time"": ""2025-09-29T13:00:00+00:00"", ""tideMeters"": null, ""waveHeightM"": 0.34, ""windSpeedKts"": 12.2, ""seaTemperatureC"": 15.03}, {""time"": ""2025-09-29T14:00:00+00:00"", ""tideMeters"": null, ""waveHeightM"": 0.35, ""windSpeedKts"": 12.8, ""seaTemperatureC"": 15.03}, {""time"": ""2025-09-29T15:00:00+00:00"", ""tideMeters"": null, ""waveHeightM"": 0.41, ""windSpeedKts"": 13.4, ""seaTemperatureC"": 15.03}, {""time"": ""2025-09-29T16:00:00+00:00"", ""tideMeters"": null, ""waveHeightM"": 0.45, ""windSpeedKts"": 12.7, ""seaTemperatureC"": 15.02}, {""time"": ""2025-09-29T17:00:00+00:00"", ""tideMeters"": null, ""waveHeightM"": 0.45, ""windSpeedKts"": 12, ""seaTemperatureC"": 15.02}, {""time"": ""2025-09-29T18:00:00+00:00"", ""tideMeters"": null, ""waveHeightM"": 0.47, ""windSpeedKts"": 11.3, ""seaTemperatureC"": 15.02}, {""time"": ""2025-09-29T19:00:00+00:00"", ""tideMeters"": null, ""waveHeightM"": 0.48, ""windSpeedKts"": 11.4, ""seaTemperatureC"": 15.01}, {""time"": ""2025-09-29T20:00:00+00:00"", ""tideMeters"": null, ""waveHeightM"": 0.5, ""windSpeedKts"": 11.6, ""seaTemperatureC"": 15}, {""time"": ""2025-09-29T21:00:00+00:00"", ""tideMeters"": null, ""waveHeightM"": 0.52, ""windSpeedKts"": 11.8, ""seaTemperatureC"": 15}, {""time"": ""2025-09-29T22:00:00+00:00"", ""tideMeters"": null, ""waveHeightM"": 0.54, ""windSpeedKts"": 11.6, ""seaTemperatureC"": 15}, {""time"": ""2025-09-29T23:00:00+00:00"", ""tideMeters"": null, ""waveHeightM"": 0.55, ""windSpeedKts"": 11.4, ""seaTemperatureC"": 14.99}]","[{""label"": ""Mon, Sep 29"", ""summary"": ""Calm seas and light winds—ideal for most fishing styles."", ""dateLabel"": ""Mon, Sep 29"", ""waveHeightM"": 0.46, ""fishingScore"": 66, ""windSpeedKts"": 9.7, ""seaTemperatureC"": 15.02}]",ingest:stormglass,2025-09-29 00:16:32.362229+00
27D9,883c7f13-a117-4ec9-bbeb-6880415d56d4,2025-09-29 00:16:19.708+00,15.03,,,,,,1.44,11.6,204,2025-09-29 09:36:00+00,2025-09-29 02:58:00+00,"[{""time"": ""2025-09-29T00:00:00+00:00"", ""tideMeters"": null, ""waveHeightM"": 1.44, ""windSpeedKts"": 11.6, ""seaTemperatureC"": 15.03}, {""time"": ""2025-09-29T01:00:00+00:00"", ""tideMeters"": null, ""waveHeightM"": 1.45, ""windSpeedKts"": 12.7, ""seaTemperatureC"": 15.02}, {""time"": ""2025-09-29T02:00:00+00:00"", ""tideMeters"": null, ""waveHeightM"": 1.47, ""windSpeedKts"": 13.9, ""seaTemperatureC"": 15.02}, {""time"": ""2025-09-29T03:00:00+00:00"", ""tideMeters"": null, ""waveHeightM"": 1.51, ""windSpeedKts"": 15, ""seaTemperatureC"": 15.02}, {""time"": ""2025-09-29T04:00:00+00:00"", ""tideMeters"": null, ""waveHeightM"": 1.56, ""windSpeedKts"": 15.5, ""seaTemperatureC"": 15.01}, {""time"": ""2025-09-29T05:00:00+00:00"", ""tideMeters"": null, ""waveHeightM"": 1.62, ""windSpeedKts"": 15.9, ""seaTemperatureC"": 15.01}, {""time"": ""2025-09-29T06:00:00+00:00"", ""tideMeters"": null, ""waveHeightM"": 1.69, ""windSpeedKts"": 16.3, ""seaTemperatureC"": 15.01}, {""time"": ""2025-09-29T07:00:00+00:00"", ""tideMeters"": null, ""waveHeightM"": 1.75, ""windSpeedKts"": 16.8, ""seaTemperatureC"": 15.01}, {""time"": ""2025-09-29T08:00:00+00:00"", ""tideMeters"": null, ""waveHeightM"": 1.79, ""windSpeedKts"": 17.2, ""seaTemperatureC"": 15.01}, {""time"": ""2025-09-29T09:00:00+00:00"", ""tideMeters"": null, ""waveHeightM"": 1.83, ""windSpeedKts"": 17.7, ""seaTemperatureC"": 15.01}, {""time"": ""2025-09-29T10:00:00+00:00"", ""tideMeters"": null, ""waveHeightM"": 1.87, ""windSpeedKts"": 18.1, ""seaTemperatureC"": 15.01}, {""time"": ""2025-09-29T11:00:00+00:00"", ""tideMeters"": null, ""waveHeightM"": 1.92, ""windSpeedKts"": 18.4, ""seaTemperatureC"": 15.02}, {""time"": ""2025-09-29T12:00:00+00:00"", ""tideMeters"": null, ""waveHeightM"": 1.97, ""windSpeedKts"": 18.8, ""seaTemperatureC"": 15.02}, {""time"": ""2025-09-29T13:00:00+00:00"", ""tideMeters"": null, ""waveHeightM"": 2.02, ""windSpeedKts"": 19.5, ""seaTemperatureC"": 15.01}, {""time"": ""2025-09-29T14:00:00+00:00"", ""tideMeters"": null, ""waveHeightM"": 2.07, ""windSpeedKts"": 20.1, ""seaTemperatureC"": 15.01}, {""time"": ""2025-09-29T15:00:00+00:00"", ""tideMeters"": null, ""waveHeightM"": 2.12, ""windSpeedKts"": 20.8, ""seaTemperatureC"": 15}, {""time"": ""2025-09-29T16:00:00+00:00"", ""tideMeters"": null, ""waveHeightM"": 2.18, ""windSpeedKts"": 20.6, ""seaTemperatureC"": 15}, {""time"": ""2025-09-29T17:00:00+00:00"", ""tideMeters"": null, ""waveHeightM"": 2.25, ""windSpeedKts"": 20.4, ""seaTemperatureC"": 15}, {""time"": ""2025-09-29T18:00:00+00:00"", ""tideMeters"": null, ""waveHeightM"": 2.34, ""windSpeedKts"": 20.2, ""seaTemperatureC"": 15}, {""time"": ""2025-09-29T19:00:00+00:00"", ""tideMeters"": null, ""waveHeightM"": 2.45, ""windSpeedKts"": 19.7, ""seaTemperatureC"": 15}, {""time"": ""2025-09-29T20:00:00+00:00"", ""tideMeters"": null, ""waveHeightM"": 2.58, ""windSpeedKts"": 19.1, ""seaTemperatureC"": 14.99}, {""time"": ""2025-09-29T21:00:00+00:00"", ""tideMeters"": null, ""waveHeightM"": 2.72, ""windSpeedKts"": 18.6, ""seaTemperatureC"": 14.99}, {""time"": ""2025-09-29T22:00:00+00:00"", ""tideMeters"": null, ""waveHeightM"": 2.8, ""windSpeedKts"": 17.5, ""seaTemperatureC"": 14.99}, {""time"": ""2025-09-29T23:00:00+00:00"", ""tideMeters"": null, ""waveHeightM"": 2.81, ""windSpeedKts"": 16.3, ""seaTemperatureC"": 14.99}]","[{""label"": ""Mon, Sep 29"", ""summary"": ""Choppy water—plan cautiously and adjust tackle."", ""dateLabel"": ""Mon, Sep 29"", ""waveHeightM"": 2.01, ""fishingScore"": 30, ""windSpeedKts"": 17.5, ""seaTemperatureC"": 15.01}]",ingest:stormglass,2025-09-29 00:16:33.555136+00
27F1,e606dd42-57ce-4385-9946-c430a6ab5367,2025-09-29 00:16:19.708+00,18.34,,,,,,0.28,5.9,2,2025-09-29 07:25:00+00,2025-09-29 02:11:00+00,"[{""time"": ""2025-09-29T00:00:00+00:00"", ""tideMeters"": null, ""waveHeightM"": 0.28, ""windSpeedKts"": 5.9, ""seaTemperatureC"": 18.34}, {""time"": ""2025-09-29T01:00:00+00:00"", ""tideMeters"": null, ""waveHeightM"": 0.29, ""windSpeedKts"": 6.1, ""seaTemperatureC"": 18.31}, {""time"": ""2025-09-29T02:00:00+00:00"", ""tideMeters"": null, ""waveHeightM"": 0.29, ""windSpeedKts"": 6.3, ""seaTemperatureC"": 18.28}, {""time"": ""2025-09-29T03:00:00+00:00"", ""tideMeters"": null, ""waveHeightM"": 0.28, ""windSpeedKts"": 6.5, ""seaTemperatureC"": 18.25}, {""time"": ""2025-09-29T04:00:00+00:00"", ""tideMeters"": null, ""waveHeightM"": 0.28, ""windSpeedKts"": 6.3, ""seaTemperatureC"": 18.22}, {""time"": ""2025-09-29T05:00:00+00:00"", ""tideMeters"": null, ""waveHeightM"": 0.28, ""windSpeedKts"": 6, ""seaTemperatureC"": 18.19}, {""time"": ""2025-09-29T06:00:00+00:00"", ""tideMeters"": null, ""waveHeightM"": 0.28, ""windSpeedKts"": 5.8, ""seaTemperatureC"": 18.16}, {""time"": ""2025-09-29T07:00:00+00:00"", ""tideMeters"": null, ""waveHeightM"": 0.27, ""windSpeedKts"": 5.4, ""seaTemperatureC"": 18.15}, {""time"": ""2025-09-29T08:00:00+00:00"", ""tideMeters"": null, ""waveHeightM"": 0.26, ""windSpeedKts"": 5, ""seaTemperatureC"": 18.16}, {""time"": ""2025-09-29T09:00:00+00:00"", ""tideMeters"": null, ""waveHeightM"": 0.26, ""windSpeedKts"": 4.6, ""seaTemperatureC"": 18.19}, {""time"": ""2025-09-29T10:00:00+00:00"", ""tideMeters"": null, ""waveHeightM"": 0.25, ""windSpeedKts"": 5.4, ""seaTemperatureC"": 18.25}, {""time"": ""2025-09-29T11:00:00+00:00"", ""tideMeters"": null, ""waveHeightM"": 0.25, ""windSpeedKts"": 6.3, ""seaTemperatureC"": 18.32}, {""time"": ""2025-09-29T12:00:00+00:00"", ""tideMeters"": null, ""waveHeightM"": 0.24, ""windSpeedKts"": 7.1, ""seaTemperatureC"": 18.41}, {""time"": ""2025-09-29T13:00:00+00:00"", ""tideMeters"": null, ""waveHeightM"": 0.24, ""windSpeedKts"": 6.5, ""seaTemperatureC"": 18.49}, {""time"": ""2025-09-29T14:00:00+00:00"", ""tideMeters"": null, ""waveHeightM"": 0.23, ""windSpeedKts"": 5.8, ""seaTemperatureC"": 18.54}, {""time"": ""2025-09-29T15:00:00+00:00"", ""tideMeters"": null, ""waveHeightM"": 0.22, ""windSpeedKts"": 5.2, ""seaTemperatureC"": 18.55}, {""time"": ""2025-09-29T16:00:00+00:00"", ""tideMeters"": null, ""waveHeightM"": 0.22, ""windSpeedKts"": 4.8, ""seaTemperatureC"": 18.52}, {""time"": ""2025-09-29T17:00:00+00:00"", ""tideMeters"": null, ""waveHeightM"": 0.21, ""windSpeedKts"": 4.4, ""seaTemperatureC"": 18.49}, {""time"": ""2025-09-29T18:00:00+00:00"", ""tideMeters"": null, ""waveHeightM"": 0.2, ""windSpeedKts"": 4, ""seaTemperatureC"": 18.46}, {""time"": ""2025-09-29T19:00:00+00:00"", ""tideMeters"": null, ""waveHeightM"": 0.2, ""windSpeedKts"": 4.4, ""seaTemperatureC"": 18.44}, {""time"": ""2025-09-29T20:00:00+00:00"", ""tideMeters"": null, ""waveHeightM"": 0.2, ""windSpeedKts"": 4.7, ""seaTemperatureC"": 18.42}, {""time"": ""2025-09-29T21:00:00+00:00"", ""tideMeters"": null, ""waveHeightM"": 0.2, ""windSpeedKts"": 5.1, ""seaTemperatureC"": 18.4}, {""time"": ""2025-09-29T22:00:00+00:00"", ""tideMeters"": null, ""waveHeightM"": 0.2, ""windSpeedKts"": 5.1, ""seaTemperatureC"": 18.37}, {""time"": ""2025-09-29T23:00:00+00:00"", ""tideMeters"": null, ""waveHeightM"": 0.21, ""windSpeedKts"": 5.1, ""seaTemperatureC"": 18.35}]","[{""label"": ""Mon, Sep 29"", ""summary"": ""Calm seas and light winds—ideal for most fishing styles."", ""dateLabel"": ""Mon, Sep 29"", ""waveHeightM"": 0.24, ""fishingScore"": 70, ""windSpeedKts"": 5.5, ""seaTemperatureC"": 18.34}]",ingest:stormglass,2025-09-29 00:16:34.60123+00
28D8,d0c4542c-17ee-467d-9345-40a310c2e626,2025-09-29 00:16:19.708+00,14.85,,,,,,1.26,10.7,194,2025-09-29 09:46:00+00,2025-09-29 03:02:00+00,"[{""time"": ""2025-09-29T00:00:00+00:00"", ""tideMeters"": null, ""waveHeightM"": 1.26, ""windSpeedKts"": 10.7, ""seaTemperatureC"": 14.85}, {""time"": ""2025-09-29T01:00:00+00:00"", ""tideMeters"": null, ""waveHeightM"": 1.24, ""windSpeedKts"": 11.5, ""seaTemperatureC"": 14.84}, {""time"": ""2025-09-29T02:00:00+00:00"", ""tideMeters"": null, ""waveHeightM"": 1.25, ""windSpeedKts"": 12.4, ""seaTemperatureC"": 14.84}, {""time"": ""2025-09-29T03:00:00+00:00"", ""tideMeters"": null, ""waveHeightM"": 1.25, ""windSpeedKts"": 13.3, ""seaTemperatureC"": 14.84}, {""time"": ""2025-09-29T04:00:00+00:00"", ""tideMeters"": null, ""waveHeightM"": 1.24, ""windSpeedKts"": 13.7, ""seaTemperatureC"": 14.83}, {""time"": ""2025-09-29T05:00:00+00:00"", ""tideMeters"": null, ""waveHeightM"": 1.24, ""windSpeedKts"": 14, ""seaTemperatureC"": 14.83}, {""time"": ""2025-09-29T06:00:00+00:00"", ""tideMeters"": null, ""waveHeightM"": 1.23, ""windSpeedKts"": 14.4, ""seaTemperatureC"": 14.83}, {""time"": ""2025-09-29T07:00:00+00:00"", ""tideMeters"": null, ""waveHeightM"": 1.23, ""windSpeedKts"": 15.1, ""seaTemperatureC"": 14.83}, {""time"": ""2025-09-29T08:00:00+00:00"", ""tideMeters"": null, ""waveHeightM"": 1.24, ""windSpeedKts"": 15.7, ""seaTemperatureC"": 14.83}, {""time"": ""2025-09-29T09:00:00+00:00"", ""tideMeters"": null, ""waveHeightM"": 1.25, ""windSpeedKts"": 16.4, ""seaTemperatureC"": 14.83}, {""time"": ""2025-09-29T10:00:00+00:00"", ""tideMeters"": null, ""waveHeightM"": 1.27, ""windSpeedKts"": 16.9, ""seaTemperatureC"": 14.83}, {""time"": ""2025-09-29T11:00:00+00:00"", ""tideMeters"": null, ""waveHeightM"": 1.29, ""windSpeedKts"": 17.5, ""seaTemperatureC"": 14.83}, {""time"": ""2025-09-29T12:00:00+00:00"", ""tideMeters"": null, ""waveHeightM"": 1.31, ""windSpeedKts"": 18, ""seaTemperatureC"": 14.83}, {""time"": ""2025-09-29T13:00:00+00:00"", ""tideMeters"": null, ""waveHeightM"": 1.33, ""windSpeedKts"": 17.3, ""seaTemperatureC"": 14.83}, {""time"": ""2025-09-29T14:00:00+00:00"", ""tideMeters"": null, ""waveHeightM"": 1.36, ""windSpeedKts"": 16.6, ""seaTemperatureC"": 14.83}, {""time"": ""2025-09-29T15:00:00+00:00"", ""tideMeters"": null, ""waveHeightM"": 1.41, ""windSpeedKts"": 15.9, ""seaTemperatureC"": 14.83}, {""time"": ""2025-09-29T16:00:00+00:00"", ""tideMeters"": null, ""waveHeightM"": 1.48, ""windSpeedKts"": 16.5, ""seaTemperatureC"": 14.83}, {""time"": ""2025-09-29T17:00:00+00:00"", ""tideMeters"": null, ""waveHeightM"": 1.56, ""windSpeedKts"": 17, ""seaTemperatureC"": 14.82}, {""time"": ""2025-09-29T18:00:00+00:00"", ""tideMeters"": null, ""waveHeightM"": 1.64, ""windSpeedKts"": 17.6, ""seaTemperatureC"": 14.82}, {""time"": ""2025-09-29T19:00:00+00:00"", ""tideMeters"": null, ""waveHeightM"": 1.73, ""windSpeedKts"": 17.5, ""seaTemperatureC"": 14.82}, {""time"": ""2025-09-29T20:00:00+00:00"", ""tideMeters"": null, ""waveHeightM"": 1.82, ""windSpeedKts"": 17.4, ""seaTemperatureC"": 14.81}, {""time"": ""2025-09-29T21:00:00+00:00"", ""tideMeters"": null, ""waveHeightM"": 1.92, ""windSpeedKts"": 17.3, ""seaTemperatureC"": 14.81}, {""time"": ""2025-09-29T22:00:00+00:00"", ""tideMeters"": null, ""waveHeightM"": 2.03, ""windSpeedKts"": 17.3, ""seaTemperatureC"": 14.8}, {""time"": ""2025-09-29T23:00:00+00:00"", ""tideMeters"": null, ""waveHeightM"": 2.14, ""windSpeedKts"": 17.4, ""seaTemperatureC"": 14.8}]","[{""label"": ""Mon, Sep 29"", ""summary"": ""Balanced marine conditions expected."", ""dateLabel"": ""Mon, Sep 29"", ""waveHeightM"": 1.45, ""fishingScore"": 45, ""windSpeedKts"": 15.7, ""seaTemperatureC"": 14.83}]",ingest:stormglass,2025-09-29 00:16:35.704818+00
28D9,c06aab6b-dc4e-4095-9a45-6065ec2d9027,2025-09-29 00:16:19.708+00,14.6,,,,,,1.54,14.9,206,2025-09-29 09:44:00+00,2025-09-29 03:02:00+00,"[{""time"": ""2025-09-29T00:00:00+00:00"", ""tideMeters"": null, ""waveHeightM"": 1.54, ""windSpeedKts"": 14.9, ""seaTemperatureC"": 14.6}, {""time"": ""2025-09-29T01:00:00+00:00"", ""tideMeters"": null, ""waveHeightM"": 1.56, ""windSpeedKts"": 15.9, ""seaTemperatureC"": 14.59}, {""time"": ""2025-09-29T02:00:00+00:00"", ""tideMeters"": null, ""waveHeightM"": 1.57, ""windSpeedKts"": 16.9, ""seaTemperatureC"": 14.58}, {""time"": ""2025-09-29T03:00:00+00:00"", ""tideMeters"": null, ""waveHeightM"": 1.59, ""windSpeedKts"": 17.8, ""seaTemperatureC"": 14.58}, {""time"": ""2025-09-29T04:00:00+00:00"", ""tideMeters"": null, ""waveHeightM"": 1.61, ""windSpeedKts"": 18.4, ""seaTemperatureC"": 14.58}, {""time"": ""2025-09-29T05:00:00+00:00"", ""tideMeters"": null, ""waveHeightM"": 1.65, ""windSpeedKts"": 19.1, ""seaTemperatureC"": 14.58}, {""time"": ""2025-09-29T06:00:00+00:00"", ""tideMeters"": null, ""waveHeightM"": 1.7, ""windSpeedKts"": 19.7, ""seaTemperatureC"": 14.58}, {""time"": ""2025-09-29T07:00:00+00:00"", ""tideMeters"": null, ""waveHeightM"": 1.74, ""windSpeedKts"": 19.7, ""seaTemperatureC"": 14.58}, {""time"": ""2025-09-29T08:00:00+00:00"", ""tideMeters"": null, ""waveHeightM"": 1.77, ""windSpeedKts"": 19.8, ""seaTemperatureC"": 14.58}, {""time"": ""2025-09-29T09:00:00+00:00"", ""tideMeters"": null, ""waveHeightM"": 1.78, ""windSpeedKts"": 19.8, ""seaTemperatureC"": 14.59}, {""time"": ""2025-09-29T10:00:00+00:00"", ""tideMeters"": null, ""waveHeightM"": 1.82, ""windSpeedKts"": 20.4, ""seaTemperatureC"": 14.59}, {""time"": ""2025-09-29T11:00:00+00:00"", ""tideMeters"": null, ""waveHeightM"": 1.87, ""windSpeedKts"": 21, ""seaTemperatureC"": 14.58}, {""time"": ""2025-09-29T12:00:00+00:00"", ""tideMeters"": null, ""waveHeightM"": 1.94, ""windSpeedKts"": 21.5, ""seaTemperatureC"": 14.57}, {""time"": ""2025-09-29T13:00:00+00:00"", ""tideMeters"": null, ""waveHeightM"": 2.01, ""windSpeedKts"": 22, ""seaTemperatureC"": 14.57}, {""time"": ""2025-09-29T14:00:00+00:00"", ""tideMeters"": null, ""waveHeightM"": 2.11, ""windSpeedKts"": 22.5, ""seaTemperatureC"": 14.57}, {""time"": ""2025-09-29T15:00:00+00:00"", ""tideMeters"": null, ""waveHeightM"": 2.22, ""windSpeedKts"": 23.1, ""seaTemperatureC"": 14.57}, {""time"": ""2025-09-29T16:00:00+00:00"", ""tideMeters"": null, ""waveHeightM"": 2.33, ""windSpeedKts"": 23.2, ""seaTemperatureC"": 14.57}, {""time"": ""2025-09-29T17:00:00+00:00"", ""tideMeters"": null, ""waveHeightM"": 2.41, ""windSpeedKts"": 23.4, ""seaTemperatureC"": 14.56}, {""time"": ""2025-09-29T18:00:00+00:00"", ""tideMeters"": null, ""waveHeightM"": 2.5, ""windSpeedKts"": 23.6, ""seaTemperatureC"": 14.56}, {""time"": ""2025-09-29T19:00:00+00:00"", ""tideMeters"": null, ""waveHeightM"": 2.6, ""windSpeedKts"": 23.6, ""seaTemperatureC"": 14.56}, {""time"": ""2025-09-29T20:00:00+00:00"", ""tideMeters"": null, ""waveHeightM"": 2.72, ""windSpeedKts"": 23.6, ""seaTemperatureC"": 14.55}, {""time"": ""2025-09-29T21:00:00+00:00"", ""tideMeters"": null, ""waveHeightM"": 2.85, ""windSpeedKts"": 23.6, ""seaTemperatureC"": 14.55}, {""time"": ""2025-09-29T22:00:00+00:00"", ""tideMeters"": null, ""waveHeightM"": 2.9, ""windSpeedKts"": 21.5, ""seaTemperatureC"": 14.55}, {""time"": ""2025-09-29T23:00:00+00:00"", ""tideMeters"": null, ""waveHeightM"": 2.91, ""windSpeedKts"": 19.5, ""seaTemperatureC"": 14.54}]","[{""label"": ""Mon, Sep 29"", ""summary"": ""Choppy water—plan cautiously and adjust tackle."", ""dateLabel"": ""Mon, Sep 29"", ""waveHeightM"": 2.07, ""fishingScore"": 22, ""windSpeedKts"": 20.6, ""seaTemperatureC"": 14.57}]",ingest:stormglass,2025-09-29 00:16:36.773576+00
28F2,b8e793fc-f488-49ee-b35f-5f2ceea7db47,2025-09-29 00:16:19.708+00,17.74,,,,,,0.03,9.1,23,2025-09-29 07:03:00+00,2025-09-29 01:52:00+00,"[{""time"": ""2025-09-29T00:00:00+00:00"", ""tideMeters"": null, ""waveHeightM"": 0.03, ""windSpeedKts"": 9.1, ""seaTemperatureC"": 17.74}, {""time"": ""2025-09-29T01:00:00+00:00"", ""tideMeters"": null, ""waveHeightM"": 0.03, ""windSpeedKts"": 8.7, ""seaTemperatureC"": 17.71}, {""time"": ""2025-09-29T02:00:00+00:00"", ""tideMeters"": null, ""waveHeightM"": 0.03, ""windSpeedKts"": 8.3, ""seaTemperatureC"": 17.69}, {""time"": ""2025-09-29T03:00:00+00:00"", ""tideMeters"": null, ""waveHeightM"": 0.03, ""windSpeedKts"": 8, ""seaTemperatureC"": 17.66}, {""time"": ""2025-09-29T04:00:00+00:00"", ""tideMeters"": null, ""waveHeightM"": 0.03, ""windSpeedKts"": 7.7, ""seaTemperatureC"": 17.64}, {""time"": ""2025-09-29T05:00:00+00:00"", ""tideMeters"": null, ""waveHeightM"": 0.03, ""windSpeedKts"": 7.5, ""seaTemperatureC"": 17.61}, {""time"": ""2025-09-29T06:00:00+00:00"", ""tideMeters"": null, ""waveHeightM"": 0.03, ""windSpeedKts"": 7.3, ""seaTemperatureC"": 17.59}, {""time"": ""2025-09-29T07:00:00+00:00"", ""tideMeters"": null, ""waveHeightM"": 0.03, ""windSpeedKts"": 7, ""seaTemperatureC"": 17.58}, {""time"": ""2025-09-29T08:00:00+00:00"", ""tideMeters"": null, ""waveHeightM"": 0.03, ""windSpeedKts"": 6.8, ""seaTemperatureC"": 17.59}, {""time"": ""2025-09-29T09:00:00+00:00"", ""tideMeters"": null, ""waveHeightM"": 0.03, ""windSpeedKts"": 6.6, ""seaTemperatureC"": 17.61}, {""time"": ""2025-09-29T10:00:00+00:00"", ""tideMeters"": null, ""waveHeightM"": 0.03, ""windSpeedKts"": 6.4, ""seaTemperatureC"": 17.66}, {""time"": ""2025-09-29T11:00:00+00:00"", ""tideMeters"": null, ""waveHeightM"": 0.03, ""windSpeedKts"": 6.3, ""seaTemperatureC"": 17.72}, {""time"": ""2025-09-29T12:00:00+00:00"", ""tideMeters"": null, ""waveHeightM"": 0.03, ""windSpeedKts"": 6.1, ""seaTemperatureC"": 17.8}, {""time"": ""2025-09-29T13:00:00+00:00"", ""tideMeters"": null, ""waveHeightM"": 0.03, ""windSpeedKts"": 6.6, ""seaTemperatureC"": 17.86}, {""time"": ""2025-09-29T14:00:00+00:00"", ""tideMeters"": null, ""waveHeightM"": 0.03, ""windSpeedKts"": 7.1, ""seaTemperatureC"": 17.89}, {""time"": ""2025-09-29T15:00:00+00:00"", ""tideMeters"": null, ""waveHeightM"": 0.03, ""windSpeedKts"": 7.5, ""seaTemperatureC"": 17.89}, {""time"": ""2025-09-29T16:00:00+00:00"", ""tideMeters"": null, ""waveHeightM"": 0.03, ""windSpeedKts"": 7.2, ""seaTemperatureC"": 17.9}, {""time"": ""2025-09-29T17:00:00+00:00"", ""tideMeters"": null, ""waveHeightM"": 0.03, ""windSpeedKts"": 6.9, ""seaTemperatureC"": 17.89}, {""time"": ""2025-09-29T18:00:00+00:00"", ""tideMeters"": null, ""waveHeightM"": 0.03, ""windSpeedKts"": 6.6, ""seaTemperatureC"": 17.88}, {""time"": ""2025-09-29T19:00:00+00:00"", ""tideMeters"": null, ""waveHeightM"": 0.03, ""windSpeedKts"": 7.4, ""seaTemperatureC"": 17.87}, {""time"": ""2025-09-29T20:00:00+00:00"", ""tideMeters"": null, ""waveHeightM"": 0.03, ""windSpeedKts"": 8.2, ""seaTemperatureC"": 17.86}, {""time"": ""2025-09-29T21:00:00+00:00"", ""tideMeters"": null, ""waveHeightM"": 0.03, ""windSpeedKts"": 9.1, ""seaTemperatureC"": 17.84}, {""time"": ""2025-09-29T22:00:00+00:00"", ""tideMeters"": null, ""waveHeightM"": 0.03, ""windSpeedKts"": 8.4, ""seaTemperatureC"": 17.82}, {""time"": ""2025-09-29T23:00:00+00:00"", ""tideMeters"": null, ""waveHeightM"": 0.03, ""windSpeedKts"": 7.7, ""seaTemperatureC"": 17.8}]","[{""label"": ""Mon, Sep 29"", ""summary"": ""Calm seas and light winds—ideal for most fishing styles."", ""dateLabel"": ""Mon, Sep 29"", ""waveHeightM"": 0.03, ""fishingScore"": 74, ""windSpeedKts"": 7.4, ""seaTemperatureC"": 17.75}]",ingest:stormglass,2025-09-29 00:16:37.846779+00
28F4,ea6c3a21-4151-4729-98e0-e5257bf1732e,2025-09-29 00:16:19.708+00,17.08,,,,,,0.38,6,4,2025-09-29 07:25:00+00,2025-09-29 01:35:00+00,"[{""time"": ""2025-09-29T00:00:00+00:00"", ""tideMeters"": null, ""waveHeightM"": 0.38, ""windSpeedKts"": 6, ""seaTemperatureC"": 17.08}, {""time"": ""2025-09-29T01:00:00+00:00"", ""tideMeters"": null, ""waveHeightM"": 0.37, ""windSpeedKts"": 5.7, ""seaTemperatureC"": 17.07}, {""time"": ""2025-09-29T02:00:00+00:00"", ""tideMeters"": null, ""waveHeightM"": 0.35, ""windSpeedKts"": 5.3, ""seaTemperatureC"": 17.06}, {""time"": ""2025-09-29T03:00:00+00:00"", ""tideMeters"": null, ""waveHeightM"": 0.32, ""windSpeedKts"": 5, ""seaTemperatureC"": 17.05}, {""time"": ""2025-09-29T04:00:00+00:00"", ""tideMeters"": null, ""waveHeightM"": 0.3, ""windSpeedKts"": 4.7, ""seaTemperatureC"": 17.04}, {""time"": ""2025-09-29T05:00:00+00:00"", ""tideMeters"": null, ""waveHeightM"": 0.28, ""windSpeedKts"": 4.5, ""seaTemperatureC"": 17.03}, {""time"": ""2025-09-29T06:00:00+00:00"", ""tideMeters"": null, ""waveHeightM"": 0.26, ""windSpeedKts"": 4.2, ""seaTemperatureC"": 17.02}, {""time"": ""2025-09-29T07:00:00+00:00"", ""tideMeters"": null, ""waveHeightM"": 0.25, ""windSpeedKts"": 4.3, ""seaTemperatureC"": 17.02}, {""time"": ""2025-09-29T08:00:00+00:00"", ""tideMeters"": null, ""waveHeightM"": 0.24, ""windSpeedKts"": 4.4, ""seaTemperatureC"": 17.03}, {""time"": ""2025-09-29T09:00:00+00:00"", ""tideMeters"": null, ""waveHeightM"": 0.22, ""windSpeedKts"": 4.5, ""seaTemperatureC"": 17.05}, {""time"": ""2025-09-29T10:00:00+00:00"", ""tideMeters"": null, ""waveHeightM"": 0.21, ""windSpeedKts"": 4.7, ""seaTemperatureC"": 17.09}, {""time"": ""2025-09-29T11:00:00+00:00"", ""tideMeters"": null, ""waveHeightM"": 0.2, ""windSpeedKts"": 4.9, ""seaTemperatureC"": 17.15}, {""time"": ""2025-09-29T12:00:00+00:00"", ""tideMeters"": null, ""waveHeightM"": 0.19, ""windSpeedKts"": 5.1, ""seaTemperatureC"": 17.24}, {""time"": ""2025-09-29T13:00:00+00:00"", ""tideMeters"": null, ""waveHeightM"": 0.18, ""windSpeedKts"": 5, ""seaTemperatureC"": 17.33}, {""time"": ""2025-09-29T14:00:00+00:00"", ""tideMeters"": null, ""waveHeightM"": 0.18, ""windSpeedKts"": 4.9, ""seaTemperatureC"": 17.38}, {""time"": ""2025-09-29T15:00:00+00:00"", ""tideMeters"": null, ""waveHeightM"": 0.17, ""windSpeedKts"": 4.8, ""seaTemperatureC"": 17.39}, {""time"": ""2025-09-29T16:00:00+00:00"", ""tideMeters"": null, ""waveHeightM"": 0.17, ""windSpeedKts"": 4.9, ""seaTemperatureC"": 17.35}, {""time"": ""2025-09-29T17:00:00+00:00"", ""tideMeters"": null, ""waveHeightM"": 0.16, ""windSpeedKts"": 5, ""seaTemperatureC"": 17.29}, {""time"": ""2025-09-29T18:00:00+00:00"", ""tideMeters"": null, ""waveHeightM"": 0.16, ""windSpeedKts"": 5.1, ""seaTemperatureC"": 17.22}, {""time"": ""2025-09-29T19:00:00+00:00"", ""tideMeters"": null, ""waveHeightM"": 0.15, ""windSpeedKts"": 5.2, ""seaTemperatureC"": 17.17}, {""time"": ""2025-09-29T20:00:00+00:00"", ""tideMeters"": null, ""waveHeightM"": 0.15, ""windSpeedKts"": 5.3, ""seaTemperatureC"": 17.14}, {""time"": ""2025-09-29T21:00:00+00:00"", ""tideMeters"": null, ""waveHeightM"": 0.15, ""windSpeedKts"": 5.5, ""seaTemperatureC"": 17.11}, {""time"": ""2025-09-29T22:00:00+00:00"", ""tideMeters"": null, ""waveHeightM"": 0.14, ""windSpeedKts"": 4.9, ""seaTemperatureC"": 17.09}, {""time"": ""2025-09-29T23:00:00+00:00"", ""tideMeters"": null, ""waveHeightM"": 0.14, ""windSpeedKts"": 4.4, ""seaTemperatureC"": 17.08}]","[{""label"": ""Mon, Sep 29"", ""summary"": ""Calm seas and light winds—ideal for most fishing styles."", ""dateLabel"": ""Mon, Sep 29"", ""waveHeightM"": 0.22, ""fishingScore"": 71, ""windSpeedKts"": 4.9, ""seaTemperatureC"": 17.14}]",ingest:stormglass,2025-09-29 00:16:38.957687+00
29D8,aa737687-4c60-48df-9c93-5397022211d6,2025-09-29 00:16:19.708+00,14.34,,,,,,1.41,12.9,186,2025-09-29 09:46:00+00,2025-09-29 03:02:00+00,"[{""time"": ""2025-09-29T00:00:00+00:00"", ""tideMeters"": null, ""waveHeightM"": 1.41, ""windSpeedKts"": 12.9, ""seaTemperatureC"": 14.34}, {""time"": ""2025-09-29T01:00:00+00:00"", ""tideMeters"": null, ""waveHeightM"": 1.4, ""windSpeedKts"": 13.9, ""seaTemperatureC"": 14.33}, {""time"": ""2025-09-29T02:00:00+00:00"", ""tideMeters"": null, ""waveHeightM"": 1.4, ""windSpeedKts"": 14.9, ""seaTemperatureC"": 14.33}, {""time"": ""2025-09-29T03:00:00+00:00"", ""tideMeters"": null, ""waveHeightM"": 1.41, ""windSpeedKts"": 16, ""seaTemperatureC"": 14.32}, {""time"": ""2025-09-29T04:00:00+00:00"", ""tideMeters"": null, ""waveHeightM"": 1.42, ""windSpeedKts"": 16.5, ""seaTemperatureC"": 14.32}, {""time"": ""2025-09-29T05:00:00+00:00"", ""tideMeters"": null, ""waveHeightM"": 1.43, ""windSpeedKts"": 17, ""seaTemperatureC"": 14.32}, {""time"": ""2025-09-29T06:00:00+00:00"", ""tideMeters"": null, ""waveHeightM"": 1.45, ""windSpeedKts"": 17.5, ""seaTemperatureC"": 14.32}, {""time"": ""2025-09-29T07:00:00+00:00"", ""tideMeters"": null, ""waveHeightM"": 1.48, ""windSpeedKts"": 18.3, ""seaTemperatureC"": 14.32}, {""time"": ""2025-09-29T08:00:00+00:00"", ""tideMeters"": null, ""waveHeightM"": 1.52, ""windSpeedKts"": 19, ""seaTemperatureC"": 14.32}, {""time"": ""2025-09-29T09:00:00+00:00"", ""tideMeters"": null, ""waveHeightM"": 1.59, ""windSpeedKts"": 19.8, ""seaTemperatureC"": 14.32}, {""time"": ""2025-09-29T10:00:00+00:00"", ""tideMeters"": null, ""waveHeightM"": 1.64, ""windSpeedKts"": 20.3, ""seaTemperatureC"": 14.32}, {""time"": ""2025-09-29T11:00:00+00:00"", ""tideMeters"": null, ""waveHeightM"": 1.69, ""windSpeedKts"": 20.8, ""seaTemperatureC"": 14.32}, {""time"": ""2025-09-29T12:00:00+00:00"", ""tideMeters"": null, ""waveHeightM"": 1.73, ""windSpeedKts"": 21.3, ""seaTemperatureC"": 14.32}, {""time"": ""2025-09-29T13:00:00+00:00"", ""tideMeters"": null, ""waveHeightM"": 1.78, ""windSpeedKts"": 21.3, ""seaTemperatureC"": 14.32}, {""time"": ""2025-09-29T14:00:00+00:00"", ""tideMeters"": null, ""waveHeightM"": 1.84, ""windSpeedKts"": 21.3, ""seaTemperatureC"": 14.32}, {""time"": ""2025-09-29T15:00:00+00:00"", ""tideMeters"": null, ""waveHeightM"": 1.91, ""windSpeedKts"": 21.3, ""seaTemperatureC"": 14.32}, {""time"": ""2025-09-29T16:00:00+00:00"", ""tideMeters"": null, ""waveHeightM"": 1.98, ""windSpeedKts"": 21, ""seaTemperatureC"": 14.32}, {""time"": ""2025-09-29T17:00:00+00:00"", ""tideMeters"": null, ""waveHeightM"": 2.04, ""windSpeedKts"": 20.7, ""seaTemperatureC"": 14.31}, {""time"": ""2025-09-29T18:00:00+00:00"", ""tideMeters"": null, ""waveHeightM"": 2.1, ""windSpeedKts"": 20.5, ""seaTemperatureC"": 14.31}, {""time"": ""2025-09-29T19:00:00+00:00"", ""tideMeters"": null, ""waveHeightM"": 2.19, ""windSpeedKts"": 20.6, ""seaTemperatureC"": 14.3}, {""time"": ""2025-09-29T20:00:00+00:00"", ""tideMeters"": null, ""waveHeightM"": 2.29, ""windSpeedKts"": 20.7, ""seaTemperatureC"": 14.3}, {""time"": ""2025-09-29T21:00:00+00:00"", ""tideMeters"": null, ""waveHeightM"": 2.42, ""windSpeedKts"": 20.9, ""seaTemperatureC"": 14.29}, {""time"": ""2025-09-29T22:00:00+00:00"", ""tideMeters"": null, ""waveHeightM"": 2.53, ""windSpeedKts"": 20, ""seaTemperatureC"": 14.29}, {""time"": ""2025-09-29T23:00:00+00:00"", ""tideMeters"": null, ""waveHeightM"": 2.63, ""windSpeedKts"": 19.1, ""seaTemperatureC"": 14.28}]","[{""label"": ""Mon, Sep 29"", ""summary"": ""Choppy water—plan cautiously and adjust tackle."", ""dateLabel"": ""Mon, Sep 29"", ""waveHeightM"": 1.8, ""fishingScore"": 31, ""windSpeedKts"": 19, ""seaTemperatureC"": 14.31}]",ingest:stormglass,2025-09-29 00:16:40.185983+00
29D9,2a46de27-7186-484c-91d6-14859b7888f7,2025-09-29 00:16:19.708+00,14.02,,,,,,1.61,15.6,203,2025-09-29 09:44:00+00,2025-09-29 03:02:00+00,"[{""time"": ""2025-09-29T00:00:00+00:00"", ""tideMeters"": null, ""waveHeightM"": 1.61, ""windSpeedKts"": 15.6, ""seaTemperatureC"": 14.02}, {""time"": ""2025-09-29T01:00:00+00:00"", ""tideMeters"": null, ""waveHeightM"": 1.61, ""windSpeedKts"": 16, ""seaTemperatureC"": 14}, {""time"": ""2025-09-29T02:00:00+00:00"", ""tideMeters"": null, ""waveHeightM"": 1.61, ""windSpeedKts"": 16.4, ""seaTemperatureC"": 13.99}, {""time"": ""2025-09-29T03:00:00+00:00"", ""tideMeters"": null, ""waveHeightM"": 1.62, ""windSpeedKts"": 16.9, ""seaTemperatureC"": 13.98}, {""time"": ""2025-09-29T04:00:00+00:00"", ""tideMeters"": null, ""waveHeightM"": 1.66, ""windSpeedKts"": 17.6, ""seaTemperatureC"": 13.98}, {""time"": ""2025-09-29T05:00:00+00:00"", ""tideMeters"": null, ""waveHeightM"": 1.71, ""windSpeedKts"": 18.3, ""seaTemperatureC"": 13.98}, {""time"": ""2025-09-29T06:00:00+00:00"", ""tideMeters"": null, ""waveHeightM"": 1.77, ""windSpeedKts"": 19, ""seaTemperatureC"": 13.98}, {""time"": ""2025-09-29T07:00:00+00:00"", ""tideMeters"": null, ""waveHeightM"": 1.84, ""windSpeedKts"": 19.3, ""seaTemperatureC"": 13.98}, {""time"": ""2025-09-29T08:00:00+00:00"", ""tideMeters"": null, ""waveHeightM"": 1.91, ""windSpeedKts"": 19.7, ""seaTemperatureC"": 13.98}, {""time"": ""2025-09-29T09:00:00+00:00"", ""tideMeters"": null, ""waveHeightM"": 1.98, ""windSpeedKts"": 20, ""seaTemperatureC"": 13.98}, {""time"": ""2025-09-29T10:00:00+00:00"", ""tideMeters"": null, ""waveHeightM"": 2.06, ""windSpeedKts"": 20.5, ""seaTemperatureC"": 13.98}, {""time"": ""2025-09-29T11:00:00+00:00"", ""tideMeters"": null, ""waveHeightM"": 2.14, ""windSpeedKts"": 21.1, ""seaTemperatureC"": 13.98}, {""time"": ""2025-09-29T12:00:00+00:00"", ""tideMeters"": null, ""waveHeightM"": 2.23, ""windSpeedKts"": 21.6, ""seaTemperatureC"": 13.98}, {""time"": ""2025-09-29T13:00:00+00:00"", ""tideMeters"": null, ""waveHeightM"": 2.31, ""windSpeedKts"": 21.8, ""seaTemperatureC"": 13.98}, {""time"": ""2025-09-29T14:00:00+00:00"", ""tideMeters"": null, ""waveHeightM"": 2.38, ""windSpeedKts"": 22, ""seaTemperatureC"": 13.98}, {""time"": ""2025-09-29T15:00:00+00:00"", ""tideMeters"": null, ""waveHeightM"": 2.45, ""windSpeedKts"": 22.2, ""seaTemperatureC"": 13.98}, {""time"": ""2025-09-29T16:00:00+00:00"", ""tideMeters"": null, ""waveHeightM"": 2.55, ""windSpeedKts"": 23, ""seaTemperatureC"": 13.98}, {""time"": ""2025-09-29T17:00:00+00:00"", ""tideMeters"": null, ""waveHeightM"": 2.68, ""windSpeedKts"": 23.8, ""seaTemperatureC"": 13.98}, {""time"": ""2025-09-29T18:00:00+00:00"", ""tideMeters"": null, ""waveHeightM"": 2.84, ""windSpeedKts"": 24.6, ""seaTemperatureC"": 13.98}, {""time"": ""2025-09-29T19:00:00+00:00"", ""tideMeters"": null, ""waveHeightM"": 2.99, ""windSpeedKts"": 23.9, ""seaTemperatureC"": 13.98}, {""time"": ""2025-09-29T20:00:00+00:00"", ""tideMeters"": null, ""waveHeightM"": 3.1, ""windSpeedKts"": 23.3, ""seaTemperatureC"": 13.98}, {""time"": ""2025-09-29T21:00:00+00:00"", ""tideMeters"": null, ""waveHeightM"": 3.17, ""windSpeedKts"": 22.6, ""seaTemperatureC"": 13.98}, {""time"": ""2025-09-29T22:00:00+00:00"", ""tideMeters"": null, ""waveHeightM"": 3.16, ""windSpeedKts"": 18.6, ""seaTemperatureC"": 13.98}, {""time"": ""2025-09-29T23:00:00+00:00"", ""tideMeters"": null, ""waveHeightM"": 3.08, ""windSpeedKts"": 14.5, ""seaTemperatureC"": 13.98}]","[{""label"": ""Mon, Sep 29"", ""summary"": ""Choppy water—plan cautiously and adjust tackle."", ""dateLabel"": ""Mon, Sep 29"", ""waveHeightM"": 2.27, ""fishingScore"": 19, ""windSpeedKts"": 20.1, ""seaTemperatureC"": 13.98}]",ingest:stormglass,2025-09-29 00:16:41.294424+00
29F3,b563cf4f-2ff0-47a1-81dd-5e5ae9a3a4fc,2025-09-29 00:16:19.708+00,17.68,,,,,,0.69,5.6,5,2025-09-29 07:13:00+00,2025-09-29 01:27:00+00,"[{""time"": ""2025-09-29T00:00:00+00:00"", ""tideMeters"": null, ""waveHeightM"": 0.69, ""windSpeedKts"": 5.6, ""seaTemperatureC"": 17.68}, {""time"": ""2025-09-29T01:00:00+00:00"", ""tideMeters"": null, ""waveHeightM"": 0.65, ""windSpeedKts"": 5.3, ""seaTemperatureC"": 17.66}, {""time"": ""2025-09-29T02:00:00+00:00"", ""tideMeters"": null, ""waveHeightM"": 0.62, ""windSpeedKts"": 5.1, ""seaTemperatureC"": 17.64}, {""time"": ""2025-09-29T03:00:00+00:00"", ""tideMeters"": null, ""waveHeightM"": 0.59, ""windSpeedKts"": 4.9, ""seaTemperatureC"": 17.62}, {""time"": ""2025-09-29T04:00:00+00:00"", ""tideMeters"": null, ""waveHeightM"": 0.57, ""windSpeedKts"": 4.8, ""seaTemperatureC"": 17.61}, {""time"": ""2025-09-29T05:00:00+00:00"", ""tideMeters"": null, ""waveHeightM"": 0.55, ""windSpeedKts"": 4.8, ""seaTemperatureC"": 17.59}, {""time"": ""2025-09-29T06:00:00+00:00"", ""tideMeters"": null, ""waveHeightM"": 0.53, ""windSpeedKts"": 4.7, ""seaTemperatureC"": 17.58}, {""time"": ""2025-09-29T07:00:00+00:00"", ""tideMeters"": null, ""waveHeightM"": 0.51, ""windSpeedKts"": 4.8, ""seaTemperatureC"": 17.57}, {""time"": ""2025-09-29T08:00:00+00:00"", ""tideMeters"": null, ""waveHeightM"": 0.5, ""windSpeedKts"": 4.9, ""seaTemperatureC"": 17.58}, {""time"": ""2025-09-29T09:00:00+00:00"", ""tideMeters"": null, ""waveHeightM"": 0.48, ""windSpeedKts"": 5, ""seaTemperatureC"": 17.6}, {""time"": ""2025-09-29T10:00:00+00:00"", ""tideMeters"": null, ""waveHeightM"": 0.47, ""windSpeedKts"": 5.3, ""seaTemperatureC"": 17.65}, {""time"": ""2025-09-29T11:00:00+00:00"", ""tideMeters"": null, ""waveHeightM"": 0.45, ""windSpeedKts"": 5.7, ""seaTemperatureC"": 17.72}, {""time"": ""2025-09-29T12:00:00+00:00"", ""tideMeters"": null, ""waveHeightM"": 0.43, ""windSpeedKts"": 6, ""seaTemperatureC"": 17.83}, {""time"": ""2025-09-29T13:00:00+00:00"", ""tideMeters"": null, ""waveHeightM"": 0.42, ""windSpeedKts"": 5.9, ""seaTemperatureC"": 17.95}, {""time"": ""2025-09-29T14:00:00+00:00"", ""tideMeters"": null, ""waveHeightM"": 0.41, ""windSpeedKts"": 5.9, ""seaTemperatureC"": 18.02}, {""time"": ""2025-09-29T15:00:00+00:00"", ""tideMeters"": null, ""waveHeightM"": 0.39, ""windSpeedKts"": 5.8, ""seaTemperatureC"": 17.97}, {""time"": ""2025-09-29T16:00:00+00:00"", ""tideMeters"": null, ""waveHeightM"": 0.4, ""windSpeedKts"": 6, ""seaTemperatureC"": 17.9}, {""time"": ""2025-09-29T17:00:00+00:00"", ""tideMeters"": null, ""waveHeightM"": 0.41, ""windSpeedKts"": 6.1, ""seaTemperatureC"": 17.86}, {""time"": ""2025-09-29T18:00:00+00:00"", ""tideMeters"": null, ""waveHeightM"": 0.42, ""windSpeedKts"": 6.2, ""seaTemperatureC"": 17.81}, {""time"": ""2025-09-29T19:00:00+00:00"", ""tideMeters"": null, ""waveHeightM"": 0.44, ""windSpeedKts"": 5.6, ""seaTemperatureC"": 17.76}, {""time"": ""2025-09-29T20:00:00+00:00"", ""tideMeters"": null, ""waveHeightM"": 0.46, ""windSpeedKts"": 5, ""seaTemperatureC"": 17.72}, {""time"": ""2025-09-29T21:00:00+00:00"", ""tideMeters"": null, ""waveHeightM"": 0.48, ""windSpeedKts"": 4.4, ""seaTemperatureC"": 17.69}, {""time"": ""2025-09-29T22:00:00+00:00"", ""tideMeters"": null, ""waveHeightM"": 0.47, ""windSpeedKts"": 4.3, ""seaTemperatureC"": 17.67}, {""time"": ""2025-09-29T23:00:00+00:00"", ""tideMeters"": null, ""waveHeightM"": 0.46, ""windSpeedKts"": 4.1, ""seaTemperatureC"": 17.65}]","[{""label"": ""Mon, Sep 29"", ""summary"": ""Calm seas and light winds—ideal for most fishing styles."", ""dateLabel"": ""Mon, Sep 29"", ""waveHeightM"": 0.49, ""fishingScore"": 65, ""windSpeedKts"": 5.3, ""seaTemperatureC"": 17.72}]",ingest:stormglass,2025-09-29 00:16:42.135512+00
30D5,f5aa22ed-3ceb-42ca-ae95-c42cd0755d45,2025-09-29 00:16:19.708+00,14.5,,,,,,0.68,8,174,2025-09-29 06:21:00+00,2025-09-29 00:21:00+00,"[{""time"": ""2025-09-29T00:00:00+00:00"", ""tideMeters"": null, ""waveHeightM"": 0.68, ""windSpeedKts"": 8, ""seaTemperatureC"": 14.5}, {""time"": ""2025-09-29T01:00:00+00:00"", ""tideMeters"": null, ""waveHeightM"": 0.68, ""windSpeedKts"": 8.8, ""seaTemperatureC"": 14.5}, {""time"": ""2025-09-29T02:00:00+00:00"", ""tideMeters"": null, ""waveHeightM"": 0.63, ""windSpeedKts"": 9.6, ""seaTemperatureC"": 14.49}, {""time"": ""2025-09-29T03:00:00+00:00"", ""tideMeters"": null, ""waveHeightM"": 0.56, ""windSpeedKts"": 10.4, ""seaTemperatureC"": 14.49}, {""time"": ""2025-09-29T04:00:00+00:00"", ""tideMeters"": null, ""waveHeightM"": 0.49, ""windSpeedKts"": 11.4, ""seaTemperatureC"": 14.48}, {""time"": ""2025-09-29T05:00:00+00:00"", ""tideMeters"": null, ""waveHeightM"": 0.44, ""windSpeedKts"": 12.2, ""seaTemperatureC"": 14.48}, {""time"": ""2025-09-29T06:00:00+00:00"", ""tideMeters"": null, ""waveHeightM"": 0.43, ""windSpeedKts"": 13.2, ""seaTemperatureC"": 14.48}, {""time"": ""2025-09-29T07:00:00+00:00"", ""tideMeters"": null, ""waveHeightM"": 0.47, ""windSpeedKts"": 13.7, ""seaTemperatureC"": 14.47}, {""time"": ""2025-09-29T08:00:00+00:00"", ""tideMeters"": null, ""waveHeightM"": 0.48, ""windSpeedKts"": 14.2, ""seaTemperatureC"": 14.47}, {""time"": ""2025-09-29T09:00:00+00:00"", ""tideMeters"": null, ""waveHeightM"": 0.5, ""windSpeedKts"": 14.8, ""seaTemperatureC"": 14.48}, {""time"": ""2025-09-29T10:00:00+00:00"", ""tideMeters"": null, ""waveHeightM"": 0.53, ""windSpeedKts"": 14.9, ""seaTemperatureC"": 14.48}, {""time"": ""2025-09-29T11:00:00+00:00"", ""tideMeters"": null, ""waveHeightM"": 0.58, ""windSpeedKts"": 15.1, ""seaTemperatureC"": 14.48}, {""time"": ""2025-09-29T12:00:00+00:00"", ""tideMeters"": null, ""waveHeightM"": 0.63, ""windSpeedKts"": 15.2, ""seaTemperatureC"": 14.48}, {""time"": ""2025-09-29T13:00:00+00:00"", ""tideMeters"": null, ""waveHeightM"": 0.66, ""windSpeedKts"": 15.5, ""seaTemperatureC"": 14.48}, {""time"": ""2025-09-29T14:00:00+00:00"", ""tideMeters"": null, ""waveHeightM"": 0.67, ""windSpeedKts"": 15.8, ""seaTemperatureC"": 14.48}, {""time"": ""2025-09-29T15:00:00+00:00"", ""tideMeters"": null, ""waveHeightM"": 0.67, ""windSpeedKts"": 16.1, ""seaTemperatureC"": 14.49}, {""time"": ""2025-09-29T16:00:00+00:00"", ""tideMeters"": null, ""waveHeightM"": 0.65, ""windSpeedKts"": 15.8, ""seaTemperatureC"": 14.49}, {""time"": ""2025-09-29T17:00:00+00:00"", ""tideMeters"": null, ""waveHeightM"": 0.62, ""windSpeedKts"": 15.5, ""seaTemperatureC"": 14.49}, {""time"": ""2025-09-29T18:00:00+00:00"", ""tideMeters"": null, ""waveHeightM"": 0.6, ""windSpeedKts"": 15.2, ""seaTemperatureC"": 14.48}, {""time"": ""2025-09-29T19:00:00+00:00"", ""tideMeters"": null, ""waveHeightM"": 0.61, ""windSpeedKts"": 16.6, ""seaTemperatureC"": 14.48}, {""time"": ""2025-09-29T20:00:00+00:00"", ""tideMeters"": null, ""waveHeightM"": 0.68, ""windSpeedKts"": 18, ""seaTemperatureC"": 14.48}, {""time"": ""2025-09-29T21:00:00+00:00"", ""tideMeters"": null, ""waveHeightM"": 0.78, ""windSpeedKts"": 19.4, ""seaTemperatureC"": 14.48}, {""time"": ""2025-09-29T22:00:00+00:00"", ""tideMeters"": null, ""waveHeightM"": 0.89, ""windSpeedKts"": 19.1, ""seaTemperatureC"": 14.47}, {""time"": ""2025-09-29T23:00:00+00:00"", ""tideMeters"": null, ""waveHeightM"": 0.96, ""windSpeedKts"": 18.8, ""seaTemperatureC"": 14.47}]","[{""label"": ""Mon, Sep 29"", ""summary"": ""Balanced marine conditions expected."", ""dateLabel"": ""Mon, Sep 29"", ""waveHeightM"": 0.62, ""fishingScore"": 63, ""windSpeedKts"": 14.5, ""seaTemperatureC"": 14.48}]",ingest:stormglass,2025-09-29 00:16:43.594501+00
30D6,d150ebb9-e03c-4f6c-9e45-97665dbb63a8,2025-09-29 00:46:43.9+00,14.55,,,,,,1.19,8.1,169,2025-09-29 10:30:00+00,2025-09-29 04:10:00+00,"[{""time"": ""2025-09-29T00:00:00+00:00"", ""tideMeters"": null, ""waveHeightM"": 1.19, ""windSpeedKts"": 8.1, ""seaTemperatureC"": 14.55}, {""time"": ""2025-09-29T01:00:00+00:00"", ""tideMeters"": null, ""waveHeightM"": 1.07, ""windSpeedKts"": 9.2, ""seaTemperatureC"": 14.55}, {""time"": ""2025-09-29T02:00:00+00:00"", ""tideMeters"": null, ""waveHeightM"": 0.99, ""windSpeedKts"": 10.2, ""seaTemperatureC"": 14.54}, {""time"": ""2025-09-29T03:00:00+00:00"", ""tideMeters"": null, ""waveHeightM"": 0.96, ""windSpeedKts"": 11.3, ""seaTemperatureC"": 14.54}, {""time"": ""2025-09-29T04:00:00+00:00"", ""tideMeters"": null, ""waveHeightM"": 1, ""windSpeedKts"": 11.5, ""seaTemperatureC"": 14.54}, {""time"": ""2025-09-29T05:00:00+00:00"", ""tideMeters"": null, ""waveHeightM"": 1.02, ""windSpeedKts"": 11.8, ""seaTemperatureC"": 14.53}, {""time"": ""2025-09-29T06:00:00+00:00"", ""tideMeters"": null, ""waveHeightM"": 1.06, ""windSpeedKts"": 12.1, ""seaTemperatureC"": 14.53}, {""time"": ""2025-09-29T07:00:00+00:00"", ""tideMeters"": null, ""waveHeightM"": 1.11, ""windSpeedKts"": 12.5, ""seaTemperatureC"": 14.53}, {""time"": ""2025-09-29T08:00:00+00:00"", ""tideMeters"": null, ""waveHeightM"": 1.17, ""windSpeedKts"": 13, ""seaTemperatureC"": 14.52}, {""time"": ""2025-09-29T09:00:00+00:00"", ""tideMeters"": null, ""waveHeightM"": 1.18, ""windSpeedKts"": 13.5, ""seaTemperatureC"": 14.52}, {""time"": ""2025-09-29T10:00:00+00:00"", ""tideMeters"": null, ""waveHeightM"": 1.17, ""windSpeedKts"": 14, ""seaTemperatureC"": 14.52}, {""time"": ""2025-09-29T11:00:00+00:00"", ""tideMeters"": null, ""waveHeightM"": 1.12, ""windSpeedKts"": 14.5, ""seaTemperatureC"": 14.52}, {""time"": ""2025-09-29T12:00:00+00:00"", ""tideMeters"": null, ""waveHeightM"": 1.06, ""windSpeedKts"": 15.1, ""seaTemperatureC"": 14.51}, {""time"": ""2025-09-29T13:00:00+00:00"", ""tideMeters"": null, ""waveHeightM"": 1.02, ""windSpeedKts"": 15.5, ""seaTemperatureC"": 14.51}, {""time"": ""2025-09-29T14:00:00+00:00"", ""tideMeters"": null, ""waveHeightM"": 1, ""windSpeedKts"": 15.9, ""seaTemperatureC"": 14.51}, {""time"": ""2025-09-29T15:00:00+00:00"", ""tideMeters"": null, ""waveHeightM"": 1.02, ""windSpeedKts"": 16.3, ""seaTemperatureC"": 14.5}, {""time"": ""2025-09-29T16:00:00+00:00"", ""tideMeters"": null, ""waveHeightM"": 1.07, ""windSpeedKts"": 16.1, ""seaTemperatureC"": 14.5}, {""time"": ""2025-09-29T17:00:00+00:00"", ""tideMeters"": null, ""waveHeightM"": 1.12, ""windSpeedKts"": 15.8, ""seaTemperatureC"": 14.49}, {""time"": ""2025-09-29T18:00:00+00:00"", ""tideMeters"": null, ""waveHeightM"": 1.2, ""windSpeedKts"": 15.6, ""seaTemperatureC"": 14.49}, {""time"": ""2025-09-29T19:00:00+00:00"", ""tideMeters"": null, ""waveHeightM"": 1.3, ""windSpeedKts"": 15.9, ""seaTemperatureC"": 14.48}, {""time"": ""2025-09-29T20:00:00+00:00"", ""tideMeters"": null, ""waveHeightM"": 1.44, ""windSpeedKts"": 16.3, ""seaTemperatureC"": 14.47}, {""time"": ""2025-09-29T21:00:00+00:00"", ""tideMeters"": null, ""waveHeightM"": 1.56, ""windSpeedKts"": 16.6, ""seaTemperatureC"": 14.47}, {""time"": ""2025-09-29T22:00:00+00:00"", ""tideMeters"": null, ""waveHeightM"": 1.65, ""windSpeedKts"": 17, ""seaTemperatureC"": 14.46}, {""time"": ""2025-09-29T23:00:00+00:00"", ""tideMeters"": null, ""waveHeightM"": 1.68, ""windSpeedKts"": 17.3, ""seaTemperatureC"": 14.45}]","[{""label"": ""Mon, Sep 29"", ""summary"": ""Balanced marine conditions expected."", ""dateLabel"": ""Mon, Sep 29"", ""waveHeightM"": 1.17, ""fishingScore"": 52, ""windSpeedKts"": 14, ""seaTemperatureC"": 14.51}]",ingest:stormglass,2025-09-29 00:46:45.842044+00
30D7,2dd50002-602a-4e47-9f21-95e79a14d314,2025-09-29 00:46:43.9+00,14.67,,,,,,1.28,9.1,173,2025-09-29 10:30:00+00,2025-09-29 04:10:00+00,"[{""time"": ""2025-09-29T00:00:00+00:00"", ""tideMeters"": null, ""waveHeightM"": 1.28, ""windSpeedKts"": 9.1, ""seaTemperatureC"": 14.67}, {""time"": ""2025-09-29T01:00:00+00:00"", ""tideMeters"": null, ""waveHeightM"": 1.25, ""windSpeedKts"": 10.1, ""seaTemperatureC"": 14.66}, {""time"": ""2025-09-29T02:00:00+00:00"", ""tideMeters"": null, ""waveHeightM"": 1.23, ""windSpeedKts"": 11.1, ""seaTemperatureC"": 14.65}, {""time"": ""2025-09-29T03:00:00+00:00"", ""tideMeters"": null, ""waveHeightM"": 1.23, ""windSpeedKts"": 12.1, ""seaTemperatureC"": 14.65}, {""time"": ""2025-09-29T04:00:00+00:00"", ""tideMeters"": null, ""waveHeightM"": 1.26, ""windSpeedKts"": 12.5, ""seaTemperatureC"": 14.65}, {""time"": ""2025-09-29T05:00:00+00:00"", ""tideMeters"": null, ""waveHeightM"": 1.27, ""windSpeedKts"": 12.9, ""seaTemperatureC"": 14.65}, {""time"": ""2025-09-29T06:00:00+00:00"", ""tideMeters"": null, ""waveHeightM"": 1.28, ""windSpeedKts"": 13.3, ""seaTemperatureC"": 14.65}, {""time"": ""2025-09-29T07:00:00+00:00"", ""tideMeters"": null, ""waveHeightM"": 1.28, ""windSpeedKts"": 14.1, ""seaTemperatureC"": 14.65}, {""time"": ""2025-09-29T08:00:00+00:00"", ""tideMeters"": null, ""waveHeightM"": 1.29, ""windSpeedKts"": 14.8, ""seaTemperatureC"": 14.65}, {""time"": ""2025-09-29T09:00:00+00:00"", ""tideMeters"": null, ""waveHeightM"": 1.29, ""windSpeedKts"": 15.6, ""seaTemperatureC"": 14.66}, {""time"": ""2025-09-29T10:00:00+00:00"", ""tideMeters"": null, ""waveHeightM"": 1.28, ""windSpeedKts"": 15.6, ""seaTemperatureC"": 14.66}, {""time"": ""2025-09-29T11:00:00+00:00"", ""tideMeters"": null, ""waveHeightM"": 1.28, ""windSpeedKts"": 15.6, ""seaTemperatureC"": 14.66}, {""time"": ""2025-09-29T12:00:00+00:00"", ""tideMeters"": null, ""waveHeightM"": 1.3, ""windSpeedKts"": 15.6, ""seaTemperatureC"": 14.66}, {""time"": ""2025-09-29T13:00:00+00:00"", ""tideMeters"": null, ""waveHeightM"": 1.34, ""windSpeedKts"": 16.1, ""seaTemperatureC"": 14.66}, {""time"": ""2025-09-29T14:00:00+00:00"", ""tideMeters"": null, ""waveHeightM"": 1.41, ""windSpeedKts"": 16.5, ""seaTemperatureC"": 14.66}, {""time"": ""2025-09-29T15:00:00+00:00"", ""tideMeters"": null, ""waveHeightM"": 1.48, ""windSpeedKts"": 17, ""seaTemperatureC"": 14.66}, {""time"": ""2025-09-29T16:00:00+00:00"", ""tideMeters"": null, ""waveHeightM"": 1.55, ""windSpeedKts"": 17, ""seaTemperatureC"": 14.66}, {""time"": ""2025-09-29T17:00:00+00:00"", ""tideMeters"": null, ""waveHeightM"": 1.62, ""windSpeedKts"": 16.9, ""seaTemperatureC"": 14.65}, {""time"": ""2025-09-29T18:00:00+00:00"", ""tideMeters"": null, ""waveHeightM"": 1.7, ""windSpeedKts"": 16.9, ""seaTemperatureC"": 14.65}, {""time"": ""2025-09-29T19:00:00+00:00"", ""tideMeters"": null, ""waveHeightM"": 1.8, ""windSpeedKts"": 17, ""seaTemperatureC"": 14.65}, {""time"": ""2025-09-29T20:00:00+00:00"", ""tideMeters"": null, ""waveHeightM"": 1.88, ""windSpeedKts"": 17.2, ""seaTemperatureC"": 14.64}, {""time"": ""2025-09-29T21:00:00+00:00"", ""tideMeters"": null, ""waveHeightM"": 1.97, ""windSpeedKts"": 17.3, ""seaTemperatureC"": 14.64}, {""time"": ""2025-09-29T22:00:00+00:00"", ""tideMeters"": null, ""waveHeightM"": 2.08, ""windSpeedKts"": 17.6, ""seaTemperatureC"": 14.63}, {""time"": ""2025-09-29T23:00:00+00:00"", ""tideMeters"": null, ""waveHeightM"": 2.2, ""windSpeedKts"": 17.8, ""seaTemperatureC"": 14.62}]","[{""label"": ""Mon, Sep 29"", ""summary"": ""Balanced marine conditions expected."", ""dateLabel"": ""Mon, Sep 29"", ""waveHeightM"": 1.48, ""fishingScore"": 45, ""windSpeedKts"": 15, ""seaTemperatureC"": 14.65}]",ingest:stormglass,2025-09-29 00:46:47.811984+00
30E8,5a902320-3fbe-4d41-b405-1367f68dd0ce,2025-09-29 00:46:43.9+00,17.46,,,,,,0.55,12.9,353,2025-09-29 01:02:00+00,2025-09-29 07:49:00+00,"[{""time"": ""2025-09-29T00:00:00+00:00"", ""tideMeters"": null, ""waveHeightM"": 0.55, ""windSpeedKts"": 12.9, ""seaTemperatureC"": 17.46}, {""time"": ""2025-09-29T01:00:00+00:00"", ""tideMeters"": null, ""waveHeightM"": 0.59, ""windSpeedKts"": 11.8, ""seaTemperatureC"": 17.46}, {""time"": ""2025-09-29T02:00:00+00:00"", ""tideMeters"": null, ""waveHeightM"": 0.59, ""windSpeedKts"": 10.8, ""seaTemperatureC"": 17.46}, {""time"": ""2025-09-29T03:00:00+00:00"", ""tideMeters"": null, ""waveHeightM"": 0.58, ""windSpeedKts"": 9.8, ""seaTemperatureC"": 17.46}, {""time"": ""2025-09-29T04:00:00+00:00"", ""tideMeters"": null, ""waveHeightM"": 0.54, ""windSpeedKts"": 10.3, ""seaTemperatureC"": 17.46}, {""time"": ""2025-09-29T05:00:00+00:00"", ""tideMeters"": null, ""waveHeightM"": 0.51, ""windSpeedKts"": 10.9, ""seaTemperatureC"": 17.45}, {""time"": ""2025-09-29T06:00:00+00:00"", ""tideMeters"": null, ""waveHeightM"": 0.48, ""windSpeedKts"": 11.4, ""seaTemperatureC"": 17.45}, {""time"": ""2025-09-29T07:00:00+00:00"", ""tideMeters"": null, ""waveHeightM"": 0.46, ""windSpeedKts"": 10.8, ""seaTemperatureC"": 17.44}, {""time"": ""2025-09-29T08:00:00+00:00"", ""tideMeters"": null, ""waveHeightM"": 0.44, ""windSpeedKts"": 10.1, ""seaTemperatureC"": 17.45}, {""time"": ""2025-09-29T09:00:00+00:00"", ""tideMeters"": null, ""waveHeightM"": 0.43, ""windSpeedKts"": 9.5, ""seaTemperatureC"": 17.46}, {""time"": ""2025-09-29T10:00:00+00:00"", ""tideMeters"": null, ""waveHeightM"": 0.43, ""windSpeedKts"": 9.3, ""seaTemperatureC"": 17.47}, {""time"": ""2025-09-29T11:00:00+00:00"", ""tideMeters"": null, ""waveHeightM"": 0.42, ""windSpeedKts"": 9, ""seaTemperatureC"": 17.48}, {""time"": ""2025-09-29T12:00:00+00:00"", ""tideMeters"": null, ""waveHeightM"": 0.41, ""windSpeedKts"": 8.8, ""seaTemperatureC"": 17.49}, {""time"": ""2025-09-29T13:00:00+00:00"", ""tideMeters"": null, ""waveHeightM"": 0.4, ""windSpeedKts"": 8.5, ""seaTemperatureC"": 17.51}, {""time"": ""2025-09-29T14:00:00+00:00"", ""tideMeters"": null, ""waveHeightM"": 0.37, ""windSpeedKts"": 8.2, ""seaTemperatureC"": 17.51}, {""time"": ""2025-09-29T15:00:00+00:00"", ""tideMeters"": null, ""waveHeightM"": 0.34, ""windSpeedKts"": 7.9, ""seaTemperatureC"": 17.51}, {""time"": ""2025-09-29T16:00:00+00:00"", ""tideMeters"": null, ""waveHeightM"": 0.31, ""windSpeedKts"": 7.9, ""seaTemperatureC"": 17.51}, {""time"": ""2025-09-29T17:00:00+00:00"", ""tideMeters"": null, ""waveHeightM"": 0.27, ""windSpeedKts"": 7.8, ""seaTemperatureC"": 17.51}, {""time"": ""2025-09-29T18:00:00+00:00"", ""tideMeters"": null, ""waveHeightM"": 0.25, ""windSpeedKts"": 7.8, ""seaTemperatureC"": 17.54}, {""time"": ""2025-09-29T19:00:00+00:00"", ""tideMeters"": null, ""waveHeightM"": 0.23, ""windSpeedKts"": 7.3, ""seaTemperatureC"": 17.54}, {""time"": ""2025-09-29T20:00:00+00:00"", ""tideMeters"": null, ""waveHeightM"": 0.21, ""windSpeedKts"": 6.8, ""seaTemperatureC"": 17.53}, {""time"": ""2025-09-29T21:00:00+00:00"", ""tideMeters"": null, ""waveHeightM"": 0.2, ""windSpeedKts"": 6.3, ""seaTemperatureC"": 17.52}, {""time"": ""2025-09-29T22:00:00+00:00"", ""tideMeters"": null, ""waveHeightM"": 0.19, ""windSpeedKts"": 5.9, ""seaTemperatureC"": 17.5}, {""time"": ""2025-09-29T23:00:00+00:00"", ""tideMeters"": null, ""waveHeightM"": 0.18, ""windSpeedKts"": 5.7, ""seaTemperatureC"": 17.47}]","[{""label"": ""Mon, Sep 29"", ""summary"": ""Calm seas and light winds—ideal for most fishing styles."", ""dateLabel"": ""Mon, Sep 29"", ""waveHeightM"": 0.39, ""fishingScore"": 67, ""windSpeedKts"": 9, ""seaTemperatureC"": 17.48}]",ingest:stormglass,2025-09-29 00:46:49.280068+00
30E9,0033f467-1ce9-49e0-a41c-a7acbb14ee59,2025-09-29 00:46:43.9+00,17.54,,,,,,0.21,2.2,167,2025-09-29 01:56:00+00,2025-09-29 08:37:00+00,"[{""time"": ""2025-09-29T00:00:00+00:00"", ""tideMeters"": null, ""waveHeightM"": 0.21, ""windSpeedKts"": 2.2, ""seaTemperatureC"": 17.54}, {""time"": ""2025-09-29T01:00:00+00:00"", ""tideMeters"": null, ""waveHeightM"": 0.21, ""windSpeedKts"": 1.7, ""seaTemperatureC"": 17.53}, {""time"": ""2025-09-29T02:00:00+00:00"", ""tideMeters"": null, ""waveHeightM"": 0.22, ""windSpeedKts"": 1.2, ""seaTemperatureC"": 17.53}, {""time"": ""2025-09-29T03:00:00+00:00"", ""tideMeters"": null, ""waveHeightM"": 0.25, ""windSpeedKts"": 0.7, ""seaTemperatureC"": 17.53}, {""time"": ""2025-09-29T04:00:00+00:00"", ""tideMeters"": null, ""waveHeightM"": 0.28, ""windSpeedKts"": 0.6, ""seaTemperatureC"": 17.53}, {""time"": ""2025-09-29T05:00:00+00:00"", ""tideMeters"": null, ""waveHeightM"": 0.29, ""windSpeedKts"": 0.5, ""seaTemperatureC"": 17.53}, {""time"": ""2025-09-29T06:00:00+00:00"", ""tideMeters"": null, ""waveHeightM"": 0.3, ""windSpeedKts"": 0.3, ""seaTemperatureC"": 17.53}, {""time"": ""2025-09-29T07:00:00+00:00"", ""tideMeters"": null, ""waveHeightM"": 0.29, ""windSpeedKts"": 2.1, ""seaTemperatureC"": 17.53}, {""time"": ""2025-09-29T08:00:00+00:00"", ""tideMeters"": null, ""waveHeightM"": 0.28, ""windSpeedKts"": 3.8, ""seaTemperatureC"": 17.54}, {""time"": ""2025-09-29T09:00:00+00:00"", ""tideMeters"": null, ""waveHeightM"": 0.27, ""windSpeedKts"": 5.6, ""seaTemperatureC"": 17.56}, {""time"": ""2025-09-29T10:00:00+00:00"", ""tideMeters"": null, ""waveHeightM"": 0.27, ""windSpeedKts"": 5.5, ""seaTemperatureC"": 17.58}, {""time"": ""2025-09-29T11:00:00+00:00"", ""tideMeters"": null, ""waveHeightM"": 0.26, ""windSpeedKts"": 5.3, ""seaTemperatureC"": 17.61}, {""time"": ""2025-09-29T12:00:00+00:00"", ""tideMeters"": null, ""waveHeightM"": 0.26, ""windSpeedKts"": 5.2, ""seaTemperatureC"": 17.65}, {""time"": ""2025-09-29T13:00:00+00:00"", ""tideMeters"": null, ""waveHeightM"": 0.27, ""windSpeedKts"": 5.4, ""seaTemperatureC"": 17.68}, {""time"": ""2025-09-29T14:00:00+00:00"", ""tideMeters"": null, ""waveHeightM"": 0.28, ""windSpeedKts"": 5.6, ""seaTemperatureC"": 17.69}, {""time"": ""2025-09-29T15:00:00+00:00"", ""tideMeters"": null, ""waveHeightM"": 0.28, ""windSpeedKts"": 5.7, ""seaTemperatureC"": 17.69}, {""time"": ""2025-09-29T16:00:00+00:00"", ""tideMeters"": null, ""waveHeightM"": 0.28, ""windSpeedKts"": 5.3, ""seaTemperatureC"": 17.69}, {""time"": ""2025-09-29T17:00:00+00:00"", ""tideMeters"": null, ""waveHeightM"": 0.26, ""windSpeedKts"": 4.8, ""seaTemperatureC"": 17.68}, {""time"": ""2025-09-29T18:00:00+00:00"", ""tideMeters"": null, ""waveHeightM"": 0.24, ""windSpeedKts"": 4.4, ""seaTemperatureC"": 17.67}, {""time"": ""2025-09-29T19:00:00+00:00"", ""tideMeters"": null, ""waveHeightM"": 0.22, ""windSpeedKts"": 4.4, ""seaTemperatureC"": 17.65}, {""time"": ""2025-09-29T20:00:00+00:00"", ""tideMeters"": null, ""waveHeightM"": 0.22, ""windSpeedKts"": 4.3, ""seaTemperatureC"": 17.63}, {""time"": ""2025-09-29T21:00:00+00:00"", ""tideMeters"": null, ""waveHeightM"": 0.23, ""windSpeedKts"": 4.3, ""seaTemperatureC"": 17.61}, {""time"": ""2025-09-29T22:00:00+00:00"", ""tideMeters"": null, ""waveHeightM"": 0.25, ""windSpeedKts"": 3.9, ""seaTemperatureC"": 17.59}, {""time"": ""2025-09-29T23:00:00+00:00"", ""tideMeters"": null, ""waveHeightM"": 0.26, ""windSpeedKts"": 3.5, ""seaTemperatureC"": 17.57}]","[{""label"": ""Mon, Sep 29"", ""summary"": ""Calm seas and light winds—ideal for most fishing styles."", ""dateLabel"": ""Mon, Sep 29"", ""waveHeightM"": 0.26, ""fishingScore"": 70, ""windSpeedKts"": 3.6, ""seaTemperatureC"": 17.6}]",ingest:stormglass,2025-09-29 00:46:50.465216+00
31C6,2983321c-ca0e-42f1-b7fb-f7018831b964,2025-09-29 00:46:43.9+00,14.52,,,,,,0.44,3,319,2025-09-29 09:22:00+00,2025-09-29 03:21:00+00,"[{""time"": ""2025-09-29T00:00:00+00:00"", ""tideMeters"": null, ""waveHeightM"": 0.44, ""windSpeedKts"": 3, ""seaTemperatureC"": 14.52}, {""time"": ""2025-09-29T01:00:00+00:00"", ""tideMeters"": null, ""waveHeightM"": 0.44, ""windSpeedKts"": 2.3, ""seaTemperatureC"": 14.48}, {""time"": ""2025-09-29T02:00:00+00:00"", ""tideMeters"": null, ""waveHeightM"": 0.43, ""windSpeedKts"": 1.5, ""seaTemperatureC"": 14.45}, {""time"": ""2025-09-29T03:00:00+00:00"", ""tideMeters"": null, ""waveHeightM"": 0.43, ""windSpeedKts"": 0.8, ""seaTemperatureC"": 14.44}, {""time"": ""2025-09-29T04:00:00+00:00"", ""tideMeters"": null, ""waveHeightM"": 0.42, ""windSpeedKts"": 0.9, ""seaTemperatureC"": 14.42}, {""time"": ""2025-09-29T05:00:00+00:00"", ""tideMeters"": null, ""waveHeightM"": 0.41, ""windSpeedKts"": 1, ""seaTemperatureC"": 14.41}, {""time"": ""2025-09-29T06:00:00+00:00"", ""tideMeters"": null, ""waveHeightM"": 0.41, ""windSpeedKts"": 1.1, ""seaTemperatureC"": 14.41}, {""time"": ""2025-09-29T07:00:00+00:00"", ""tideMeters"": null, ""waveHeightM"": 0.41, ""windSpeedKts"": 1.7, ""seaTemperatureC"": 14.44}, {""time"": ""2025-09-29T08:00:00+00:00"", ""tideMeters"": null, ""waveHeightM"": 0.41, ""windSpeedKts"": 2.3, ""seaTemperatureC"": 14.46}, {""time"": ""2025-09-29T09:00:00+00:00"", ""tideMeters"": null, ""waveHeightM"": 0.41, ""windSpeedKts"": 2.8, ""seaTemperatureC"": 14.47}, {""time"": ""2025-09-29T10:00:00+00:00"", ""tideMeters"": null, ""waveHeightM"": 0.41, ""windSpeedKts"": 5.4, ""seaTemperatureC"": 14.5}, {""time"": ""2025-09-29T11:00:00+00:00"", ""tideMeters"": null, ""waveHeightM"": 0.41, ""windSpeedKts"": 8, ""seaTemperatureC"": 14.52}, {""time"": ""2025-09-29T12:00:00+00:00"", ""tideMeters"": null, ""waveHeightM"": 0.45, ""windSpeedKts"": 10.6, ""seaTemperatureC"": 14.55}, {""time"": ""2025-09-29T13:00:00+00:00"", ""tideMeters"": null, ""waveHeightM"": 0.5, ""windSpeedKts"": 10.1, ""seaTemperatureC"": 14.58}, {""time"": ""2025-09-29T14:00:00+00:00"", ""tideMeters"": null, ""waveHeightM"": 0.54, ""windSpeedKts"": 9.7, ""seaTemperatureC"": 14.6}, {""time"": ""2025-09-29T15:00:00+00:00"", ""tideMeters"": null, ""waveHeightM"": 0.56, ""windSpeedKts"": 9.3, ""seaTemperatureC"": 14.59}, {""time"": ""2025-09-29T16:00:00+00:00"", ""tideMeters"": null, ""waveHeightM"": 0.57, ""windSpeedKts"": 8.7, ""seaTemperatureC"": 14.57}, {""time"": ""2025-09-29T17:00:00+00:00"", ""tideMeters"": null, ""waveHeightM"": 0.58, ""windSpeedKts"": 8.2, ""seaTemperatureC"": 14.58}, {""time"": ""2025-09-29T18:00:00+00:00"", ""tideMeters"": null, ""waveHeightM"": 0.6, ""windSpeedKts"": 7.6, ""seaTemperatureC"": 14.58}, {""time"": ""2025-09-29T19:00:00+00:00"", ""tideMeters"": null, ""waveHeightM"": 0.62, ""windSpeedKts"": 7.6, ""seaTemperatureC"": 14.57}, {""time"": ""2025-09-29T20:00:00+00:00"", ""tideMeters"": null, ""waveHeightM"": 0.63, ""windSpeedKts"": 7.6, ""seaTemperatureC"": 14.56}, {""time"": ""2025-09-29T21:00:00+00:00"", ""tideMeters"": null, ""waveHeightM"": 0.64, ""windSpeedKts"": 7.6, ""seaTemperatureC"": 14.54}, {""time"": ""2025-09-29T22:00:00+00:00"", ""tideMeters"": null, ""waveHeightM"": 0.65, ""windSpeedKts"": 7.5, ""seaTemperatureC"": 14.53}, {""time"": ""2025-09-29T23:00:00+00:00"", ""tideMeters"": null, ""waveHeightM"": 0.65, ""windSpeedKts"": 7.4, ""seaTemperatureC"": 14.51}]","[{""label"": ""Mon, Sep 29"", ""summary"": ""Calm seas and light winds—ideal for most fishing styles."", ""dateLabel"": ""Mon, Sep 29"", ""waveHeightM"": 0.5, ""fishingScore"": 65, ""windSpeedKts"": 5.5, ""seaTemperatureC"": 14.51}]",ingest:stormglass,2025-09-29 00:46:51.630929+00
31C7,b71c67c2-eabf-4db2-87d5-fec90ba12ef3,2025-09-29 00:46:43.9+00,14.86,,,,,,0.54,6,358,2025-09-29 09:22:00+00,2025-09-29 03:03:00+00,"[{""time"": ""2025-09-29T00:00:00+00:00"", ""tideMeters"": null, ""waveHeightM"": 0.54, ""windSpeedKts"": 6, ""seaTemperatureC"": 14.86}, {""time"": ""2025-09-29T01:00:00+00:00"", ""tideMeters"": null, ""waveHeightM"": 0.54, ""windSpeedKts"": 5.7, ""seaTemperatureC"": 14.85}, {""time"": ""2025-09-29T02:00:00+00:00"", ""tideMeters"": null, ""waveHeightM"": 0.55, ""windSpeedKts"": 5.4, ""seaTemperatureC"": 14.84}, {""time"": ""2025-09-29T03:00:00+00:00"", ""tideMeters"": null, ""waveHeightM"": 0.56, ""windSpeedKts"": 5.1, ""seaTemperatureC"": 14.83}, {""time"": ""2025-09-29T04:00:00+00:00"", ""tideMeters"": null, ""waveHeightM"": 0.56, ""windSpeedKts"": 4.2, ""seaTemperatureC"": 14.82}, {""time"": ""2025-09-29T05:00:00+00:00"", ""tideMeters"": null, ""waveHeightM"": 0.56, ""windSpeedKts"": 3.4, ""seaTemperatureC"": 14.81}, {""time"": ""2025-09-29T06:00:00+00:00"", ""tideMeters"": null, ""waveHeightM"": 0.56, ""windSpeedKts"": 2.5, ""seaTemperatureC"": 14.81}, {""time"": ""2025-09-29T07:00:00+00:00"", ""tideMeters"": null, ""waveHeightM"": 0.57, ""windSpeedKts"": 2.4, ""seaTemperatureC"": 14.81}, {""time"": ""2025-09-29T08:00:00+00:00"", ""tideMeters"": null, ""waveHeightM"": 0.56, ""windSpeedKts"": 2.3, ""seaTemperatureC"": 14.83}, {""time"": ""2025-09-29T09:00:00+00:00"", ""tideMeters"": null, ""waveHeightM"": 0.56, ""windSpeedKts"": 2.2, ""seaTemperatureC"": 14.85}, {""time"": ""2025-09-29T10:00:00+00:00"", ""tideMeters"": null, ""waveHeightM"": 0.55, ""windSpeedKts"": 4.1, ""seaTemperatureC"": 14.86}, {""time"": ""2025-09-29T11:00:00+00:00"", ""tideMeters"": null, ""waveHeightM"": 0.55, ""windSpeedKts"": 6, ""seaTemperatureC"": 14.87}, {""time"": ""2025-09-29T12:00:00+00:00"", ""tideMeters"": null, ""waveHeightM"": 0.54, ""windSpeedKts"": 8, ""seaTemperatureC"": 14.86}, {""time"": ""2025-09-29T13:00:00+00:00"", ""tideMeters"": null, ""waveHeightM"": 0.54, ""windSpeedKts"": 9.9, ""seaTemperatureC"": 14.87}, {""time"": ""2025-09-29T14:00:00+00:00"", ""tideMeters"": null, ""waveHeightM"": 0.57, ""windSpeedKts"": 11.9, ""seaTemperatureC"": 14.87}, {""time"": ""2025-09-29T15:00:00+00:00"", ""tideMeters"": null, ""waveHeightM"": 0.6, ""windSpeedKts"": 13.8, ""seaTemperatureC"": 14.86}, {""time"": ""2025-09-29T16:00:00+00:00"", ""tideMeters"": null, ""waveHeightM"": 0.65, ""windSpeedKts"": 13.8, ""seaTemperatureC"": 14.86}, {""time"": ""2025-09-29T17:00:00+00:00"", ""tideMeters"": null, ""waveHeightM"": 0.69, ""windSpeedKts"": 13.9, ""seaTemperatureC"": 14.86}, {""time"": ""2025-09-29T18:00:00+00:00"", ""tideMeters"": null, ""waveHeightM"": 0.72, ""windSpeedKts"": 13.9, ""seaTemperatureC"": 14.86}, {""time"": ""2025-09-29T19:00:00+00:00"", ""tideMeters"": null, ""waveHeightM"": 0.75, ""windSpeedKts"": 14.4, ""seaTemperatureC"": 14.85}, {""time"": ""2025-09-29T20:00:00+00:00"", ""tideMeters"": null, ""waveHeightM"": 0.78, ""windSpeedKts"": 14.9, ""seaTemperatureC"": 14.84}, {""time"": ""2025-09-29T21:00:00+00:00"", ""tideMeters"": null, ""waveHeightM"": 0.81, ""windSpeedKts"": 15.5, ""seaTemperatureC"": 14.83}, {""time"": ""2025-09-29T22:00:00+00:00"", ""tideMeters"": null, ""waveHeightM"": 0.84, ""windSpeedKts"": 15.6, ""seaTemperatureC"": 14.81}, {""time"": ""2025-09-29T23:00:00+00:00"", ""tideMeters"": null, ""waveHeightM"": 0.86, ""windSpeedKts"": 15.6, ""seaTemperatureC"": 14.8}]","[{""label"": ""Mon, Sep 29"", ""summary"": ""Calm seas and light winds—ideal for most fishing styles."", ""dateLabel"": ""Mon, Sep 29"", ""waveHeightM"": 0.63, ""fishingScore"": 62, ""windSpeedKts"": 8.8, ""seaTemperatureC"": 14.84}]",ingest:stormglass,2025-09-29 00:46:52.882222+00
31E3,f8e6aeba-8078-44a9-b02b-dbffd3b00147,2025-09-29 00:46:43.9+00,15.52,,,,,,0.08,3,15,2025-09-29 10:54:00+00,2025-09-29 04:45:00+00,"[{""time"": ""2025-09-29T00:00:00+00:00"", ""tideMeters"": null, ""waveHeightM"": 0.08, ""windSpeedKts"": 3, ""seaTemperatureC"": 15.52}, {""time"": ""2025-09-29T01:00:00+00:00"", ""tideMeters"": null, ""waveHeightM"": 0.07, ""windSpeedKts"": 3.2, ""seaTemperatureC"": 15.46}, {""time"": ""2025-09-29T02:00:00+00:00"", ""tideMeters"": null, ""waveHeightM"": 0.06, ""windSpeedKts"": 3.3, ""seaTemperatureC"": 15.4}, {""time"": ""2025-09-29T03:00:00+00:00"", ""tideMeters"": null, ""waveHeightM"": 0.06, ""windSpeedKts"": 3.5, ""seaTemperatureC"": 15.33}, {""time"": ""2025-09-29T04:00:00+00:00"", ""tideMeters"": null, ""waveHeightM"": 0.06, ""windSpeedKts"": 3.7, ""seaTemperatureC"": 15.27}, {""time"": ""2025-09-29T05:00:00+00:00"", ""tideMeters"": null, ""waveHeightM"": 0.06, ""windSpeedKts"": 3.8, ""seaTemperatureC"": 15.22}, {""time"": ""2025-09-29T06:00:00+00:00"", ""tideMeters"": null, ""waveHeightM"": 0.06, ""windSpeedKts"": 4, ""seaTemperatureC"": 15.17}, {""time"": ""2025-09-29T07:00:00+00:00"", ""tideMeters"": null, ""waveHeightM"": 0.06, ""windSpeedKts"": 3.5, ""seaTemperatureC"": 15.14}, {""time"": ""2025-09-29T08:00:00+00:00"", ""tideMeters"": null, ""waveHeightM"": 0.06, ""windSpeedKts"": 2.9, ""seaTemperatureC"": 15.15}, {""time"": ""2025-09-29T09:00:00+00:00"", ""tideMeters"": null, ""waveHeightM"": 0.06, ""windSpeedKts"": 2.4, ""seaTemperatureC"": 15.2}, {""time"": ""2025-09-29T10:00:00+00:00"", ""tideMeters"": null, ""waveHeightM"": 0.06, ""windSpeedKts"": 1.6, ""seaTemperatureC"": 15.28}, {""time"": ""2025-09-29T11:00:00+00:00"", ""tideMeters"": null, ""waveHeightM"": 0.06, ""windSpeedKts"": 0.9, ""seaTemperatureC"": 15.4}, {""time"": ""2025-09-29T12:00:00+00:00"", ""tideMeters"": null, ""waveHeightM"": 0.06, ""windSpeedKts"": 0.1, ""seaTemperatureC"": 15.51}, {""time"": ""2025-09-29T13:00:00+00:00"", ""tideMeters"": null, ""waveHeightM"": 0.06, ""windSpeedKts"": 0.8, ""seaTemperatureC"": 15.59}, {""time"": ""2025-09-29T14:00:00+00:00"", ""tideMeters"": null, ""waveHeightM"": 0.05, ""windSpeedKts"": 1.4, ""seaTemperatureC"": 15.64}, {""time"": ""2025-09-29T15:00:00+00:00"", ""tideMeters"": null, ""waveHeightM"": 0.05, ""windSpeedKts"": 2.1, ""seaTemperatureC"": 15.65}, {""time"": ""2025-09-29T16:00:00+00:00"", ""tideMeters"": null, ""waveHeightM"": 0.05, ""windSpeedKts"": 2.6, ""seaTemperatureC"": 15.63}, {""time"": ""2025-09-29T17:00:00+00:00"", ""tideMeters"": null, ""waveHeightM"": 0.05, ""windSpeedKts"": 3.1, ""seaTemperatureC"": 15.58}, {""time"": ""2025-09-29T18:00:00+00:00"", ""tideMeters"": null, ""waveHeightM"": 0.05, ""windSpeedKts"": 3.6, ""seaTemperatureC"": 15.5}, {""time"": ""2025-09-29T19:00:00+00:00"", ""tideMeters"": null, ""waveHeightM"": 0.05, ""windSpeedKts"": 3.6, ""seaTemperatureC"": 15.43}, {""time"": ""2025-09-29T20:00:00+00:00"", ""tideMeters"": null, ""waveHeightM"": 0.05, ""windSpeedKts"": 3.7, ""seaTemperatureC"": 15.36}, {""time"": ""2025-09-29T21:00:00+00:00"", ""tideMeters"": null, ""waveHeightM"": 0.05, ""windSpeedKts"": 3.7, ""seaTemperatureC"": 15.34}, {""time"": ""2025-09-29T22:00:00+00:00"", ""tideMeters"": null, ""waveHeightM"": 0.05, ""windSpeedKts"": 3.4, ""seaTemperatureC"": 15.35}, {""time"": ""2025-09-29T23:00:00+00:00"", ""tideMeters"": null, ""waveHeightM"": 0.05, ""windSpeedKts"": 3.1, ""seaTemperatureC"": 15.32}]","[{""label"": ""Mon, Sep 29"", ""summary"": ""Calm seas and light winds—ideal for most fishing styles."", ""dateLabel"": ""Mon, Sep 29"", ""waveHeightM"": 0.06, ""fishingScore"": 74, ""windSpeedKts"": 2.8, ""seaTemperatureC"": 15.39}]",ingest:stormglass,2025-09-29 00:46:53.974331+00
31E8,f081a785-b03f-47b4-b0e1-9b49b2f970fe,2025-09-29 00:46:43.9+00,16.98,,,,,,0.58,13,10,2025-09-29 03:11:00+00,2025-09-29 08:53:00+00,"[{""time"": ""2025-09-29T00:00:00+00:00"", ""tideMeters"": null, ""waveHeightM"": 0.58, ""windSpeedKts"": 13, ""seaTemperatureC"": 16.98}, {""time"": ""2025-09-29T01:00:00+00:00"", ""tideMeters"": null, ""waveHeightM"": 0.6, ""windSpeedKts"": 12.4, ""seaTemperatureC"": 16.98}, {""time"": ""2025-09-29T02:00:00+00:00"", ""tideMeters"": null, ""waveHeightM"": 0.61, ""windSpeedKts"": 11.8, ""seaTemperatureC"": 16.98}, {""time"": ""2025-09-29T03:00:00+00:00"", ""tideMeters"": null, ""waveHeightM"": 0.59, ""windSpeedKts"": 11.3, ""seaTemperatureC"": 16.99}, {""time"": ""2025-09-29T04:00:00+00:00"", ""tideMeters"": null, ""waveHeightM"": 0.56, ""windSpeedKts"": 11.3, ""seaTemperatureC"": 16.99}, {""time"": ""2025-09-29T05:00:00+00:00"", ""tideMeters"": null, ""waveHeightM"": 0.52, ""windSpeedKts"": 11.3, ""seaTemperatureC"": 17}, {""time"": ""2025-09-29T06:00:00+00:00"", ""tideMeters"": null, ""waveHeightM"": 0.49, ""windSpeedKts"": 11.3, ""seaTemperatureC"": 17.01}, {""time"": ""2025-09-29T07:00:00+00:00"", ""tideMeters"": null, ""waveHeightM"": 0.47, ""windSpeedKts"": 11.1, ""seaTemperatureC"": 17.01}, {""time"": ""2025-09-29T08:00:00+00:00"", ""tideMeters"": null, ""waveHeightM"": 0.45, ""windSpeedKts"": 10.9, ""seaTemperatureC"": 16.99}, {""time"": ""2025-09-29T09:00:00+00:00"", ""tideMeters"": null, ""waveHeightM"": 0.44, ""windSpeedKts"": 10.7, ""seaTemperatureC"": 16.99}, {""time"": ""2025-09-29T10:00:00+00:00"", ""tideMeters"": null, ""waveHeightM"": 0.44, ""windSpeedKts"": 9.7, ""seaTemperatureC"": 17}, {""time"": ""2025-09-29T11:00:00+00:00"", ""tideMeters"": null, ""waveHeightM"": 0.44, ""windSpeedKts"": 8.8, ""seaTemperatureC"": 17.01}, {""time"": ""2025-09-29T12:00:00+00:00"", ""tideMeters"": null, ""waveHeightM"": 0.45, ""windSpeedKts"": 7.9, ""seaTemperatureC"": 17.02}, {""time"": ""2025-09-29T13:00:00+00:00"", ""tideMeters"": null, ""waveHeightM"": 0.45, ""windSpeedKts"": 7.2, ""seaTemperatureC"": 17.04}, {""time"": ""2025-09-29T14:00:00+00:00"", ""tideMeters"": null, ""waveHeightM"": 0.45, ""windSpeedKts"": 6.5, ""seaTemperatureC"": 17.04}, {""time"": ""2025-09-29T15:00:00+00:00"", ""tideMeters"": null, ""waveHeightM"": 0.43, ""windSpeedKts"": 5.9, ""seaTemperatureC"": 17.05}, {""time"": ""2025-09-29T16:00:00+00:00"", ""tideMeters"": null, ""waveHeightM"": 0.4, ""windSpeedKts"": 5.4, ""seaTemperatureC"": 17.05}, {""time"": ""2025-09-29T17:00:00+00:00"", ""tideMeters"": null, ""waveHeightM"": 0.37, ""windSpeedKts"": 5, ""seaTemperatureC"": 17.05}, {""time"": ""2025-09-29T18:00:00+00:00"", ""tideMeters"": null, ""waveHeightM"": 0.33, ""windSpeedKts"": 4.5, ""seaTemperatureC"": 17.05}, {""time"": ""2025-09-29T19:00:00+00:00"", ""tideMeters"": null, ""waveHeightM"": 0.3, ""windSpeedKts"": 3.8, ""seaTemperatureC"": 17.07}, {""time"": ""2025-09-29T20:00:00+00:00"", ""tideMeters"": null, ""waveHeightM"": 0.28, ""windSpeedKts"": 3.2, ""seaTemperatureC"": 17.07}, {""time"": ""2025-09-29T21:00:00+00:00"", ""tideMeters"": null, ""waveHeightM"": 0.26, ""windSpeedKts"": 2.5, ""seaTemperatureC"": 17.05}, {""time"": ""2025-09-29T22:00:00+00:00"", ""tideMeters"": null, ""waveHeightM"": 0.26, ""windSpeedKts"": 3, ""seaTemperatureC"": 17.04}, {""time"": ""2025-09-29T23:00:00+00:00"", ""tideMeters"": null, ""waveHeightM"": 0.27, ""windSpeedKts"": 3.4, ""seaTemperatureC"": 17.03}]","[{""label"": ""Mon, Sep 29"", ""summary"": ""Calm seas and light winds—ideal for most fishing styles."", ""dateLabel"": ""Mon, Sep 29"", ""waveHeightM"": 0.43, ""fishingScore"": 66, ""windSpeedKts"": 8, ""seaTemperatureC"": 17.02}]",ingest:stormglass,2025-09-29 00:46:55.255317+00
31E9,cf9e9a7c-9791-4bd1-a794-c76e3844623f,2025-09-29 00:46:43.9+00,17.22,,,,,,0.31,3.8,50,2025-09-29 01:56:00+00,2025-09-29 08:37:00+00,"[{""time"": ""2025-09-29T00:00:00+00:00"", ""tideMeters"": null, ""waveHeightM"": 0.31, ""windSpeedKts"": 3.8, ""seaTemperatureC"": 17.22}, {""time"": ""2025-09-29T01:00:00+00:00"", ""tideMeters"": null, ""waveHeightM"": 0.3, ""windSpeedKts"": 4.4, ""seaTemperatureC"": 17.22}, {""time"": ""2025-09-29T02:00:00+00:00"", ""tideMeters"": null, ""waveHeightM"": 0.3, ""windSpeedKts"": 4.9, ""seaTemperatureC"": 17.22}, {""time"": ""2025-09-29T03:00:00+00:00"", ""tideMeters"": null, ""waveHeightM"": 0.31, ""windSpeedKts"": 5.5, ""seaTemperatureC"": 17.22}, {""time"": ""2025-09-29T04:00:00+00:00"", ""tideMeters"": null, ""waveHeightM"": 0.33, ""windSpeedKts"": 6.9, ""seaTemperatureC"": 17.22}, {""time"": ""2025-09-29T05:00:00+00:00"", ""tideMeters"": null, ""waveHeightM"": 0.34, ""windSpeedKts"": 8.3, ""seaTemperatureC"": 17.22}, {""time"": ""2025-09-29T06:00:00+00:00"", ""tideMeters"": null, ""waveHeightM"": 0.34, ""windSpeedKts"": 9.8, ""seaTemperatureC"": 17.22}, {""time"": ""2025-09-29T07:00:00+00:00"", ""tideMeters"": null, ""waveHeightM"": 0.34, ""windSpeedKts"": 9.6, ""seaTemperatureC"": 17.23}, {""time"": ""2025-09-29T08:00:00+00:00"", ""tideMeters"": null, ""waveHeightM"": 0.37, ""windSpeedKts"": 9.5, ""seaTemperatureC"": 17.24}, {""time"": ""2025-09-29T09:00:00+00:00"", ""tideMeters"": null, ""waveHeightM"": 0.39, ""windSpeedKts"": 9.3, ""seaTemperatureC"": 17.24}, {""time"": ""2025-09-29T10:00:00+00:00"", ""tideMeters"": null, ""waveHeightM"": 0.38, ""windSpeedKts"": 8.6, ""seaTemperatureC"": 17.25}, {""time"": ""2025-09-29T11:00:00+00:00"", ""tideMeters"": null, ""waveHeightM"": 0.36, ""windSpeedKts"": 7.8, ""seaTemperatureC"": 17.28}, {""time"": ""2025-09-29T12:00:00+00:00"", ""tideMeters"": null, ""waveHeightM"": 0.35, ""windSpeedKts"": 7.1, ""seaTemperatureC"": 17.31}, {""time"": ""2025-09-29T13:00:00+00:00"", ""tideMeters"": null, ""waveHeightM"": 0.34, ""windSpeedKts"": 7.1, ""seaTemperatureC"": 17.33}, {""time"": ""2025-09-29T14:00:00+00:00"", ""tideMeters"": null, ""waveHeightM"": 0.34, ""windSpeedKts"": 7, ""seaTemperatureC"": 17.35}, {""time"": ""2025-09-29T15:00:00+00:00"", ""tideMeters"": null, ""waveHeightM"": 0.34, ""windSpeedKts"": 7, ""seaTemperatureC"": 17.35}, {""time"": ""2025-09-29T16:00:00+00:00"", ""tideMeters"": null, ""waveHeightM"": 0.33, ""windSpeedKts"": 7, ""seaTemperatureC"": 17.35}, {""time"": ""2025-09-29T17:00:00+00:00"", ""tideMeters"": null, ""waveHeightM"": 0.32, ""windSpeedKts"": 6.9, ""seaTemperatureC"": 17.35}, {""time"": ""2025-09-29T18:00:00+00:00"", ""tideMeters"": null, ""waveHeightM"": 0.31, ""windSpeedKts"": 6.9, ""seaTemperatureC"": 17.36}, {""time"": ""2025-09-29T19:00:00+00:00"", ""tideMeters"": null, ""waveHeightM"": 0.31, ""windSpeedKts"": 7.3, ""seaTemperatureC"": 17.37}, {""time"": ""2025-09-29T20:00:00+00:00"", ""tideMeters"": null, ""waveHeightM"": 0.32, ""windSpeedKts"": 7.8, ""seaTemperatureC"": 17.36}, {""time"": ""2025-09-29T21:00:00+00:00"", ""tideMeters"": null, ""waveHeightM"": 0.32, ""windSpeedKts"": 8.2, ""seaTemperatureC"": 17.35}, {""time"": ""2025-09-29T22:00:00+00:00"", ""tideMeters"": null, ""waveHeightM"": 0.32, ""windSpeedKts"": 7.3, ""seaTemperatureC"": 17.33}, {""time"": ""2025-09-29T23:00:00+00:00"", ""tideMeters"": null, ""waveHeightM"": 0.31, ""windSpeedKts"": 6.3, ""seaTemperatureC"": 17.3}]","[{""label"": ""Mon, Sep 29"", ""summary"": ""Calm seas and light winds—ideal for most fishing styles."", ""dateLabel"": ""Mon, Sep 29"", ""waveHeightM"": 0.33, ""fishingScore"": 68, ""windSpeedKts"": 7.3, ""seaTemperatureC"": 17.29}]",ingest:stormglass,2025-09-29 00:46:56.553328+00
32C6,3b88ca79-8a58-431b-91bd-15ee9ae4b413,2025-09-29 00:46:43.9+00,14.9,,,,,,0.42,1.2,286,2025-09-29 09:22:00+00,2025-09-29 03:03:00+00,"[{""time"": ""2025-09-29T00:00:00+00:00"", ""tideMeters"": null, ""waveHeightM"": 0.42, ""windSpeedKts"": 1.2, ""seaTemperatureC"": 14.9}, {""time"": ""2025-09-29T01:00:00+00:00"", ""tideMeters"": null, ""waveHeightM"": 0.42, ""windSpeedKts"": 1, ""seaTemperatureC"": 14.88}, {""time"": ""2025-09-29T02:00:00+00:00"", ""tideMeters"": null, ""waveHeightM"": 0.43, ""windSpeedKts"": 0.8, ""seaTemperatureC"": 14.87}, {""time"": ""2025-09-29T03:00:00+00:00"", ""tideMeters"": null, ""waveHeightM"": 0.43, ""windSpeedKts"": 0.5, ""seaTemperatureC"": 14.86}, {""time"": ""2025-09-29T04:00:00+00:00"", ""tideMeters"": null, ""waveHeightM"": 0.43, ""windSpeedKts"": 0.8, ""seaTemperatureC"": 14.84}, {""time"": ""2025-09-29T05:00:00+00:00"", ""tideMeters"": null, ""waveHeightM"": 0.43, ""windSpeedKts"": 1, ""seaTemperatureC"": 14.83}, {""time"": ""2025-09-29T06:00:00+00:00"", ""tideMeters"": null, ""waveHeightM"": 0.43, ""windSpeedKts"": 1.2, ""seaTemperatureC"": 14.82}, {""time"": ""2025-09-29T07:00:00+00:00"", ""tideMeters"": null, ""waveHeightM"": 0.43, ""windSpeedKts"": 2, ""seaTemperatureC"": 14.82}, {""time"": ""2025-09-29T08:00:00+00:00"", ""tideMeters"": null, ""waveHeightM"": 0.43, ""windSpeedKts"": 2.9, ""seaTemperatureC"": 14.83}, {""time"": ""2025-09-29T09:00:00+00:00"", ""tideMeters"": null, ""waveHeightM"": 0.43, ""windSpeedKts"": 3.7, ""seaTemperatureC"": 14.85}, {""time"": ""2025-09-29T10:00:00+00:00"", ""tideMeters"": null, ""waveHeightM"": 0.43, ""windSpeedKts"": 4.7, ""seaTemperatureC"": 14.86}, {""time"": ""2025-09-29T11:00:00+00:00"", ""tideMeters"": null, ""waveHeightM"": 0.42, ""windSpeedKts"": 5.8, ""seaTemperatureC"": 14.88}, {""time"": ""2025-09-29T12:00:00+00:00"", ""tideMeters"": null, ""waveHeightM"": 0.42, ""windSpeedKts"": 6.9, ""seaTemperatureC"": 14.89}, {""time"": ""2025-09-29T13:00:00+00:00"", ""tideMeters"": null, ""waveHeightM"": 0.41, ""windSpeedKts"": 7.8, ""seaTemperatureC"": 14.9}, {""time"": ""2025-09-29T14:00:00+00:00"", ""tideMeters"": null, ""waveHeightM"": 0.41, ""windSpeedKts"": 8.6, ""seaTemperatureC"": 14.91}, {""time"": ""2025-09-29T15:00:00+00:00"", ""tideMeters"": null, ""waveHeightM"": 0.47, ""windSpeedKts"": 9.5, ""seaTemperatureC"": 14.9}, {""time"": ""2025-09-29T16:00:00+00:00"", ""tideMeters"": null, ""waveHeightM"": 0.52, ""windSpeedKts"": 8.5, ""seaTemperatureC"": 14.9}, {""time"": ""2025-09-29T17:00:00+00:00"", ""tideMeters"": null, ""waveHeightM"": 0.57, ""windSpeedKts"": 7.5, ""seaTemperatureC"": 14.9}, {""time"": ""2025-09-29T18:00:00+00:00"", ""tideMeters"": null, ""waveHeightM"": 0.61, ""windSpeedKts"": 6.6, ""seaTemperatureC"": 14.9}, {""time"": ""2025-09-29T19:00:00+00:00"", ""tideMeters"": null, ""waveHeightM"": 0.63, ""windSpeedKts"": 6.7, ""seaTemperatureC"": 14.89}, {""time"": ""2025-09-29T20:00:00+00:00"", ""tideMeters"": null, ""waveHeightM"": 0.67, ""windSpeedKts"": 6.8, ""seaTemperatureC"": 14.88}, {""time"": ""2025-09-29T21:00:00+00:00"", ""tideMeters"": null, ""waveHeightM"": 0.7, ""windSpeedKts"": 6.9, ""seaTemperatureC"": 14.87}, {""time"": ""2025-09-29T22:00:00+00:00"", ""tideMeters"": null, ""waveHeightM"": 0.73, ""windSpeedKts"": 6.6, ""seaTemperatureC"": 14.86}, {""time"": ""2025-09-29T23:00:00+00:00"", ""tideMeters"": null, ""waveHeightM"": 0.74, ""windSpeedKts"": 6.3, ""seaTemperatureC"": 14.84}]","[{""label"": ""Mon, Sep 29"", ""summary"": ""Calm seas and light winds—ideal for most fishing styles."", ""dateLabel"": ""Mon, Sep 29"", ""waveHeightM"": 0.5, ""fishingScore"": 65, ""windSpeedKts"": 4.8, ""seaTemperatureC"": 14.87}]",ingest:stormglass,2025-09-29 00:46:57.541681+00
32E4,b3cd4ce5-5f45-4d42-a08c-e88c2dd36e71,2025-09-29 00:46:43.9+00,16.45,,,,,,0.35,0.8,53,2025-09-29 10:03:00+00,2025-09-29 03:41:00+00,"[{""time"": ""2025-09-29T00:00:00+00:00"", ""tideMeters"": null, ""waveHeightM"": 0.35, ""windSpeedKts"": 0.8, ""seaTemperatureC"": 16.45}, {""time"": ""2025-09-29T01:00:00+00:00"", ""tideMeters"": null, ""waveHeightM"": 0.35, ""windSpeedKts"": 0.9, ""seaTemperatureC"": 16.44}, {""time"": ""2025-09-29T02:00:00+00:00"", ""tideMeters"": null, ""waveHeightM"": 0.35, ""windSpeedKts"": 1, ""seaTemperatureC"": 16.43}, {""time"": ""2025-09-29T03:00:00+00:00"", ""tideMeters"": null, ""waveHeightM"": 0.36, ""windSpeedKts"": 1, ""seaTemperatureC"": 16.41}, {""time"": ""2025-09-29T04:00:00+00:00"", ""tideMeters"": null, ""waveHeightM"": 0.38, ""windSpeedKts"": 1.2, ""seaTemperatureC"": 16.41}, {""time"": ""2025-09-29T05:00:00+00:00"", ""tideMeters"": null, ""waveHeightM"": 0.39, ""windSpeedKts"": 1.3, ""seaTemperatureC"": 16.4}, {""time"": ""2025-09-29T06:00:00+00:00"", ""tideMeters"": null, ""waveHeightM"": 0.4, ""windSpeedKts"": 1.4, ""seaTemperatureC"": 16.41}, {""time"": ""2025-09-29T07:00:00+00:00"", ""tideMeters"": null, ""waveHeightM"": 0.4, ""windSpeedKts"": 1.3, ""seaTemperatureC"": 16.4}, {""time"": ""2025-09-29T08:00:00+00:00"", ""tideMeters"": null, ""waveHeightM"": 0.4, ""windSpeedKts"": 1.2, ""seaTemperatureC"": 16.4}, {""time"": ""2025-09-29T09:00:00+00:00"", ""tideMeters"": null, ""waveHeightM"": 0.39, ""windSpeedKts"": 1.1, ""seaTemperatureC"": 16.4}, {""time"": ""2025-09-29T10:00:00+00:00"", ""tideMeters"": null, ""waveHeightM"": 0.38, ""windSpeedKts"": 1.9, ""seaTemperatureC"": 16.41}, {""time"": ""2025-09-29T11:00:00+00:00"", ""tideMeters"": null, ""waveHeightM"": 0.36, ""windSpeedKts"": 2.6, ""seaTemperatureC"": 16.42}, {""time"": ""2025-09-29T12:00:00+00:00"", ""tideMeters"": null, ""waveHeightM"": 0.35, ""windSpeedKts"": 3.4, ""seaTemperatureC"": 16.43}, {""time"": ""2025-09-29T13:00:00+00:00"", ""tideMeters"": null, ""waveHeightM"": 0.35, ""windSpeedKts"": 3.4, ""seaTemperatureC"": 16.44}, {""time"": ""2025-09-29T14:00:00+00:00"", ""tideMeters"": null, ""waveHeightM"": 0.35, ""windSpeedKts"": 3.4, ""seaTemperatureC"": 16.46}, {""time"": ""2025-09-29T15:00:00+00:00"", ""tideMeters"": null, ""waveHeightM"": 0.35, ""windSpeedKts"": 3.4, ""seaTemperatureC"": 16.46}, {""time"": ""2025-09-29T16:00:00+00:00"", ""tideMeters"": null, ""waveHeightM"": 0.35, ""windSpeedKts"": 3.2, ""seaTemperatureC"": 16.48}, {""time"": ""2025-09-29T17:00:00+00:00"", ""tideMeters"": null, ""waveHeightM"": 0.35, ""windSpeedKts"": 2.9, ""seaTemperatureC"": 16.48}, {""time"": ""2025-09-29T18:00:00+00:00"", ""tideMeters"": null, ""waveHeightM"": 0.35, ""windSpeedKts"": 2.6, ""seaTemperatureC"": 16.46}, {""time"": ""2025-09-29T19:00:00+00:00"", ""tideMeters"": null, ""waveHeightM"": 0.34, ""windSpeedKts"": 2.3, ""seaTemperatureC"": 16.44}, {""time"": ""2025-09-29T20:00:00+00:00"", ""tideMeters"": null, ""waveHeightM"": 0.33, ""windSpeedKts"": 1.9, ""seaTemperatureC"": 16.43}, {""time"": ""2025-09-29T21:00:00+00:00"", ""tideMeters"": null, ""waveHeightM"": 0.32, ""windSpeedKts"": 1.6, ""seaTemperatureC"": 16.42}, {""time"": ""2025-09-29T22:00:00+00:00"", ""tideMeters"": null, ""waveHeightM"": 0.31, ""windSpeedKts"": 1.4, ""seaTemperatureC"": 16.41}, {""time"": ""2025-09-29T23:00:00+00:00"", ""tideMeters"": null, ""waveHeightM"": 0.29, ""windSpeedKts"": 1.2, ""seaTemperatureC"": 16.4}]","[{""label"": ""Mon, Sep 29"", ""summary"": ""Calm seas and light winds—ideal for most fishing styles."", ""dateLabel"": ""Mon, Sep 29"", ""waveHeightM"": 0.36, ""fishingScore"": 68, ""windSpeedKts"": 1.9, ""seaTemperatureC"": 16.43}]",ingest:stormglass,2025-09-29 00:46:58.588956+00
32E5,5368b473-de5c-4276-8f92-43d18eaa26b9,2025-09-29 00:46:43.9+00,15.06,,,,,,0.33,5,331,2025-09-29 09:26:00+00,2025-09-29 03:07:00+00,"[{""time"": ""2025-09-29T00:00:00+00:00"", ""tideMeters"": null, ""waveHeightM"": 0.33, ""windSpeedKts"": 5, ""seaTemperatureC"": 15.06}, {""time"": ""2025-09-29T01:00:00+00:00"", ""tideMeters"": null, ""waveHeightM"": 0.3, ""windSpeedKts"": 4.7, ""seaTemperatureC"": 15.04}, {""time"": ""2025-09-29T02:00:00+00:00"", ""tideMeters"": null, ""waveHeightM"": 0.27, ""windSpeedKts"": 4.4, ""seaTemperatureC"": 15.04}, {""time"": ""2025-09-29T03:00:00+00:00"", ""tideMeters"": null, ""waveHeightM"": 0.25, ""windSpeedKts"": 4, ""seaTemperatureC"": 15.03}, {""time"": ""2025-09-29T04:00:00+00:00"", ""tideMeters"": null, ""waveHeightM"": 0.23, ""windSpeedKts"": 3.2, ""seaTemperatureC"": 15.02}, {""time"": ""2025-09-29T05:00:00+00:00"", ""tideMeters"": null, ""waveHeightM"": 0.22, ""windSpeedKts"": 2.5, ""seaTemperatureC"": 15.02}, {""time"": ""2025-09-29T06:00:00+00:00"", ""tideMeters"": null, ""waveHeightM"": 0.22, ""windSpeedKts"": 1.7, ""seaTemperatureC"": 15.02}, {""time"": ""2025-09-29T07:00:00+00:00"", ""tideMeters"": null, ""waveHeightM"": 0.23, ""windSpeedKts"": 2.7, ""seaTemperatureC"": 15.03}, {""time"": ""2025-09-29T08:00:00+00:00"", ""tideMeters"": null, ""waveHeightM"": 0.24, ""windSpeedKts"": 3.6, ""seaTemperatureC"": 15.03}, {""time"": ""2025-09-29T09:00:00+00:00"", ""tideMeters"": null, ""waveHeightM"": 0.26, ""windSpeedKts"": 4.5, ""seaTemperatureC"": 15.03}, {""time"": ""2025-09-29T10:00:00+00:00"", ""tideMeters"": null, ""waveHeightM"": 0.26, ""windSpeedKts"": 6.2, ""seaTemperatureC"": 15.03}, {""time"": ""2025-09-29T11:00:00+00:00"", ""tideMeters"": null, ""waveHeightM"": 0.27, ""windSpeedKts"": 7.8, ""seaTemperatureC"": 15.02}, {""time"": ""2025-09-29T12:00:00+00:00"", ""tideMeters"": null, ""waveHeightM"": 0.28, ""windSpeedKts"": 9.4, ""seaTemperatureC"": 15.02}, {""time"": ""2025-09-29T13:00:00+00:00"", ""tideMeters"": null, ""waveHeightM"": 0.35, ""windSpeedKts"": 10.7, ""seaTemperatureC"": 15.02}, {""time"": ""2025-09-29T14:00:00+00:00"", ""tideMeters"": null, ""waveHeightM"": 0.4, ""windSpeedKts"": 12.1, ""seaTemperatureC"": 15.02}, {""time"": ""2025-09-29T15:00:00+00:00"", ""tideMeters"": null, ""waveHeightM"": 0.44, ""windSpeedKts"": 13.4, ""seaTemperatureC"": 15.02}, {""time"": ""2025-09-29T16:00:00+00:00"", ""tideMeters"": null, ""waveHeightM"": 0.47, ""windSpeedKts"": 13.5, ""seaTemperatureC"": 15.02}, {""time"": ""2025-09-29T17:00:00+00:00"", ""tideMeters"": null, ""waveHeightM"": 0.46, ""windSpeedKts"": 13.5, ""seaTemperatureC"": 15.01}, {""time"": ""2025-09-29T18:00:00+00:00"", ""tideMeters"": null, ""waveHeightM"": 0.47, ""windSpeedKts"": 13.6, ""seaTemperatureC"": 15}, {""time"": ""2025-09-29T19:00:00+00:00"", ""tideMeters"": null, ""waveHeightM"": 0.49, ""windSpeedKts"": 14.1, ""seaTemperatureC"": 15}, {""time"": ""2025-09-29T20:00:00+00:00"", ""tideMeters"": null, ""waveHeightM"": 0.53, ""windSpeedKts"": 14.5, ""seaTemperatureC"": 14.99}, {""time"": ""2025-09-29T21:00:00+00:00"", ""tideMeters"": null, ""waveHeightM"": 0.57, ""windSpeedKts"": 14.9, ""seaTemperatureC"": 14.98}, {""time"": ""2025-09-29T22:00:00+00:00"", ""tideMeters"": null, ""waveHeightM"": 0.63, ""windSpeedKts"": 15, ""seaTemperatureC"": 14.97}, {""time"": ""2025-09-29T23:00:00+00:00"", ""tideMeters"": null, ""waveHeightM"": 0.64, ""windSpeedKts"": 15, ""seaTemperatureC"": 14.95}]","[{""label"": ""Mon, Sep 29"", ""summary"": ""Calm seas and light winds—ideal for most fishing styles."", ""dateLabel"": ""Mon, Sep 29"", ""waveHeightM"": 0.37, ""fishingScore"": 68, ""windSpeedKts"": 8.8, ""seaTemperatureC"": 15.02}]",ingest:stormglass,2025-09-29 00:46:59.634147+00
32F1,1ca25cb1-5e8c-4bc9-acf0-faff10fb7680,2025-09-29 00:46:43.9+00,16.31,,,,,,0.13,4.6,299,2025-09-29 03:10:00+00,2025-09-29 10:00:00+00,"[{""time"": ""2025-09-29T00:00:00+00:00"", ""tideMeters"": null, ""waveHeightM"": 0.13, ""windSpeedKts"": 4.6, ""seaTemperatureC"": 16.31}, {""time"": ""2025-09-29T01:00:00+00:00"", ""tideMeters"": null, ""waveHeightM"": 0.13, ""windSpeedKts"": 5.2, ""seaTemperatureC"": 16.31}, {""time"": ""2025-09-29T02:00:00+00:00"", ""tideMeters"": null, ""waveHeightM"": 0.13, ""windSpeedKts"": 5.9, ""seaTemperatureC"": 16.31}, {""time"": ""2025-09-29T03:00:00+00:00"", ""tideMeters"": null, ""waveHeightM"": 0.13, ""windSpeedKts"": 6.5, ""seaTemperatureC"": 16.31}, {""time"": ""2025-09-29T04:00:00+00:00"", ""tideMeters"": null, ""waveHeightM"": 0.12, ""windSpeedKts"": 6.9, ""seaTemperatureC"": 16.33}, {""time"": ""2025-09-29T05:00:00+00:00"", ""tideMeters"": null, ""waveHeightM"": 0.12, ""windSpeedKts"": 7.2, ""seaTemperatureC"": 16.34}, {""time"": ""2025-09-29T06:00:00+00:00"", ""tideMeters"": null, ""waveHeightM"": 0.12, ""windSpeedKts"": 7.6, ""seaTemperatureC"": 16.36}, {""time"": ""2025-09-29T07:00:00+00:00"", ""tideMeters"": null, ""waveHeightM"": 0.12, ""windSpeedKts"": 8.1, ""seaTemperatureC"": 16.38}, {""time"": ""2025-09-29T08:00:00+00:00"", ""tideMeters"": null, ""waveHeightM"": 0.12, ""windSpeedKts"": 8.7, ""seaTemperatureC"": 16.41}, {""time"": ""2025-09-29T09:00:00+00:00"", ""tideMeters"": null, ""waveHeightM"": 0.16, ""windSpeedKts"": 9.2, ""seaTemperatureC"": 16.44}, {""time"": ""2025-09-29T10:00:00+00:00"", ""tideMeters"": null, ""waveHeightM"": 0.25, ""windSpeedKts"": 9.2, ""seaTemperatureC"": 16.47}, {""time"": ""2025-09-29T11:00:00+00:00"", ""tideMeters"": null, ""waveHeightM"": 0.26, ""windSpeedKts"": 9.2, ""seaTemperatureC"": 16.5}, {""time"": ""2025-09-29T12:00:00+00:00"", ""tideMeters"": null, ""waveHeightM"": 0.27, ""windSpeedKts"": 9.2, ""seaTemperatureC"": 16.54}, {""time"": ""2025-09-29T13:00:00+00:00"", ""tideMeters"": null, ""waveHeightM"": 0.28, ""windSpeedKts"": 9.2, ""seaTemperatureC"": 16.57}, {""time"": ""2025-09-29T14:00:00+00:00"", ""tideMeters"": null, ""waveHeightM"": 0.29, ""windSpeedKts"": 9.2, ""seaTemperatureC"": 16.59}, {""time"": ""2025-09-29T15:00:00+00:00"", ""tideMeters"": null, ""waveHeightM"": 0.31, ""windSpeedKts"": 9.2, ""seaTemperatureC"": 16.6}, {""time"": ""2025-09-29T16:00:00+00:00"", ""tideMeters"": null, ""waveHeightM"": 0.3, ""windSpeedKts"": 8.5, ""seaTemperatureC"": 16.6}, {""time"": ""2025-09-29T17:00:00+00:00"", ""tideMeters"": null, ""waveHeightM"": 0.29, ""windSpeedKts"": 7.7, ""seaTemperatureC"": 16.6}, {""time"": ""2025-09-29T18:00:00+00:00"", ""tideMeters"": null, ""waveHeightM"": 0.27, ""windSpeedKts"": 6.9, ""seaTemperatureC"": 16.58}, {""time"": ""2025-09-29T19:00:00+00:00"", ""tideMeters"": null, ""waveHeightM"": 0.26, ""windSpeedKts"": 6.7, ""seaTemperatureC"": 16.56}, {""time"": ""2025-09-29T20:00:00+00:00"", ""tideMeters"": null, ""waveHeightM"": 0.26, ""windSpeedKts"": 6.4, ""seaTemperatureC"": 16.53}, {""time"": ""2025-09-29T21:00:00+00:00"", ""tideMeters"": null, ""waveHeightM"": 0.28, ""windSpeedKts"": 6.1, ""seaTemperatureC"": 16.5}, {""time"": ""2025-09-29T22:00:00+00:00"", ""tideMeters"": null, ""waveHeightM"": 0.3, ""windSpeedKts"": 5.6, ""seaTemperatureC"": 16.49}, {""time"": ""2025-09-29T23:00:00+00:00"", ""tideMeters"": null, ""waveHeightM"": 0.3, ""windSpeedKts"": 5.1, ""seaTemperatureC"": 16.48}]","[{""label"": ""Mon, Sep 29"", ""summary"": ""Calm seas and light winds—ideal for most fishing styles."", ""dateLabel"": ""Mon, Sep 29"", ""waveHeightM"": 0.22, ""fishingScore"": 71, ""windSpeedKts"": 7.4, ""seaTemperatureC"": 16.46}]",ingest:stormglass,2025-09-29 00:47:00.90421+00
33D5,6ce38fae-3b2a-4c18-8405-9b751b18afa5,2025-09-29 00:46:43.9+00,15.97,,,,,,0.56,6.7,262,2025-09-29 11:14:00+00,2025-09-29 04:41:00+00,"[{""time"": ""2025-09-29T00:00:00+00:00"", ""tideMeters"": null, ""waveHeightM"": 0.56, ""windSpeedKts"": 6.7, ""seaTemperatureC"": 15.97}, {""time"": ""2025-09-29T01:00:00+00:00"", ""tideMeters"": null, ""waveHeightM"": 0.56, ""windSpeedKts"": 6, ""seaTemperatureC"": 15.96}, {""time"": ""2025-09-29T02:00:00+00:00"", ""tideMeters"": null, ""waveHeightM"": 0.54, ""windSpeedKts"": 5.2, ""seaTemperatureC"": 15.96}, {""time"": ""2025-09-29T03:00:00+00:00"", ""tideMeters"": null, ""waveHeightM"": 0.53, ""windSpeedKts"": 4.4, ""seaTemperatureC"": 15.96}, {""time"": ""2025-09-29T04:00:00+00:00"", ""tideMeters"": null, ""waveHeightM"": 0.51, ""windSpeedKts"": 5.2, ""seaTemperatureC"": 15.96}, {""time"": ""2025-09-29T05:00:00+00:00"", ""tideMeters"": null, ""waveHeightM"": 0.49, ""windSpeedKts"": 6.1, ""seaTemperatureC"": 15.96}, {""time"": ""2025-09-29T06:00:00+00:00"", ""tideMeters"": null, ""waveHeightM"": 0.48, ""windSpeedKts"": 6.9, ""seaTemperatureC"": 15.97}, {""time"": ""2025-09-29T07:00:00+00:00"", ""tideMeters"": null, ""waveHeightM"": 0.48, ""windSpeedKts"": 8.4, ""seaTemperatureC"": 15.97}, {""time"": ""2025-09-29T08:00:00+00:00"", ""tideMeters"": null, ""waveHeightM"": 0.48, ""windSpeedKts"": 9.8, ""seaTemperatureC"": 15.98}, {""time"": ""2025-09-29T09:00:00+00:00"", ""tideMeters"": null, ""waveHeightM"": 0.51, ""windSpeedKts"": 11.3, ""seaTemperatureC"": 15.98}, {""time"": ""2025-09-29T10:00:00+00:00"", ""tideMeters"": null, ""waveHeightM"": 0.54, ""windSpeedKts"": 11.2, ""seaTemperatureC"": 15.99}, {""time"": ""2025-09-29T11:00:00+00:00"", ""tideMeters"": null, ""waveHeightM"": 0.57, ""windSpeedKts"": 11.1, ""seaTemperatureC"": 15.99}, {""time"": ""2025-09-29T12:00:00+00:00"", ""tideMeters"": null, ""waveHeightM"": 0.59, ""windSpeedKts"": 11.1, ""seaTemperatureC"": 15.97}, {""time"": ""2025-09-29T13:00:00+00:00"", ""tideMeters"": null, ""waveHeightM"": 0.6, ""windSpeedKts"": 11.3, ""seaTemperatureC"": 15.96}, {""time"": ""2025-09-29T14:00:00+00:00"", ""tideMeters"": null, ""waveHeightM"": 0.61, ""windSpeedKts"": 11.6, ""seaTemperatureC"": 15.96}, {""time"": ""2025-09-29T15:00:00+00:00"", ""tideMeters"": null, ""waveHeightM"": 0.62, ""windSpeedKts"": 11.8, ""seaTemperatureC"": 15.97}, {""time"": ""2025-09-29T16:00:00+00:00"", ""tideMeters"": null, ""waveHeightM"": 0.63, ""windSpeedKts"": 11.9, ""seaTemperatureC"": 15.97}, {""time"": ""2025-09-29T17:00:00+00:00"", ""tideMeters"": null, ""waveHeightM"": 0.62, ""windSpeedKts"": 11.9, ""seaTemperatureC"": 15.96}, {""time"": ""2025-09-29T18:00:00+00:00"", ""tideMeters"": null, ""waveHeightM"": 0.62, ""windSpeedKts"": 12, ""seaTemperatureC"": 15.96}, {""time"": ""2025-09-29T19:00:00+00:00"", ""tideMeters"": null, ""waveHeightM"": 0.61, ""windSpeedKts"": 11.9, ""seaTemperatureC"": 15.95}, {""time"": ""2025-09-29T20:00:00+00:00"", ""tideMeters"": null, ""waveHeightM"": 0.61, ""windSpeedKts"": 11.9, ""seaTemperatureC"": 15.94}, {""time"": ""2025-09-29T21:00:00+00:00"", ""tideMeters"": null, ""waveHeightM"": 0.61, ""windSpeedKts"": 11.8, ""seaTemperatureC"": 15.94}, {""time"": ""2025-09-29T22:00:00+00:00"", ""tideMeters"": null, ""waveHeightM"": 0.63, ""windSpeedKts"": 12.1, ""seaTemperatureC"": 15.93}, {""time"": ""2025-09-29T23:00:00+00:00"", ""tideMeters"": null, ""waveHeightM"": 0.65, ""windSpeedKts"": 12.5, ""seaTemperatureC"": 15.93}]","[{""label"": ""Mon, Sep 29"", ""summary"": ""Calm seas and light winds—ideal for most fishing styles."", ""dateLabel"": ""Mon, Sep 29"", ""waveHeightM"": 0.57, ""fishingScore"": 64, ""windSpeedKts"": 9.8, ""seaTemperatureC"": 15.96}]",ingest:stormglass,2025-09-29 00:47:02.099959+00
33E1,6202538a-e75a-4045-9361-e07abc340b31,2025-09-29 00:46:43.9+00,13.48,,,,,,0.29,7.2,234,2025-09-29 08:27:00+00,2025-09-29 01:36:00+00,"[{""time"": ""2025-09-29T00:00:00+00:00"", ""tideMeters"": null, ""waveHeightM"": 0.29, ""windSpeedKts"": 7.2, ""seaTemperatureC"": 13.48}, {""time"": ""2025-09-29T01:00:00+00:00"", ""tideMeters"": null, ""waveHeightM"": 0.28, ""windSpeedKts"": 6.5, ""seaTemperatureC"": 13.47}, {""time"": ""2025-09-29T02:00:00+00:00"", ""tideMeters"": null, ""waveHeightM"": 0.27, ""windSpeedKts"": 5.7, ""seaTemperatureC"": 13.47}, {""time"": ""2025-09-29T03:00:00+00:00"", ""tideMeters"": null, ""waveHeightM"": 0.26, ""windSpeedKts"": 5, ""seaTemperatureC"": 13.47}, {""time"": ""2025-09-29T04:00:00+00:00"", ""tideMeters"": null, ""waveHeightM"": 0.25, ""windSpeedKts"": 4.8, ""seaTemperatureC"": 13.47}, {""time"": ""2025-09-29T05:00:00+00:00"", ""tideMeters"": null, ""waveHeightM"": 0.24, ""windSpeedKts"": 4.5, ""seaTemperatureC"": 13.48}, {""time"": ""2025-09-29T06:00:00+00:00"", ""tideMeters"": null, ""waveHeightM"": 0.23, ""windSpeedKts"": 4.3, ""seaTemperatureC"": 13.46}, {""time"": ""2025-09-29T07:00:00+00:00"", ""tideMeters"": null, ""waveHeightM"": 0.22, ""windSpeedKts"": 3.9, ""seaTemperatureC"": 13.46}, {""time"": ""2025-09-29T08:00:00+00:00"", ""tideMeters"": null, ""waveHeightM"": 0.22, ""windSpeedKts"": 3.6, ""seaTemperatureC"": 13.46}, {""time"": ""2025-09-29T09:00:00+00:00"", ""tideMeters"": null, ""waveHeightM"": 0.21, ""windSpeedKts"": 3.3, ""seaTemperatureC"": 13.48}, {""time"": ""2025-09-29T10:00:00+00:00"", ""tideMeters"": null, ""waveHeightM"": 0.21, ""windSpeedKts"": 3.8, ""seaTemperatureC"": 13.51}, {""time"": ""2025-09-29T11:00:00+00:00"", ""tideMeters"": null, ""waveHeightM"": 0.21, ""windSpeedKts"": 4.3, ""seaTemperatureC"": 13.55}, {""time"": ""2025-09-29T12:00:00+00:00"", ""tideMeters"": null, ""waveHeightM"": 0.21, ""windSpeedKts"": 4.9, ""seaTemperatureC"": 13.61}, {""time"": ""2025-09-29T13:00:00+00:00"", ""tideMeters"": null, ""waveHeightM"": 0.21, ""windSpeedKts"": 5.6, ""seaTemperatureC"": 13.66}, {""time"": ""2025-09-29T14:00:00+00:00"", ""tideMeters"": null, ""waveHeightM"": 0.2, ""windSpeedKts"": 6.4, ""seaTemperatureC"": 13.69}, {""time"": ""2025-09-29T15:00:00+00:00"", ""tideMeters"": null, ""waveHeightM"": 0.2, ""windSpeedKts"": 7.1, ""seaTemperatureC"": 13.71}, {""time"": ""2025-09-29T16:00:00+00:00"", ""tideMeters"": null, ""waveHeightM"": 0.19, ""windSpeedKts"": 6, ""seaTemperatureC"": 13.72}, {""time"": ""2025-09-29T17:00:00+00:00"", ""tideMeters"": null, ""waveHeightM"": 0.19, ""windSpeedKts"": 4.9, ""seaTemperatureC"": 13.7}, {""time"": ""2025-09-29T18:00:00+00:00"", ""tideMeters"": null, ""waveHeightM"": 0.18, ""windSpeedKts"": 3.7, ""seaTemperatureC"": 13.66}, {""time"": ""2025-09-29T19:00:00+00:00"", ""tideMeters"": null, ""waveHeightM"": 0.18, ""windSpeedKts"": 5.2, ""seaTemperatureC"": 13.62}, {""time"": ""2025-09-29T20:00:00+00:00"", ""tideMeters"": null, ""waveHeightM"": 0.17, ""windSpeedKts"": 6.6, ""seaTemperatureC"": 13.57}, {""time"": ""2025-09-29T21:00:00+00:00"", ""tideMeters"": null, ""waveHeightM"": 0.17, ""windSpeedKts"": 8, ""seaTemperatureC"": 13.53}, {""time"": ""2025-09-29T22:00:00+00:00"", ""tideMeters"": null, ""waveHeightM"": 0.16, ""windSpeedKts"": 8.3, ""seaTemperatureC"": 13.52}, {""time"": ""2025-09-29T23:00:00+00:00"", ""tideMeters"": null, ""waveHeightM"": 0.16, ""windSpeedKts"": 8.5, ""seaTemperatureC"": 13.51}]","[{""label"": ""Mon, Sep 29"", ""summary"": ""Calm seas and light winds—ideal for most fishing styles."", ""dateLabel"": ""Mon, Sep 29"", ""waveHeightM"": 0.21, ""fishingScore"": 71, ""windSpeedKts"": 5.5, ""seaTemperatureC"": 13.55}]",ingest:stormglass,2025-09-29 00:47:03.444056+00
33E2,a6b1b035-419a-4280-becc-724c89b5dcfe,2025-09-29 00:46:43.9+00,15.81,,,,,,0.06,2.9,334,2025-09-29 03:25:00+00,2025-09-29 09:46:00+00,"[{""time"": ""2025-09-29T00:00:00+00:00"", ""tideMeters"": null, ""waveHeightM"": 0.06, ""windSpeedKts"": 2.9, ""seaTemperatureC"": 15.81}, {""time"": ""2025-09-29T01:00:00+00:00"", ""tideMeters"": null, ""waveHeightM"": 0.07, ""windSpeedKts"": 2.4, ""seaTemperatureC"": 15.81}, {""time"": ""2025-09-29T02:00:00+00:00"", ""tideMeters"": null, ""waveHeightM"": 0.07, ""windSpeedKts"": 2, ""seaTemperatureC"": 15.8}, {""time"": ""2025-09-29T03:00:00+00:00"", ""tideMeters"": null, ""waveHeightM"": 0.07, ""windSpeedKts"": 1.5, ""seaTemperatureC"": 15.8}, {""time"": ""2025-09-29T04:00:00+00:00"", ""tideMeters"": null, ""waveHeightM"": 0.07, ""windSpeedKts"": 1.4, ""seaTemperatureC"": 15.8}, {""time"": ""2025-09-29T05:00:00+00:00"", ""tideMeters"": null, ""waveHeightM"": 0.08, ""windSpeedKts"": 1.4, ""seaTemperatureC"": 15.8}, {""time"": ""2025-09-29T06:00:00+00:00"", ""tideMeters"": null, ""waveHeightM"": 0.08, ""windSpeedKts"": 1.3, ""seaTemperatureC"": 15.79}, {""time"": ""2025-09-29T07:00:00+00:00"", ""tideMeters"": null, ""waveHeightM"": 0.08, ""windSpeedKts"": 1.4, ""seaTemperatureC"": 15.79}, {""time"": ""2025-09-29T08:00:00+00:00"", ""tideMeters"": null, ""waveHeightM"": 0.08, ""windSpeedKts"": 1.5, ""seaTemperatureC"": 15.8}, {""time"": ""2025-09-29T09:00:00+00:00"", ""tideMeters"": null, ""waveHeightM"": 0.07, ""windSpeedKts"": 1.6, ""seaTemperatureC"": 15.81}, {""time"": ""2025-09-29T10:00:00+00:00"", ""tideMeters"": null, ""waveHeightM"": 0.06, ""windSpeedKts"": 2.6, ""seaTemperatureC"": 15.81}, {""time"": ""2025-09-29T11:00:00+00:00"", ""tideMeters"": null, ""waveHeightM"": 0.05, ""windSpeedKts"": 3.6, ""seaTemperatureC"": 15.82}, {""time"": ""2025-09-29T12:00:00+00:00"", ""tideMeters"": null, ""waveHeightM"": 0.06, ""windSpeedKts"": 4.5, ""seaTemperatureC"": 15.81}, {""time"": ""2025-09-29T13:00:00+00:00"", ""tideMeters"": null, ""waveHeightM"": 0.18, ""windSpeedKts"": 5.5, ""seaTemperatureC"": 15.8}, {""time"": ""2025-09-29T14:00:00+00:00"", ""tideMeters"": null, ""waveHeightM"": 0.3, ""windSpeedKts"": 6.5, ""seaTemperatureC"": 15.79}, {""time"": ""2025-09-29T15:00:00+00:00"", ""tideMeters"": null, ""waveHeightM"": 0.32, ""windSpeedKts"": 7.5, ""seaTemperatureC"": 15.8}, {""time"": ""2025-09-29T16:00:00+00:00"", ""tideMeters"": null, ""waveHeightM"": 0.33, ""windSpeedKts"": 6.6, ""seaTemperatureC"": 15.8}, {""time"": ""2025-09-29T17:00:00+00:00"", ""tideMeters"": null, ""waveHeightM"": 0.35, ""windSpeedKts"": 5.6, ""seaTemperatureC"": 15.79}, {""time"": ""2025-09-29T18:00:00+00:00"", ""tideMeters"": null, ""waveHeightM"": 0.37, ""windSpeedKts"": 4.6, ""seaTemperatureC"": 15.79}, {""time"": ""2025-09-29T19:00:00+00:00"", ""tideMeters"": null, ""waveHeightM"": 0.38, ""windSpeedKts"": 4.5, ""seaTemperatureC"": 15.78}, {""time"": ""2025-09-29T20:00:00+00:00"", ""tideMeters"": null, ""waveHeightM"": 0.38, ""windSpeedKts"": 4.3, ""seaTemperatureC"": 15.78}, {""time"": ""2025-09-29T21:00:00+00:00"", ""tideMeters"": null, ""waveHeightM"": 0.37, ""windSpeedKts"": 4.2, ""seaTemperatureC"": 15.77}, {""time"": ""2025-09-29T22:00:00+00:00"", ""tideMeters"": null, ""waveHeightM"": 0.38, ""windSpeedKts"": 4.1, ""seaTemperatureC"": 15.76}, {""time"": ""2025-09-29T23:00:00+00:00"", ""tideMeters"": null, ""waveHeightM"": 0.39, ""windSpeedKts"": 4.1, ""seaTemperatureC"": 15.76}]","[{""label"": ""Mon, Sep 29"", ""summary"": ""Calm seas and light winds—ideal for most fishing styles."", ""dateLabel"": ""Mon, Sep 29"", ""waveHeightM"": 0.19, ""fishingScore"": 71, ""windSpeedKts"": 3.6, ""seaTemperatureC"": 15.79}]",ingest:stormglass,2025-09-29 00:47:04.534604+00
33E3,7160a12b-f40d-482c-b97b-8fe61481a7a9,2025-09-29 00:46:43.9+00,14.95,,,,,,0.31,0.8,134,2025-09-29 03:44:00+00,2025-09-29 09:41:00+00,"[{""time"": ""2025-09-29T00:00:00+00:00"", ""tideMeters"": null, ""waveHeightM"": 0.31, ""windSpeedKts"": 0.8, ""seaTemperatureC"": 14.95}, {""time"": ""2025-09-29T01:00:00+00:00"", ""tideMeters"": null, ""waveHeightM"": 0.35, ""windSpeedKts"": 1.7, ""seaTemperatureC"": 14.94}, {""time"": ""2025-09-29T02:00:00+00:00"", ""tideMeters"": null, ""waveHeightM"": 0.37, ""windSpeedKts"": 2.5, ""seaTemperatureC"": 14.93}, {""time"": ""2025-09-29T03:00:00+00:00"", ""tideMeters"": null, ""waveHeightM"": 0.36, ""windSpeedKts"": 3.4, ""seaTemperatureC"": 14.92}, {""time"": ""2025-09-29T04:00:00+00:00"", ""tideMeters"": null, ""waveHeightM"": 0.32, ""windSpeedKts"": 4.2, ""seaTemperatureC"": 14.92}, {""time"": ""2025-09-29T05:00:00+00:00"", ""tideMeters"": null, ""waveHeightM"": 0.28, ""windSpeedKts"": 5, ""seaTemperatureC"": 14.91}, {""time"": ""2025-09-29T06:00:00+00:00"", ""tideMeters"": null, ""waveHeightM"": 0.23, ""windSpeedKts"": 5.9, ""seaTemperatureC"": 14.9}, {""time"": ""2025-09-29T07:00:00+00:00"", ""tideMeters"": null, ""waveHeightM"": 0.19, ""windSpeedKts"": 6.3, ""seaTemperatureC"": 14.9}, {""time"": ""2025-09-29T08:00:00+00:00"", ""tideMeters"": null, ""waveHeightM"": 0.17, ""windSpeedKts"": 6.6, ""seaTemperatureC"": 14.9}, {""time"": ""2025-09-29T09:00:00+00:00"", ""tideMeters"": null, ""waveHeightM"": 0.16, ""windSpeedKts"": 7, ""seaTemperatureC"": 14.9}, {""time"": ""2025-09-29T10:00:00+00:00"", ""tideMeters"": null, ""waveHeightM"": 0.16, ""windSpeedKts"": 7.2, ""seaTemperatureC"": 14.9}, {""time"": ""2025-09-29T11:00:00+00:00"", ""tideMeters"": null, ""waveHeightM"": 0.17, ""windSpeedKts"": 7.4, ""seaTemperatureC"": 14.9}, {""time"": ""2025-09-29T12:00:00+00:00"", ""tideMeters"": null, ""waveHeightM"": 0.2, ""windSpeedKts"": 7.6, ""seaTemperatureC"": 14.91}, {""time"": ""2025-09-29T13:00:00+00:00"", ""tideMeters"": null, ""waveHeightM"": 0.25, ""windSpeedKts"": 8.4, ""seaTemperatureC"": 14.91}, {""time"": ""2025-09-29T14:00:00+00:00"", ""tideMeters"": null, ""waveHeightM"": 0.29, ""windSpeedKts"": 9.2, ""seaTemperatureC"": 14.91}, {""time"": ""2025-09-29T15:00:00+00:00"", ""tideMeters"": null, ""waveHeightM"": 0.29, ""windSpeedKts"": 9.9, ""seaTemperatureC"": 14.91}, {""time"": ""2025-09-29T16:00:00+00:00"", ""tideMeters"": null, ""waveHeightM"": 0.29, ""windSpeedKts"": 9.3, ""seaTemperatureC"": 14.9}, {""time"": ""2025-09-29T17:00:00+00:00"", ""tideMeters"": null, ""waveHeightM"": 0.27, ""windSpeedKts"": 8.6, ""seaTemperatureC"": 14.9}, {""time"": ""2025-09-29T18:00:00+00:00"", ""tideMeters"": null, ""waveHeightM"": 0.26, ""windSpeedKts"": 7.9, ""seaTemperatureC"": 14.9}, {""time"": ""2025-09-29T19:00:00+00:00"", ""tideMeters"": null, ""waveHeightM"": 0.24, ""windSpeedKts"": 7.9, ""seaTemperatureC"": 14.9}, {""time"": ""2025-09-29T20:00:00+00:00"", ""tideMeters"": null, ""waveHeightM"": 0.22, ""windSpeedKts"": 7.8, ""seaTemperatureC"": 14.89}, {""time"": ""2025-09-29T21:00:00+00:00"", ""tideMeters"": null, ""waveHeightM"": 0.2, ""windSpeedKts"": 7.7, ""seaTemperatureC"": 14.89}, {""time"": ""2025-09-29T22:00:00+00:00"", ""tideMeters"": null, ""waveHeightM"": 0.2, ""windSpeedKts"": 7.7, ""seaTemperatureC"": 14.88}, {""time"": ""2025-09-29T23:00:00+00:00"", ""tideMeters"": null, ""waveHeightM"": 0.22, ""windSpeedKts"": 7.7, ""seaTemperatureC"": 14.87}]","[{""label"": ""Mon, Sep 29"", ""summary"": ""Calm seas and light winds—ideal for most fishing styles."", ""dateLabel"": ""Mon, Sep 29"", ""waveHeightM"": 0.25, ""fishingScore"": 70, ""windSpeedKts"": 6.6, ""seaTemperatureC"": 14.91}]",ingest:stormglass,2025-09-29 00:47:05.712213+00
33E5,43c8da98-9aea-4e83-95a7-74500d0a9945,2025-09-29 00:46:43.9+00,15.33,,,,,,0.06,3.2,293,2025-09-29 03:24:00+00,2025-09-29 09:09:00+00,"[{""time"": ""2025-09-29T00:00:00+00:00"", ""tideMeters"": null, ""waveHeightM"": 0.06, ""windSpeedKts"": 3.2, ""seaTemperatureC"": 15.33}, {""time"": ""2025-09-29T01:00:00+00:00"", ""tideMeters"": null, ""waveHeightM"": 0.06, ""windSpeedKts"": 3.3, ""seaTemperatureC"": 15.31}, {""time"": ""2025-09-29T02:00:00+00:00"", ""tideMeters"": null, ""waveHeightM"": 0.06, ""windSpeedKts"": 3.4, ""seaTemperatureC"": 15.3}, {""time"": ""2025-09-29T03:00:00+00:00"", ""tideMeters"": null, ""waveHeightM"": 0.06, ""windSpeedKts"": 3.5, ""seaTemperatureC"": 15.29}, {""time"": ""2025-09-29T04:00:00+00:00"", ""tideMeters"": null, ""waveHeightM"": 0.06, ""windSpeedKts"": 3.5, ""seaTemperatureC"": 15.29}, {""time"": ""2025-09-29T05:00:00+00:00"", ""tideMeters"": null, ""waveHeightM"": 0.06, ""windSpeedKts"": 3.5, ""seaTemperatureC"": 15.28}, {""time"": ""2025-09-29T06:00:00+00:00"", ""tideMeters"": null, ""waveHeightM"": 0.05, ""windSpeedKts"": 3.6, ""seaTemperatureC"": 15.28}, {""time"": ""2025-09-29T07:00:00+00:00"", ""tideMeters"": null, ""waveHeightM"": 0.05, ""windSpeedKts"": 4.2, ""seaTemperatureC"": 15.28}, {""time"": ""2025-09-29T08:00:00+00:00"", ""tideMeters"": null, ""waveHeightM"": 0.05, ""windSpeedKts"": 4.8, ""seaTemperatureC"": 15.27}, {""time"": ""2025-09-29T09:00:00+00:00"", ""tideMeters"": null, ""waveHeightM"": 0.05, ""windSpeedKts"": 5.4, ""seaTemperatureC"": 15.26}, {""time"": ""2025-09-29T10:00:00+00:00"", ""tideMeters"": null, ""waveHeightM"": 0.05, ""windSpeedKts"": 6, ""seaTemperatureC"": 15.27}, {""time"": ""2025-09-29T11:00:00+00:00"", ""tideMeters"": null, ""waveHeightM"": 0.04, ""windSpeedKts"": 6.6, ""seaTemperatureC"": 15.27}, {""time"": ""2025-09-29T12:00:00+00:00"", ""tideMeters"": null, ""waveHeightM"": 0.04, ""windSpeedKts"": 7.1, ""seaTemperatureC"": 15.27}, {""time"": ""2025-09-29T13:00:00+00:00"", ""tideMeters"": null, ""waveHeightM"": 0.04, ""windSpeedKts"": 8.1, ""seaTemperatureC"": 15.28}, {""time"": ""2025-09-29T14:00:00+00:00"", ""tideMeters"": null, ""waveHeightM"": 0.04, ""windSpeedKts"": 9.2, ""seaTemperatureC"": 15.28}, {""time"": ""2025-09-29T15:00:00+00:00"", ""tideMeters"": null, ""waveHeightM"": 0.06, ""windSpeedKts"": 10.2, ""seaTemperatureC"": 15.28}, {""time"": ""2025-09-29T16:00:00+00:00"", ""tideMeters"": null, ""waveHeightM"": 0.09, ""windSpeedKts"": 9.8, ""seaTemperatureC"": 15.28}, {""time"": ""2025-09-29T17:00:00+00:00"", ""tideMeters"": null, ""waveHeightM"": 0.14, ""windSpeedKts"": 9.3, ""seaTemperatureC"": 15.29}, {""time"": ""2025-09-29T18:00:00+00:00"", ""tideMeters"": null, ""waveHeightM"": 0.16, ""windSpeedKts"": 8.9, ""seaTemperatureC"": 15.3}, {""time"": ""2025-09-29T19:00:00+00:00"", ""tideMeters"": null, ""waveHeightM"": 0.17, ""windSpeedKts"": 9.1, ""seaTemperatureC"": 15.29}, {""time"": ""2025-09-29T20:00:00+00:00"", ""tideMeters"": null, ""waveHeightM"": 0.18, ""windSpeedKts"": 9.4, ""seaTemperatureC"": 15.28}, {""time"": ""2025-09-29T21:00:00+00:00"", ""tideMeters"": null, ""waveHeightM"": 0.19, ""windSpeedKts"": 9.6, ""seaTemperatureC"": 15.27}, {""time"": ""2025-09-29T22:00:00+00:00"", ""tideMeters"": null, ""waveHeightM"": 0.19, ""windSpeedKts"": 9.8, ""seaTemperatureC"": 15.26}, {""time"": ""2025-09-29T23:00:00+00:00"", ""tideMeters"": null, ""waveHeightM"": 0.17, ""windSpeedKts"": 10.1, ""seaTemperatureC"": 15.25}]","[{""label"": ""Mon, Sep 29"", ""summary"": ""Calm seas and light winds—ideal for most fishing styles."", ""dateLabel"": ""Mon, Sep 29"", ""waveHeightM"": 0.09, ""fishingScore"": 73, ""windSpeedKts"": 6.7, ""seaTemperatureC"": 15.28}]",ingest:stormglass,2025-09-29 00:47:06.858987+00
33F2,46f6dac0-d191-4ab3-b8e7-a69a61eee09a,2025-09-29 00:46:43.9+00,16.84,,,,,,0.17,2.4,257,2025-09-29 04:44:00+00,2025-09-29 10:38:00+00,"[{""time"": ""2025-09-29T00:00:00+00:00"", ""tideMeters"": null, ""waveHeightM"": 0.17, ""windSpeedKts"": 2.4, ""seaTemperatureC"": 16.84}, {""time"": ""2025-09-29T01:00:00+00:00"", ""tideMeters"": null, ""waveHeightM"": 0.16, ""windSpeedKts"": 3.4, ""seaTemperatureC"": 16.84}, {""time"": ""2025-09-29T02:00:00+00:00"", ""tideMeters"": null, ""waveHeightM"": 0.16, ""windSpeedKts"": 4.5, ""seaTemperatureC"": 16.84}, {""time"": ""2025-09-29T03:00:00+00:00"", ""tideMeters"": null, ""waveHeightM"": 0.16, ""windSpeedKts"": 5.6, ""seaTemperatureC"": 16.84}, {""time"": ""2025-09-29T04:00:00+00:00"", ""tideMeters"": null, ""waveHeightM"": 0.16, ""windSpeedKts"": 5.6, ""seaTemperatureC"": 16.84}, {""time"": ""2025-09-29T05:00:00+00:00"", ""tideMeters"": null, ""waveHeightM"": 0.15, ""windSpeedKts"": 5.6, ""seaTemperatureC"": 16.83}, {""time"": ""2025-09-29T06:00:00+00:00"", ""tideMeters"": null, ""waveHeightM"": 0.15, ""windSpeedKts"": 5.6, ""seaTemperatureC"": 16.83}, {""time"": ""2025-09-29T07:00:00+00:00"", ""tideMeters"": null, ""waveHeightM"": 0.15, ""windSpeedKts"": 5.2, ""seaTemperatureC"": 16.84}, {""time"": ""2025-09-29T08:00:00+00:00"", ""tideMeters"": null, ""waveHeightM"": 0.15, ""windSpeedKts"": 4.9, ""seaTemperatureC"": 16.85}, {""time"": ""2025-09-29T09:00:00+00:00"", ""tideMeters"": null, ""waveHeightM"": 0.15, ""windSpeedKts"": 4.5, ""seaTemperatureC"": 16.87}, {""time"": ""2025-09-29T10:00:00+00:00"", ""tideMeters"": null, ""waveHeightM"": 0.15, ""windSpeedKts"": 6, ""seaTemperatureC"": 16.9}, {""time"": ""2025-09-29T11:00:00+00:00"", ""tideMeters"": null, ""waveHeightM"": 0.15, ""windSpeedKts"": 7.6, ""seaTemperatureC"": 16.94}, {""time"": ""2025-09-29T12:00:00+00:00"", ""tideMeters"": null, ""waveHeightM"": 0.18, ""windSpeedKts"": 9.1, ""seaTemperatureC"": 16.98}, {""time"": ""2025-09-29T13:00:00+00:00"", ""tideMeters"": null, ""waveHeightM"": 0.24, ""windSpeedKts"": 10.1, ""seaTemperatureC"": 17.01}, {""time"": ""2025-09-29T14:00:00+00:00"", ""tideMeters"": null, ""waveHeightM"": 0.31, ""windSpeedKts"": 11.1, ""seaTemperatureC"": 17.02}, {""time"": ""2025-09-29T15:00:00+00:00"", ""tideMeters"": null, ""waveHeightM"": 0.37, ""windSpeedKts"": 12.1, ""seaTemperatureC"": 17.01}, {""time"": ""2025-09-29T16:00:00+00:00"", ""tideMeters"": null, ""waveHeightM"": 0.42, ""windSpeedKts"": 12, ""seaTemperatureC"": 17}, {""time"": ""2025-09-29T17:00:00+00:00"", ""tideMeters"": null, ""waveHeightM"": 0.44, ""windSpeedKts"": 11.9, ""seaTemperatureC"": 16.98}, {""time"": ""2025-09-29T18:00:00+00:00"", ""tideMeters"": null, ""waveHeightM"": 0.46, ""windSpeedKts"": 11.7, ""seaTemperatureC"": 16.94}, {""time"": ""2025-09-29T19:00:00+00:00"", ""tideMeters"": null, ""waveHeightM"": 0.47, ""windSpeedKts"": 10.6, ""seaTemperatureC"": 16.91}, {""time"": ""2025-09-29T20:00:00+00:00"", ""tideMeters"": null, ""waveHeightM"": 0.46, ""windSpeedKts"": 9.4, ""seaTemperatureC"": 16.9}, {""time"": ""2025-09-29T21:00:00+00:00"", ""tideMeters"": null, ""waveHeightM"": 0.44, ""windSpeedKts"": 8.3, ""seaTemperatureC"": 16.89}, {""time"": ""2025-09-29T22:00:00+00:00"", ""tideMeters"": null, ""waveHeightM"": 0.43, ""windSpeedKts"": 7.6, ""seaTemperatureC"": 16.87}, {""time"": ""2025-09-29T23:00:00+00:00"", ""tideMeters"": null, ""waveHeightM"": 0.4, ""windSpeedKts"": 7, ""seaTemperatureC"": 16.86}]","[{""label"": ""Mon, Sep 29"", ""summary"": ""Calm seas and light winds—ideal for most fishing styles."", ""dateLabel"": ""Mon, Sep 29"", ""waveHeightM"": 0.27, ""fishingScore"": 70, ""windSpeedKts"": 7.6, ""seaTemperatureC"": 16.9}]",ingest:stormglass,2025-09-29 00:47:08.01027+00
34D6,f5c5dec0-8792-4595-8db9-d7aa7a918b8b,2025-09-29 00:46:43.9+00,15.83,,,,,,0.26,1.2,97,2025-09-29 12:12:00+00,2025-09-29 06:21:00+00,"[{""time"": ""2025-09-29T00:00:00+00:00"", ""tideMeters"": null, ""waveHeightM"": 0.26, ""windSpeedKts"": 1.2, ""seaTemperatureC"": 15.83}, {""time"": ""2025-09-29T01:00:00+00:00"", ""tideMeters"": null, ""waveHeightM"": 0.28, ""windSpeedKts"": 1.4, ""seaTemperatureC"": 15.82}, {""time"": ""2025-09-29T02:00:00+00:00"", ""tideMeters"": null, ""waveHeightM"": 0.3, ""windSpeedKts"": 1.7, ""seaTemperatureC"": 15.82}, {""time"": ""2025-09-29T03:00:00+00:00"", ""tideMeters"": null, ""waveHeightM"": 0.32, ""windSpeedKts"": 1.9, ""seaTemperatureC"": 15.81}, {""time"": ""2025-09-29T04:00:00+00:00"", ""tideMeters"": null, ""waveHeightM"": 0.32, ""windSpeedKts"": 2.1, ""seaTemperatureC"": 15.81}, {""time"": ""2025-09-29T05:00:00+00:00"", ""tideMeters"": null, ""waveHeightM"": 0.32, ""windSpeedKts"": 2.4, ""seaTemperatureC"": 15.8}, {""time"": ""2025-09-29T06:00:00+00:00"", ""tideMeters"": null, ""waveHeightM"": 0.31, ""windSpeedKts"": 2.6, ""seaTemperatureC"": 15.81}, {""time"": ""2025-09-29T07:00:00+00:00"", ""tideMeters"": null, ""waveHeightM"": 0.29, ""windSpeedKts"": 2.8, ""seaTemperatureC"": 15.8}, {""time"": ""2025-09-29T08:00:00+00:00"", ""tideMeters"": null, ""waveHeightM"": 0.28, ""windSpeedKts"": 2.9, ""seaTemperatureC"": 15.79}, {""time"": ""2025-09-29T09:00:00+00:00"", ""tideMeters"": null, ""waveHeightM"": 0.27, ""windSpeedKts"": 3.1, ""seaTemperatureC"": 15.84}, {""time"": ""2025-09-29T10:00:00+00:00"", ""tideMeters"": null, ""waveHeightM"": 0.28, ""windSpeedKts"": 4.2, ""seaTemperatureC"": 15.83}, {""time"": ""2025-09-29T11:00:00+00:00"", ""tideMeters"": null, ""waveHeightM"": 0.31, ""windSpeedKts"": 5.4, ""seaTemperatureC"": 15.84}, {""time"": ""2025-09-29T12:00:00+00:00"", ""tideMeters"": null, ""waveHeightM"": 0.35, ""windSpeedKts"": 6.5, ""seaTemperatureC"": 15.85}, {""time"": ""2025-09-29T13:00:00+00:00"", ""tideMeters"": null, ""waveHeightM"": 0.38, ""windSpeedKts"": 6.4, ""seaTemperatureC"": 15.85}, {""time"": ""2025-09-29T14:00:00+00:00"", ""tideMeters"": null, ""waveHeightM"": 0.39, ""windSpeedKts"": 6.2, ""seaTemperatureC"": 15.86}, {""time"": ""2025-09-29T15:00:00+00:00"", ""tideMeters"": null, ""waveHeightM"": 0.4, ""windSpeedKts"": 6.1, ""seaTemperatureC"": 15.86}, {""time"": ""2025-09-29T16:00:00+00:00"", ""tideMeters"": null, ""waveHeightM"": 0.4, ""windSpeedKts"": 5.2, ""seaTemperatureC"": 15.85}, {""time"": ""2025-09-29T17:00:00+00:00"", ""tideMeters"": null, ""waveHeightM"": 0.4, ""windSpeedKts"": 4.4, ""seaTemperatureC"": 15.83}, {""time"": ""2025-09-29T18:00:00+00:00"", ""tideMeters"": null, ""waveHeightM"": 0.4, ""windSpeedKts"": 3.5, ""seaTemperatureC"": 15.83}, {""time"": ""2025-09-29T19:00:00+00:00"", ""tideMeters"": null, ""waveHeightM"": 0.41, ""windSpeedKts"": 3.4, ""seaTemperatureC"": 15.82}, {""time"": ""2025-09-29T20:00:00+00:00"", ""tideMeters"": null, ""waveHeightM"": 0.42, ""windSpeedKts"": 3.3, ""seaTemperatureC"": 15.82}, {""time"": ""2025-09-29T21:00:00+00:00"", ""tideMeters"": null, ""waveHeightM"": 0.44, ""windSpeedKts"": 3.2, ""seaTemperatureC"": 15.81}, {""time"": ""2025-09-29T22:00:00+00:00"", ""tideMeters"": null, ""waveHeightM"": 0.45, ""windSpeedKts"": 3.8, ""seaTemperatureC"": 15.81}, {""time"": ""2025-09-29T23:00:00+00:00"", ""tideMeters"": null, ""waveHeightM"": 0.46, ""windSpeedKts"": 4.4, ""seaTemperatureC"": 15.8}]","[{""label"": ""Mon, Sep 29"", ""summary"": ""Calm seas and light winds—ideal for most fishing styles."", ""dateLabel"": ""Mon, Sep 29"", ""waveHeightM"": 0.35, ""fishingScore"": 68, ""windSpeedKts"": 3.7, ""seaTemperatureC"": 15.82}]",ingest:stormglass,2025-09-29 00:47:08.985511+00
34E1,c34e0842-0566-4ea2-bafc-436a2e8fafcb,2025-09-29 01:17:09.267+00,13.47,,,,,,0.58,1.5,311,2025-09-29 06:47:00+00,2025-09-29 11:54:00+00,"[{""time"": ""2025-09-29T01:00:00+00:00"", ""tideMeters"": null, ""waveHeightM"": 0.58, ""windSpeedKts"": 1.5, ""seaTemperatureC"": 13.47}, {""time"": ""2025-09-29T02:00:00+00:00"", ""tideMeters"": null, ""waveHeightM"": 0.57, ""windSpeedKts"": 1.3, ""seaTemperatureC"": 13.47}, {""time"": ""2025-09-29T03:00:00+00:00"", ""tideMeters"": null, ""waveHeightM"": 0.56, ""windSpeedKts"": 1.2, ""seaTemperatureC"": 13.47}, {""time"": ""2025-09-29T04:00:00+00:00"", ""tideMeters"": null, ""waveHeightM"": 0.55, ""windSpeedKts"": 1.4, ""seaTemperatureC"": 13.47}, {""time"": ""2025-09-29T05:00:00+00:00"", ""tideMeters"": null, ""waveHeightM"": 0.55, ""windSpeedKts"": 1.6, ""seaTemperatureC"": 13.48}, {""time"": ""2025-09-29T06:00:00+00:00"", ""tideMeters"": null, ""waveHeightM"": 0.53, ""windSpeedKts"": 1.9, ""seaTemperatureC"": 13.46}, {""time"": ""2025-09-29T07:00:00+00:00"", ""tideMeters"": null, ""waveHeightM"": 0.52, ""windSpeedKts"": 1.8, ""seaTemperatureC"": 13.46}, {""time"": ""2025-09-29T08:00:00+00:00"", ""tideMeters"": null, ""waveHeightM"": 0.5, ""windSpeedKts"": 1.7, ""seaTemperatureC"": 13.46}, {""time"": ""2025-09-29T09:00:00+00:00"", ""tideMeters"": null, ""waveHeightM"": 0.48, ""windSpeedKts"": 1.7, ""seaTemperatureC"": 13.48}, {""time"": ""2025-09-29T10:00:00+00:00"", ""tideMeters"": null, ""waveHeightM"": 0.46, ""windSpeedKts"": 2.4, ""seaTemperatureC"": 13.51}, {""time"": ""2025-09-29T11:00:00+00:00"", ""tideMeters"": null, ""waveHeightM"": 0.44, ""windSpeedKts"": 3.1, ""seaTemperatureC"": 13.55}, {""time"": ""2025-09-29T12:00:00+00:00"", ""tideMeters"": null, ""waveHeightM"": 0.43, ""windSpeedKts"": 3.8, ""seaTemperatureC"": 13.61}, {""time"": ""2025-09-29T13:00:00+00:00"", ""tideMeters"": null, ""waveHeightM"": 0.41, ""windSpeedKts"": 4.3, ""seaTemperatureC"": 13.66}, {""time"": ""2025-09-29T14:00:00+00:00"", ""tideMeters"": null, ""waveHeightM"": 0.41, ""windSpeedKts"": 4.8, ""seaTemperatureC"": 13.69}, {""time"": ""2025-09-29T15:00:00+00:00"", ""tideMeters"": null, ""waveHeightM"": 0.41, ""windSpeedKts"": 5.3, ""seaTemperatureC"": 13.71}, {""time"": ""2025-09-29T16:00:00+00:00"", ""tideMeters"": null, ""waveHeightM"": 0.4, ""windSpeedKts"": 4.5, ""seaTemperatureC"": 13.72}, {""time"": ""2025-09-29T17:00:00+00:00"", ""tideMeters"": null, ""waveHeightM"": 0.4, ""windSpeedKts"": 3.7, ""seaTemperatureC"": 13.7}, {""time"": ""2025-09-29T18:00:00+00:00"", ""tideMeters"": null, ""waveHeightM"": 0.39, ""windSpeedKts"": 2.9, ""seaTemperatureC"": 13.66}, {""time"": ""2025-09-29T19:00:00+00:00"", ""tideMeters"": null, ""waveHeightM"": 0.38, ""windSpeedKts"": 3.1, ""seaTemperatureC"": 13.62}, {""time"": ""2025-09-29T20:00:00+00:00"", ""tideMeters"": null, ""waveHeightM"": 0.38, ""windSpeedKts"": 3.5, ""seaTemperatureC"": 13.57}, {""time"": ""2025-09-29T21:00:00+00:00"", ""tideMeters"": null, ""waveHeightM"": 0.38, ""windSpeedKts"": 3.8, ""seaTemperatureC"": 13.53}, {""time"": ""2025-09-29T22:00:00+00:00"", ""tideMeters"": null, ""waveHeightM"": 0.38, ""windSpeedKts"": 3.9, ""seaTemperatureC"": 13.52}, {""time"": ""2025-09-29T23:00:00+00:00"", ""tideMeters"": null, ""waveHeightM"": 0.36, ""windSpeedKts"": 4, ""seaTemperatureC"": 13.51}, {""time"": ""2025-09-30T00:00:00+00:00"", ""tideMeters"": null, ""waveHeightM"": 0.34, ""windSpeedKts"": 4.1, ""seaTemperatureC"": 13.5}]","[{""label"": ""Mon, Sep 29"", ""summary"": ""Calm seas and light winds—ideal for most fishing styles."", ""dateLabel"": ""Mon, Sep 29"", ""waveHeightM"": 0.46, ""fishingScore"": 66, ""windSpeedKts"": 2.9, ""seaTemperatureC"": 13.56}, {""label"": ""Tue, Sep 30"", ""summary"": ""Calm seas and light winds—ideal for most fishing styles."", ""dateLabel"": ""Tue, Sep 30"", ""waveHeightM"": 0.34, ""fishingScore"": 68, ""windSpeedKts"": 4.1, ""seaTemperatureC"": 13.5}]",ingest:stormglass,2025-09-29 01:17:11.022896+00
34E3,98b0a7a8-14a1-4ded-9583-d1ef91c68bec,2025-09-29 01:17:09.267+00,15.06,,,,,,0.07,2.8,206,2025-09-29 04:21:00+00,2025-09-29 09:54:00+00,"[{""time"": ""2025-09-29T01:00:00+00:00"", ""tideMeters"": null, ""waveHeightM"": 0.07, ""windSpeedKts"": 2.8, ""seaTemperatureC"": 15.06}, {""time"": ""2025-09-29T02:00:00+00:00"", ""tideMeters"": null, ""waveHeightM"": 0.07, ""windSpeedKts"": 3.6, ""seaTemperatureC"": 15.05}, {""time"": ""2025-09-29T03:00:00+00:00"", ""tideMeters"": null, ""waveHeightM"": 0.06, ""windSpeedKts"": 4.4, ""seaTemperatureC"": 15.04}, {""time"": ""2025-09-29T04:00:00+00:00"", ""tideMeters"": null, ""waveHeightM"": 0.06, ""windSpeedKts"": 4.9, ""seaTemperatureC"": 15.03}, {""time"": ""2025-09-29T05:00:00+00:00"", ""tideMeters"": null, ""waveHeightM"": 0.05, ""windSpeedKts"": 5.5, ""seaTemperatureC"": 15.02}, {""time"": ""2025-09-29T06:00:00+00:00"", ""tideMeters"": null, ""waveHeightM"": 0.05, ""windSpeedKts"": 6, ""seaTemperatureC"": 15.02}, {""time"": ""2025-09-29T07:00:00+00:00"", ""tideMeters"": null, ""waveHeightM"": 0.05, ""windSpeedKts"": 7, ""seaTemperatureC"": 15.01}, {""time"": ""2025-09-29T08:00:00+00:00"", ""tideMeters"": null, ""waveHeightM"": 0.07, ""windSpeedKts"": 7.9, ""seaTemperatureC"": 15.01}, {""time"": ""2025-09-29T09:00:00+00:00"", ""tideMeters"": null, ""waveHeightM"": 0.14, ""windSpeedKts"": 8.9, ""seaTemperatureC"": 15.01}, {""time"": ""2025-09-29T10:00:00+00:00"", ""tideMeters"": null, ""waveHeightM"": 0.23, ""windSpeedKts"": 9.8, ""seaTemperatureC"": 15.01}, {""time"": ""2025-09-29T11:00:00+00:00"", ""tideMeters"": null, ""waveHeightM"": 0.27, ""windSpeedKts"": 10.7, ""seaTemperatureC"": 15}, {""time"": ""2025-09-29T12:00:00+00:00"", ""tideMeters"": null, ""waveHeightM"": 0.31, ""windSpeedKts"": 11.7, ""seaTemperatureC"": 15}, {""time"": ""2025-09-29T13:00:00+00:00"", ""tideMeters"": null, ""waveHeightM"": 0.33, ""windSpeedKts"": 11.4, ""seaTemperatureC"": 15}, {""time"": ""2025-09-29T14:00:00+00:00"", ""tideMeters"": null, ""waveHeightM"": 0.35, ""windSpeedKts"": 11.2, ""seaTemperatureC"": 15}, {""time"": ""2025-09-29T15:00:00+00:00"", ""tideMeters"": null, ""waveHeightM"": 0.36, ""windSpeedKts"": 11, ""seaTemperatureC"": 15}, {""time"": ""2025-09-29T16:00:00+00:00"", ""tideMeters"": null, ""waveHeightM"": 0.39, ""windSpeedKts"": 11.4, ""seaTemperatureC"": 15}, {""time"": ""2025-09-29T17:00:00+00:00"", ""tideMeters"": null, ""waveHeightM"": 0.44, ""windSpeedKts"": 11.8, ""seaTemperatureC"": 15}, {""time"": ""2025-09-29T18:00:00+00:00"", ""tideMeters"": null, ""waveHeightM"": 0.49, ""windSpeedKts"": 12.3, ""seaTemperatureC"": 15}, {""time"": ""2025-09-29T19:00:00+00:00"", ""tideMeters"": null, ""waveHeightM"": 0.52, ""windSpeedKts"": 12.1, ""seaTemperatureC"": 15}, {""time"": ""2025-09-29T20:00:00+00:00"", ""tideMeters"": null, ""waveHeightM"": 0.53, ""windSpeedKts"": 11.9, ""seaTemperatureC"": 14.99}, {""time"": ""2025-09-29T21:00:00+00:00"", ""tideMeters"": null, ""waveHeightM"": 0.52, ""windSpeedKts"": 11.7, ""seaTemperatureC"": 14.99}, {""time"": ""2025-09-29T22:00:00+00:00"", ""tideMeters"": null, ""waveHeightM"": 0.52, ""windSpeedKts"": 12.4, ""seaTemperatureC"": 14.99}, {""time"": ""2025-09-29T23:00:00+00:00"", ""tideMeters"": null, ""waveHeightM"": 0.55, ""windSpeedKts"": 13.2, ""seaTemperatureC"": 14.98}, {""time"": ""2025-09-30T00:00:00+00:00"", ""tideMeters"": null, ""waveHeightM"": 0.59, ""windSpeedKts"": 13.9, ""seaTemperatureC"": 14.98}]","[{""label"": ""Mon, Sep 29"", ""summary"": ""Calm seas and light winds—ideal for most fishing styles."", ""dateLabel"": ""Mon, Sep 29"", ""waveHeightM"": 0.28, ""fishingScore"": 69, ""windSpeedKts"": 9.3, ""seaTemperatureC"": 15.01}, {""label"": ""Tue, Sep 30"", ""summary"": ""Balanced marine conditions expected."", ""dateLabel"": ""Tue, Sep 30"", ""waveHeightM"": 0.59, ""fishingScore"": 63, ""windSpeedKts"": 13.9, ""seaTemperatureC"": 14.98}]",ingest:stormglass,2025-09-29 01:17:12.31781+00
34E5,9c4216dd-8981-46c8-80c0-b39d2fd5f3c7,2025-09-29 01:17:09.267+00,14.75,,,,,,0.07,4.6,236,2025-09-29 03:43:00+00,2025-09-29 09:26:00+00,"[{""time"": ""2025-09-29T01:00:00+00:00"", ""tideMeters"": null, ""waveHeightM"": 0.07, ""windSpeedKts"": 4.6, ""seaTemperatureC"": 14.75}, {""time"": ""2025-09-29T02:00:00+00:00"", ""tideMeters"": null, ""waveHeightM"": 0.07, ""windSpeedKts"": 4.9, ""seaTemperatureC"": 14.74}, {""time"": ""2025-09-29T03:00:00+00:00"", ""tideMeters"": null, ""waveHeightM"": 0.07, ""windSpeedKts"": 5.3, ""seaTemperatureC"": 14.73}, {""time"": ""2025-09-29T04:00:00+00:00"", ""tideMeters"": null, ""waveHeightM"": 0.07, ""windSpeedKts"": 4.9, ""seaTemperatureC"": 14.73}, {""time"": ""2025-09-29T05:00:00+00:00"", ""tideMeters"": null, ""waveHeightM"": 0.06, ""windSpeedKts"": 4.5, ""seaTemperatureC"": 14.72}, {""time"": ""2025-09-29T06:00:00+00:00"", ""tideMeters"": null, ""waveHeightM"": 0.06, ""windSpeedKts"": 4.1, ""seaTemperatureC"": 14.72}, {""time"": ""2025-09-29T07:00:00+00:00"", ""tideMeters"": null, ""waveHeightM"": 0.06, ""windSpeedKts"": 3.5, ""seaTemperatureC"": 14.71}, {""time"": ""2025-09-29T08:00:00+00:00"", ""tideMeters"": null, ""waveHeightM"": 0.06, ""windSpeedKts"": 2.9, ""seaTemperatureC"": 14.7}, {""time"": ""2025-09-29T09:00:00+00:00"", ""tideMeters"": null, ""waveHeightM"": 0.06, ""windSpeedKts"": 2.3, ""seaTemperatureC"": 14.7}, {""time"": ""2025-09-29T10:00:00+00:00"", ""tideMeters"": null, ""waveHeightM"": 0.05, ""windSpeedKts"": 2.8, ""seaTemperatureC"": 14.74}, {""time"": ""2025-09-29T11:00:00+00:00"", ""tideMeters"": null, ""waveHeightM"": 0.05, ""windSpeedKts"": 3.4, ""seaTemperatureC"": 14.74}, {""time"": ""2025-09-29T12:00:00+00:00"", ""tideMeters"": null, ""waveHeightM"": 0.05, ""windSpeedKts"": 3.9, ""seaTemperatureC"": 14.75}, {""time"": ""2025-09-29T13:00:00+00:00"", ""tideMeters"": null, ""waveHeightM"": 0.05, ""windSpeedKts"": 6, ""seaTemperatureC"": 14.76}, {""time"": ""2025-09-29T14:00:00+00:00"", ""tideMeters"": null, ""waveHeightM"": 0.06, ""windSpeedKts"": 8.2, ""seaTemperatureC"": 14.77}, {""time"": ""2025-09-29T15:00:00+00:00"", ""tideMeters"": null, ""waveHeightM"": 0.12, ""windSpeedKts"": 10.3, ""seaTemperatureC"": 14.78}, {""time"": ""2025-09-29T16:00:00+00:00"", ""tideMeters"": null, ""waveHeightM"": 0.22, ""windSpeedKts"": 9.1, ""seaTemperatureC"": 14.78}, {""time"": ""2025-09-29T17:00:00+00:00"", ""tideMeters"": null, ""waveHeightM"": 0.22, ""windSpeedKts"": 7.8, ""seaTemperatureC"": 14.78}, {""time"": ""2025-09-29T18:00:00+00:00"", ""tideMeters"": null, ""waveHeightM"": 0.21, ""windSpeedKts"": 6.6, ""seaTemperatureC"": 14.79}, {""time"": ""2025-09-29T19:00:00+00:00"", ""tideMeters"": null, ""waveHeightM"": 0.2, ""windSpeedKts"": 7, ""seaTemperatureC"": 14.79}, {""time"": ""2025-09-29T20:00:00+00:00"", ""tideMeters"": null, ""waveHeightM"": 0.21, ""windSpeedKts"": 7.5, ""seaTemperatureC"": 14.78}, {""time"": ""2025-09-29T21:00:00+00:00"", ""tideMeters"": null, ""waveHeightM"": 0.22, ""windSpeedKts"": 8, ""seaTemperatureC"": 14.77}, {""time"": ""2025-09-29T22:00:00+00:00"", ""tideMeters"": null, ""waveHeightM"": 0.24, ""windSpeedKts"": 7.8, ""seaTemperatureC"": 14.75}, {""time"": ""2025-09-29T23:00:00+00:00"", ""tideMeters"": null, ""waveHeightM"": 0.26, ""windSpeedKts"": 7.6, ""seaTemperatureC"": 14.73}, {""time"": ""2025-09-30T00:00:00+00:00"", ""tideMeters"": null, ""waveHeightM"": 0.28, ""windSpeedKts"": 7.4, ""seaTemperatureC"": 14.72}]","[{""label"": ""Mon, Sep 29"", ""summary"": ""Calm seas and light winds—ideal for most fishing styles."", ""dateLabel"": ""Mon, Sep 29"", ""waveHeightM"": 0.12, ""fishingScore"": 73, ""windSpeedKts"": 5.8, ""seaTemperatureC"": 14.75}, {""label"": ""Tue, Sep 30"", ""summary"": ""Calm seas and light winds—ideal for most fishing styles."", ""dateLabel"": ""Tue, Sep 30"", ""waveHeightM"": 0.28, ""fishingScore"": 69, ""windSpeedKts"": 7.4, ""seaTemperatureC"": 14.72}]",ingest:stormglass,2025-09-29 01:17:13.529813+00
34F4,259e74f7-d5be-4770-956a-e77c10654e84,2025-09-29 01:17:09.267+00,14.21,,,,,,0.34,2.8,123,2025-09-29 09:42:00+00,2025-09-29 03:46:00+00,"[{""time"": ""2025-09-29T01:00:00+00:00"", ""tideMeters"": null, ""waveHeightM"": 0.34, ""windSpeedKts"": 2.8, ""seaTemperatureC"": 14.21}, {""time"": ""2025-09-29T02:00:00+00:00"", ""tideMeters"": null, ""waveHeightM"": 0.34, ""windSpeedKts"": 3, ""seaTemperatureC"": 14.2}, {""time"": ""2025-09-29T03:00:00+00:00"", ""tideMeters"": null, ""waveHeightM"": 0.33, ""windSpeedKts"": 3.2, ""seaTemperatureC"": 14.2}, {""time"": ""2025-09-29T04:00:00+00:00"", ""tideMeters"": null, ""waveHeightM"": 0.33, ""windSpeedKts"": 3.6, ""seaTemperatureC"": 14.19}, {""time"": ""2025-09-29T05:00:00+00:00"", ""tideMeters"": null, ""waveHeightM"": 0.34, ""windSpeedKts"": 4, ""seaTemperatureC"": 14.2}, {""time"": ""2025-09-29T06:00:00+00:00"", ""tideMeters"": null, ""waveHeightM"": 0.37, ""windSpeedKts"": 4.4, ""seaTemperatureC"": 14.2}, {""time"": ""2025-09-29T07:00:00+00:00"", ""tideMeters"": null, ""waveHeightM"": 0.45, ""windSpeedKts"": 5.3, ""seaTemperatureC"": 14.2}, {""time"": ""2025-09-29T08:00:00+00:00"", ""tideMeters"": null, ""waveHeightM"": 0.46, ""windSpeedKts"": 6.3, ""seaTemperatureC"": 14.2}, {""time"": ""2025-09-29T09:00:00+00:00"", ""tideMeters"": null, ""waveHeightM"": 0.48, ""windSpeedKts"": 7.2, ""seaTemperatureC"": 14.2}, {""time"": ""2025-09-29T10:00:00+00:00"", ""tideMeters"": null, ""waveHeightM"": 0.49, ""windSpeedKts"": 7.7, ""seaTemperatureC"": 14.2}, {""time"": ""2025-09-29T11:00:00+00:00"", ""tideMeters"": null, ""waveHeightM"": 0.51, ""windSpeedKts"": 8.1, ""seaTemperatureC"": 14.2}, {""time"": ""2025-09-29T12:00:00+00:00"", ""tideMeters"": null, ""waveHeightM"": 0.52, ""windSpeedKts"": 8.5, ""seaTemperatureC"": 14.2}, {""time"": ""2025-09-29T13:00:00+00:00"", ""tideMeters"": null, ""waveHeightM"": 0.54, ""windSpeedKts"": 8.9, ""seaTemperatureC"": 14.2}, {""time"": ""2025-09-29T14:00:00+00:00"", ""tideMeters"": null, ""waveHeightM"": 0.56, ""windSpeedKts"": 9.3, ""seaTemperatureC"": 14.2}, {""time"": ""2025-09-29T15:00:00+00:00"", ""tideMeters"": null, ""waveHeightM"": 0.59, ""windSpeedKts"": 9.6, ""seaTemperatureC"": 14.2}, {""time"": ""2025-09-29T16:00:00+00:00"", ""tideMeters"": null, ""waveHeightM"": 0.61, ""windSpeedKts"": 9.4, ""seaTemperatureC"": 14.19}, {""time"": ""2025-09-29T17:00:00+00:00"", ""tideMeters"": null, ""waveHeightM"": 0.63, ""windSpeedKts"": 9.2, ""seaTemperatureC"": 14.19}, {""time"": ""2025-09-29T18:00:00+00:00"", ""tideMeters"": null, ""waveHeightM"": 0.65, ""windSpeedKts"": 9, ""seaTemperatureC"": 14.19}, {""time"": ""2025-09-29T19:00:00+00:00"", ""tideMeters"": null, ""waveHeightM"": 0.68, ""windSpeedKts"": 9, ""seaTemperatureC"": 14.19}, {""time"": ""2025-09-29T20:00:00+00:00"", ""tideMeters"": null, ""waveHeightM"": 0.71, ""windSpeedKts"": 9, ""seaTemperatureC"": 14.19}, {""time"": ""2025-09-29T21:00:00+00:00"", ""tideMeters"": null, ""waveHeightM"": 0.74, ""windSpeedKts"": 9.1, ""seaTemperatureC"": 14.18}, {""time"": ""2025-09-29T22:00:00+00:00"", ""tideMeters"": null, ""waveHeightM"": 0.77, ""windSpeedKts"": 9.1, ""seaTemperatureC"": 14.18}, {""time"": ""2025-09-29T23:00:00+00:00"", ""tideMeters"": null, ""waveHeightM"": 0.79, ""windSpeedKts"": 9.2, ""seaTemperatureC"": 14.18}, {""time"": ""2025-09-30T00:00:00+00:00"", ""tideMeters"": null, ""waveHeightM"": 0.81, ""windSpeedKts"": 9.3, ""seaTemperatureC"": 14.17}]","[{""label"": ""Mon, Sep 29"", ""summary"": ""Calm seas and light winds—ideal for most fishing styles."", ""dateLabel"": ""Mon, Sep 29"", ""waveHeightM"": 0.53, ""fishingScore"": 64, ""windSpeedKts"": 7.2, ""seaTemperatureC"": 14.2}, {""label"": ""Tue, Sep 30"", ""summary"": ""Calm seas and light winds—ideal for most fishing styles."", ""dateLabel"": ""Tue, Sep 30"", ""waveHeightM"": 0.81, ""fishingScore"": 59, ""windSpeedKts"": 9.3, ""seaTemperatureC"": 14.17}]",ingest:stormglass,2025-09-29 01:17:14.722985+00
34F6,42b62b9c-c7a1-4f3d-8e22-00bf76404b16,2025-09-29 01:17:09.267+00,14.41,,,,,,1.06,10.6,191,2025-09-29 09:42:00+00,2025-09-29 03:46:00+00,"[{""time"": ""2025-09-29T01:00:00+00:00"", ""tideMeters"": null, ""waveHeightM"": 1.06, ""windSpeedKts"": 10.6, ""seaTemperatureC"": 14.41}, {""time"": ""2025-09-29T02:00:00+00:00"", ""tideMeters"": null, ""waveHeightM"": 1.08, ""windSpeedKts"": 11.8, ""seaTemperatureC"": 14.4}, {""time"": ""2025-09-29T03:00:00+00:00"", ""tideMeters"": null, ""waveHeightM"": 1.11, ""windSpeedKts"": 13, ""seaTemperatureC"": 14.39}, {""time"": ""2025-09-29T04:00:00+00:00"", ""tideMeters"": null, ""waveHeightM"": 1.16, ""windSpeedKts"": 13.8, ""seaTemperatureC"": 14.39}, {""time"": ""2025-09-29T05:00:00+00:00"", ""tideMeters"": null, ""waveHeightM"": 1.21, ""windSpeedKts"": 14.5, ""seaTemperatureC"": 14.38}, {""time"": ""2025-09-29T06:00:00+00:00"", ""tideMeters"": null, ""waveHeightM"": 1.25, ""windSpeedKts"": 15.3, ""seaTemperatureC"": 14.38}, {""time"": ""2025-09-29T07:00:00+00:00"", ""tideMeters"": null, ""waveHeightM"": 1.27, ""windSpeedKts"": 15.4, ""seaTemperatureC"": 14.37}, {""time"": ""2025-09-29T08:00:00+00:00"", ""tideMeters"": null, ""waveHeightM"": 1.27, ""windSpeedKts"": 15.5, ""seaTemperatureC"": 14.37}, {""time"": ""2025-09-29T09:00:00+00:00"", ""tideMeters"": null, ""waveHeightM"": 1.26, ""windSpeedKts"": 15.6, ""seaTemperatureC"": 14.36}, {""time"": ""2025-09-29T10:00:00+00:00"", ""tideMeters"": null, ""waveHeightM"": 1.27, ""windSpeedKts"": 16.4, ""seaTemperatureC"": 14.36}, {""time"": ""2025-09-29T11:00:00+00:00"", ""tideMeters"": null, ""waveHeightM"": 1.3, ""windSpeedKts"": 17.2, ""seaTemperatureC"": 14.36}, {""time"": ""2025-09-29T12:00:00+00:00"", ""tideMeters"": null, ""waveHeightM"": 1.33, ""windSpeedKts"": 17.9, ""seaTemperatureC"": 14.36}, {""time"": ""2025-09-29T13:00:00+00:00"", ""tideMeters"": null, ""waveHeightM"": 1.36, ""windSpeedKts"": 18.4, ""seaTemperatureC"": 14.36}, {""time"": ""2025-09-29T14:00:00+00:00"", ""tideMeters"": null, ""waveHeightM"": 1.41, ""windSpeedKts"": 18.9, ""seaTemperatureC"": 14.36}, {""time"": ""2025-09-29T15:00:00+00:00"", ""tideMeters"": null, ""waveHeightM"": 1.48, ""windSpeedKts"": 19.4, ""seaTemperatureC"": 14.36}, {""time"": ""2025-09-29T16:00:00+00:00"", ""tideMeters"": null, ""waveHeightM"": 1.56, ""windSpeedKts"": 19, ""seaTemperatureC"": 14.36}, {""time"": ""2025-09-29T17:00:00+00:00"", ""tideMeters"": null, ""waveHeightM"": 1.62, ""windSpeedKts"": 18.6, ""seaTemperatureC"": 14.35}, {""time"": ""2025-09-29T18:00:00+00:00"", ""tideMeters"": null, ""waveHeightM"": 1.68, ""windSpeedKts"": 18.2, ""seaTemperatureC"": 14.35}, {""time"": ""2025-09-29T19:00:00+00:00"", ""tideMeters"": null, ""waveHeightM"": 1.72, ""windSpeedKts"": 18.4, ""seaTemperatureC"": 14.35}, {""time"": ""2025-09-29T20:00:00+00:00"", ""tideMeters"": null, ""waveHeightM"": 1.77, ""windSpeedKts"": 18.5, ""seaTemperatureC"": 14.35}, {""time"": ""2025-09-29T21:00:00+00:00"", ""tideMeters"": null, ""waveHeightM"": 1.81, ""windSpeedKts"": 18.7, ""seaTemperatureC"": 14.34}, {""time"": ""2025-09-29T22:00:00+00:00"", ""tideMeters"": null, ""waveHeightM"": 1.87, ""windSpeedKts"": 19.1, ""seaTemperatureC"": 14.34}, {""time"": ""2025-09-29T23:00:00+00:00"", ""tideMeters"": null, ""waveHeightM"": 1.95, ""windSpeedKts"": 19.5, ""seaTemperatureC"": 14.34}, {""time"": ""2025-09-30T00:00:00+00:00"", ""tideMeters"": null, ""waveHeightM"": 2.05, ""windSpeedKts"": 20, ""seaTemperatureC"": 14.33}]","[{""label"": ""Mon, Sep 29"", ""summary"": ""Balanced marine conditions expected."", ""dateLabel"": ""Mon, Sep 29"", ""waveHeightM"": 1.43, ""fishingScore"": 43, ""windSpeedKts"": 16.7, ""seaTemperatureC"": 14.36}, {""label"": ""Tue, Sep 30"", ""summary"": ""Choppy water—plan cautiously and adjust tackle."", ""dateLabel"": ""Tue, Sep 30"", ""waveHeightM"": 2.05, ""fishingScore"": 24, ""windSpeedKts"": 20, ""seaTemperatureC"": 14.33}]",ingest:stormglass,2025-09-29 01:17:15.777056+00
35E1,fdb26fa4-2f00-4f93-8203-71b35c4c9476,2025-09-29 01:17:09.267+00,3.95,,,,,,,2.4,217,2025-09-29 03:30:00+00,2025-09-29 09:15:00+00,"[{""time"": ""2025-09-29T01:00:00+00:00"", ""tideMeters"": null, ""waveHeightM"": null, ""windSpeedKts"": 2.4, ""seaTemperatureC"": 3.95}, {""time"": ""2025-09-29T02:00:00+00:00"", ""tideMeters"": null, ""waveHeightM"": null, ""windSpeedKts"": 2.8, ""seaTemperatureC"": 3.75}, {""time"": ""2025-09-29T03:00:00+00:00"", ""tideMeters"": null, ""waveHeightM"": null, ""windSpeedKts"": 3.1, ""seaTemperatureC"": 3.56}, {""time"": ""2025-09-29T04:00:00+00:00"", ""tideMeters"": null, ""waveHeightM"": null, ""windSpeedKts"": 3.3, ""seaTemperatureC"": 3.38}, {""time"": ""2025-09-29T05:00:00+00:00"", ""tideMeters"": null, ""waveHeightM"": null, ""windSpeedKts"": 3.5, ""seaTemperatureC"": 3.2}, {""time"": ""2025-09-29T06:00:00+00:00"", ""tideMeters"": null, ""waveHeightM"": null, ""windSpeedKts"": 3.6, ""seaTemperatureC"": 3.02}, {""time"": ""2025-09-29T07:00:00+00:00"", ""tideMeters"": null, ""waveHeightM"": null, ""windSpeedKts"": 3.5, ""seaTemperatureC"": 5.08}, {""time"": ""2025-09-29T08:00:00+00:00"", ""tideMeters"": null, ""waveHeightM"": null, ""windSpeedKts"": 3.4, ""seaTemperatureC"": 7.13}, {""time"": ""2025-09-29T09:00:00+00:00"", ""tideMeters"": null, ""waveHeightM"": null, ""windSpeedKts"": 3.4, ""seaTemperatureC"": 9.19}, {""time"": ""2025-09-29T10:00:00+00:00"", ""tideMeters"": null, ""waveHeightM"": null, ""windSpeedKts"": 4.5, ""seaTemperatureC"": 10.56}, {""time"": ""2025-09-29T11:00:00+00:00"", ""tideMeters"": null, ""waveHeightM"": null, ""windSpeedKts"": 5.7, ""seaTemperatureC"": 11.93}, {""time"": ""2025-09-29T12:00:00+00:00"", ""tideMeters"": null, ""waveHeightM"": null, ""windSpeedKts"": 6.9, ""seaTemperatureC"": 13.31}, {""time"": ""2025-09-29T13:00:00+00:00"", ""tideMeters"": null, ""waveHeightM"": null, ""windSpeedKts"": 6.8, ""seaTemperatureC"": 12.27}, {""time"": ""2025-09-29T14:00:00+00:00"", ""tideMeters"": null, ""waveHeightM"": null, ""windSpeedKts"": 6.8, ""seaTemperatureC"": 11.23}, {""time"": ""2025-09-29T15:00:00+00:00"", ""tideMeters"": null, ""waveHeightM"": null, ""windSpeedKts"": 6.7, ""seaTemperatureC"": 10.19}, {""time"": ""2025-09-29T16:00:00+00:00"", ""tideMeters"": null, ""waveHeightM"": null, ""windSpeedKts"": 6.5, ""seaTemperatureC"": 9.08}, {""time"": ""2025-09-29T17:00:00+00:00"", ""tideMeters"": null, ""waveHeightM"": null, ""windSpeedKts"": 6.3, ""seaTemperatureC"": 7.96}, {""time"": ""2025-09-29T18:00:00+00:00"", ""tideMeters"": null, ""waveHeightM"": null, ""windSpeedKts"": 6.1, ""seaTemperatureC"": 6.85}, {""time"": ""2025-09-29T19:00:00+00:00"", ""tideMeters"": null, ""waveHeightM"": null, ""windSpeedKts"": 6.4, ""seaTemperatureC"": 6.73}, {""time"": ""2025-09-29T20:00:00+00:00"", ""tideMeters"": null, ""waveHeightM"": null, ""windSpeedKts"": 6.7, ""seaTemperatureC"": 6.61}, {""time"": ""2025-09-29T21:00:00+00:00"", ""tideMeters"": null, ""waveHeightM"": null, ""windSpeedKts"": 6.9, ""seaTemperatureC"": 6.49}, {""time"": ""2025-09-29T22:00:00+00:00"", ""tideMeters"": null, ""waveHeightM"": null, ""windSpeedKts"": 7.2, ""seaTemperatureC"": 6}, {""time"": ""2025-09-29T23:00:00+00:00"", ""tideMeters"": null, ""waveHeightM"": null, ""windSpeedKts"": 7.4, ""seaTemperatureC"": 5.51}, {""time"": ""2025-09-30T00:00:00+00:00"", ""tideMeters"": null, ""waveHeightM"": null, ""windSpeedKts"": 7.6, ""seaTemperatureC"": 5.03}]","[{""label"": ""Mon, Sep 29"", ""summary"": ""Balanced marine conditions expected."", ""dateLabel"": ""Mon, Sep 29"", ""waveHeightM"": 0, ""fishingScore"": 65, ""windSpeedKts"": 5.2, ""seaTemperatureC"": 7.26}, {""label"": ""Tue, Sep 30"", ""summary"": ""Balanced marine conditions expected."", ""dateLabel"": ""Tue, Sep 30"", ""waveHeightM"": 0, ""fishingScore"": 65, ""windSpeedKts"": 7.6, ""seaTemperatureC"": 5.03}]",ingest:stormglass,2025-09-29 01:17:16.481226+00
35E5,27c5adaa-a3e0-4a03-a94a-36a70610c2b6,2025-09-29 01:17:09.267+00,14.45,,,,,,0.09,4.6,219,2025-09-29 03:37:00+00,2025-09-29 09:46:00+00,"[{""time"": ""2025-09-29T01:00:00+00:00"", ""tideMeters"": null, ""waveHeightM"": 0.09, ""windSpeedKts"": 4.6, ""seaTemperatureC"": 14.45}, {""time"": ""2025-09-29T02:00:00+00:00"", ""tideMeters"": null, ""waveHeightM"": 0.09, ""windSpeedKts"": 4.5, ""seaTemperatureC"": 14.45}, {""time"": ""2025-09-29T03:00:00+00:00"", ""tideMeters"": null, ""waveHeightM"": 0.09, ""windSpeedKts"": 4.4, ""seaTemperatureC"": 14.44}, {""time"": ""2025-09-29T04:00:00+00:00"", ""tideMeters"": null, ""waveHeightM"": 0.08, ""windSpeedKts"": 4.6, ""seaTemperatureC"": 14.44}, {""time"": ""2025-09-29T05:00:00+00:00"", ""tideMeters"": null, ""waveHeightM"": 0.08, ""windSpeedKts"": 4.8, ""seaTemperatureC"": 14.44}, {""time"": ""2025-09-29T06:00:00+00:00"", ""tideMeters"": null, ""waveHeightM"": 0.07, ""windSpeedKts"": 5, ""seaTemperatureC"": 14.43}, {""time"": ""2025-09-29T07:00:00+00:00"", ""tideMeters"": null, ""waveHeightM"": 0.07, ""windSpeedKts"": 4.8, ""seaTemperatureC"": 14.43}, {""time"": ""2025-09-29T08:00:00+00:00"", ""tideMeters"": null, ""waveHeightM"": 0.07, ""windSpeedKts"": 4.6, ""seaTemperatureC"": 14.43}, {""time"": ""2025-09-29T09:00:00+00:00"", ""tideMeters"": null, ""waveHeightM"": 0.06, ""windSpeedKts"": 4.4, ""seaTemperatureC"": 14.44}, {""time"": ""2025-09-29T10:00:00+00:00"", ""tideMeters"": null, ""waveHeightM"": 0.06, ""windSpeedKts"": 5, ""seaTemperatureC"": 14.45}, {""time"": ""2025-09-29T11:00:00+00:00"", ""tideMeters"": null, ""waveHeightM"": 0.06, ""windSpeedKts"": 5.6, ""seaTemperatureC"": 14.46}, {""time"": ""2025-09-29T12:00:00+00:00"", ""tideMeters"": null, ""waveHeightM"": 0.06, ""windSpeedKts"": 6.2, ""seaTemperatureC"": 14.48}, {""time"": ""2025-09-29T13:00:00+00:00"", ""tideMeters"": null, ""waveHeightM"": 0.06, ""windSpeedKts"": 7.1, ""seaTemperatureC"": 14.49}, {""time"": ""2025-09-29T14:00:00+00:00"", ""tideMeters"": null, ""waveHeightM"": 0.06, ""windSpeedKts"": 8, ""seaTemperatureC"": 14.49}, {""time"": ""2025-09-29T15:00:00+00:00"", ""tideMeters"": null, ""waveHeightM"": 0.08, ""windSpeedKts"": 8.9, ""seaTemperatureC"": 14.48}, {""time"": ""2025-09-29T16:00:00+00:00"", ""tideMeters"": null, ""waveHeightM"": 0.11, ""windSpeedKts"": 8.9, ""seaTemperatureC"": 14.48}, {""time"": ""2025-09-29T17:00:00+00:00"", ""tideMeters"": null, ""waveHeightM"": 0.19, ""windSpeedKts"": 8.9, ""seaTemperatureC"": 14.45}, {""time"": ""2025-09-29T18:00:00+00:00"", ""tideMeters"": null, ""waveHeightM"": 0.25, ""windSpeedKts"": 8.9, ""seaTemperatureC"": 14.44}, {""time"": ""2025-09-29T19:00:00+00:00"", ""tideMeters"": null, ""waveHeightM"": 0.25, ""windSpeedKts"": 9.6, ""seaTemperatureC"": 14.43}, {""time"": ""2025-09-29T20:00:00+00:00"", ""tideMeters"": null, ""waveHeightM"": 0.27, ""windSpeedKts"": 10.3, ""seaTemperatureC"": 14.43}, {""time"": ""2025-09-29T21:00:00+00:00"", ""tideMeters"": null, ""waveHeightM"": 0.29, ""windSpeedKts"": 11, ""seaTemperatureC"": 14.43}, {""time"": ""2025-09-29T22:00:00+00:00"", ""tideMeters"": null, ""waveHeightM"": 0.32, ""windSpeedKts"": 10.9, ""seaTemperatureC"": 14.42}, {""time"": ""2025-09-29T23:00:00+00:00"", ""tideMeters"": null, ""waveHeightM"": 0.34, ""windSpeedKts"": 10.7, ""seaTemperatureC"": 14.42}, {""time"": ""2025-09-30T00:00:00+00:00"", ""tideMeters"": null, ""waveHeightM"": 0.36, ""windSpeedKts"": 10.6, ""seaTemperatureC"": 14.41}]","[{""label"": ""Mon, Sep 29"", ""summary"": ""Calm seas and light winds—ideal for most fishing styles."", ""dateLabel"": ""Mon, Sep 29"", ""waveHeightM"": 0.13, ""fishingScore"": 72, ""windSpeedKts"": 7, ""seaTemperatureC"": 14.45}, {""label"": ""Tue, Sep 30"", ""summary"": ""Calm seas and light winds—ideal for most fishing styles."", ""dateLabel"": ""Tue, Sep 30"", ""waveHeightM"": 0.36, ""fishingScore"": 68, ""windSpeedKts"": 10.6, ""seaTemperatureC"": 14.41}]",ingest:stormglass,2025-09-29 01:17:17.623947+00
35F4,4dab62b1-480c-476f-865c-6f0f7f7968d0,2025-09-29 01:17:09.267+00,14.21,,,,,,0.2,10,159,2025-09-29 09:42:00+00,2025-09-29 03:46:00+00,"[{""time"": ""2025-09-29T01:00:00+00:00"", ""tideMeters"": null, ""waveHeightM"": 0.2, ""windSpeedKts"": 10, ""seaTemperatureC"": 14.21}, {""time"": ""2025-09-29T02:00:00+00:00"", ""tideMeters"": null, ""waveHeightM"": 0.21, ""windSpeedKts"": 10.9, ""seaTemperatureC"": 14.2}, {""time"": ""2025-09-29T03:00:00+00:00"", ""tideMeters"": null, ""waveHeightM"": 0.26, ""windSpeedKts"": 11.9, ""seaTemperatureC"": 14.2}, {""time"": ""2025-09-29T04:00:00+00:00"", ""tideMeters"": null, ""waveHeightM"": 0.38, ""windSpeedKts"": 12.5, ""seaTemperatureC"": 14.19}, {""time"": ""2025-09-29T05:00:00+00:00"", ""tideMeters"": null, ""waveHeightM"": 0.36, ""windSpeedKts"": 13.1, ""seaTemperatureC"": 14.2}, {""time"": ""2025-09-29T06:00:00+00:00"", ""tideMeters"": null, ""waveHeightM"": 0.37, ""windSpeedKts"": 13.7, ""seaTemperatureC"": 14.2}, {""time"": ""2025-09-29T07:00:00+00:00"", ""tideMeters"": null, ""waveHeightM"": 0.39, ""windSpeedKts"": 14.3, ""seaTemperatureC"": 14.2}, {""time"": ""2025-09-29T08:00:00+00:00"", ""tideMeters"": null, ""waveHeightM"": 0.41, ""windSpeedKts"": 14.9, ""seaTemperatureC"": 14.2}, {""time"": ""2025-09-29T09:00:00+00:00"", ""tideMeters"": null, ""waveHeightM"": 0.43, ""windSpeedKts"": 15.5, ""seaTemperatureC"": 14.2}, {""time"": ""2025-09-29T10:00:00+00:00"", ""tideMeters"": null, ""waveHeightM"": 0.45, ""windSpeedKts"": 15.8, ""seaTemperatureC"": 14.2}, {""time"": ""2025-09-29T11:00:00+00:00"", ""tideMeters"": null, ""waveHeightM"": 0.47, ""windSpeedKts"": 16, ""seaTemperatureC"": 14.2}, {""time"": ""2025-09-29T12:00:00+00:00"", ""tideMeters"": null, ""waveHeightM"": 0.49, ""windSpeedKts"": 16.3, ""seaTemperatureC"": 14.2}, {""time"": ""2025-09-29T13:00:00+00:00"", ""tideMeters"": null, ""waveHeightM"": 0.51, ""windSpeedKts"": 16.2, ""seaTemperatureC"": 14.2}, {""time"": ""2025-09-29T14:00:00+00:00"", ""tideMeters"": null, ""waveHeightM"": 0.52, ""windSpeedKts"": 16.1, ""seaTemperatureC"": 14.2}, {""time"": ""2025-09-29T15:00:00+00:00"", ""tideMeters"": null, ""waveHeightM"": 0.53, ""windSpeedKts"": 16, ""seaTemperatureC"": 14.2}, {""time"": ""2025-09-29T16:00:00+00:00"", ""tideMeters"": null, ""waveHeightM"": 0.55, ""windSpeedKts"": 16.4, ""seaTemperatureC"": 14.19}, {""time"": ""2025-09-29T17:00:00+00:00"", ""tideMeters"": null, ""waveHeightM"": 0.58, ""windSpeedKts"": 16.9, ""seaTemperatureC"": 14.19}, {""time"": ""2025-09-29T18:00:00+00:00"", ""tideMeters"": null, ""waveHeightM"": 0.61, ""windSpeedKts"": 17.3, ""seaTemperatureC"": 14.19}, {""time"": ""2025-09-29T19:00:00+00:00"", ""tideMeters"": null, ""waveHeightM"": 0.63, ""windSpeedKts"": 17.4, ""seaTemperatureC"": 14.19}, {""time"": ""2025-09-29T20:00:00+00:00"", ""tideMeters"": null, ""waveHeightM"": 0.64, ""windSpeedKts"": 17.6, ""seaTemperatureC"": 14.19}, {""time"": ""2025-09-29T21:00:00+00:00"", ""tideMeters"": null, ""waveHeightM"": 0.65, ""windSpeedKts"": 17.7, ""seaTemperatureC"": 14.18}, {""time"": ""2025-09-29T22:00:00+00:00"", ""tideMeters"": null, ""waveHeightM"": 0.66, ""windSpeedKts"": 17.9, ""seaTemperatureC"": 14.18}, {""time"": ""2025-09-29T23:00:00+00:00"", ""tideMeters"": null, ""waveHeightM"": 0.67, ""windSpeedKts"": 18, ""seaTemperatureC"": 14.18}, {""time"": ""2025-09-30T00:00:00+00:00"", ""tideMeters"": null, ""waveHeightM"": 0.69, ""windSpeedKts"": 18.2, ""seaTemperatureC"": 14.17}]","[{""label"": ""Mon, Sep 29"", ""summary"": ""Balanced marine conditions expected."", ""dateLabel"": ""Mon, Sep 29"", ""waveHeightM"": 0.48, ""fishingScore"": 65, ""windSpeedKts"": 15.3, ""seaTemperatureC"": 14.2}, {""label"": ""Tue, Sep 30"", ""summary"": ""Fresh breeze may limit light setups—seek sheltered spots."", ""dateLabel"": ""Tue, Sep 30"", ""waveHeightM"": 0.69, ""fishingScore"": 55, ""windSpeedKts"": 18.2, ""seaTemperatureC"": 14.17}]",ingest:stormglass,2025-09-29 01:17:18.647153+00
35F5,9a897228-bb1c-4930-8db0-eb63eaa53fb5,2025-09-29 01:17:09.267+00,14.18,,,,,,0.79,14.9,196,2025-09-29 09:42:00+00,2025-09-29 03:46:00+00,"[{""time"": ""2025-09-29T01:00:00+00:00"", ""tideMeters"": null, ""waveHeightM"": 0.79, ""windSpeedKts"": 14.9, ""seaTemperatureC"": 14.18}, {""time"": ""2025-09-29T02:00:00+00:00"", ""tideMeters"": null, ""waveHeightM"": 0.84, ""windSpeedKts"": 16, ""seaTemperatureC"": 14.18}, {""time"": ""2025-09-29T03:00:00+00:00"", ""tideMeters"": null, ""waveHeightM"": 0.9, ""windSpeedKts"": 17, ""seaTemperatureC"": 14.18}, {""time"": ""2025-09-29T04:00:00+00:00"", ""tideMeters"": null, ""waveHeightM"": 0.98, ""windSpeedKts"": 17.7, ""seaTemperatureC"": 14.18}, {""time"": ""2025-09-29T05:00:00+00:00"", ""tideMeters"": null, ""waveHeightM"": 1.06, ""windSpeedKts"": 18.3, ""seaTemperatureC"": 14.18}, {""time"": ""2025-09-29T06:00:00+00:00"", ""tideMeters"": null, ""waveHeightM"": 1.14, ""windSpeedKts"": 19, ""seaTemperatureC"": 14.18}, {""time"": ""2025-09-29T07:00:00+00:00"", ""tideMeters"": null, ""waveHeightM"": 1.21, ""windSpeedKts"": 19.4, ""seaTemperatureC"": 14.18}, {""time"": ""2025-09-29T08:00:00+00:00"", ""tideMeters"": null, ""waveHeightM"": 1.26, ""windSpeedKts"": 19.8, ""seaTemperatureC"": 14.18}, {""time"": ""2025-09-29T09:00:00+00:00"", ""tideMeters"": null, ""waveHeightM"": 1.29, ""windSpeedKts"": 20.2, ""seaTemperatureC"": 14.18}, {""time"": ""2025-09-29T10:00:00+00:00"", ""tideMeters"": null, ""waveHeightM"": 1.32, ""windSpeedKts"": 20.7, ""seaTemperatureC"": 14.18}, {""time"": ""2025-09-29T11:00:00+00:00"", ""tideMeters"": null, ""waveHeightM"": 1.37, ""windSpeedKts"": 21.2, ""seaTemperatureC"": 14.18}, {""time"": ""2025-09-29T12:00:00+00:00"", ""tideMeters"": null, ""waveHeightM"": 1.44, ""windSpeedKts"": 21.7, ""seaTemperatureC"": 14.18}, {""time"": ""2025-09-29T13:00:00+00:00"", ""tideMeters"": null, ""waveHeightM"": 1.51, ""windSpeedKts"": 21.8, ""seaTemperatureC"": 14.18}, {""time"": ""2025-09-29T14:00:00+00:00"", ""tideMeters"": null, ""waveHeightM"": 1.56, ""windSpeedKts"": 21.8, ""seaTemperatureC"": 14.18}, {""time"": ""2025-09-29T15:00:00+00:00"", ""tideMeters"": null, ""waveHeightM"": 1.61, ""windSpeedKts"": 21.9, ""seaTemperatureC"": 14.18}, {""time"": ""2025-09-29T16:00:00+00:00"", ""tideMeters"": null, ""waveHeightM"": 1.66, ""windSpeedKts"": 22.2, ""seaTemperatureC"": 14.18}, {""time"": ""2025-09-29T17:00:00+00:00"", ""tideMeters"": null, ""waveHeightM"": 1.72, ""windSpeedKts"": 22.5, ""seaTemperatureC"": 14.18}, {""time"": ""2025-09-29T18:00:00+00:00"", ""tideMeters"": null, ""waveHeightM"": 1.77, ""windSpeedKts"": 22.8, ""seaTemperatureC"": 14.18}, {""time"": ""2025-09-29T19:00:00+00:00"", ""tideMeters"": null, ""waveHeightM"": 1.79, ""windSpeedKts"": 22.4, ""seaTemperatureC"": 14.18}, {""time"": ""2025-09-29T20:00:00+00:00"", ""tideMeters"": null, ""waveHeightM"": 1.79, ""windSpeedKts"": 21.9, ""seaTemperatureC"": 14.18}, {""time"": ""2025-09-29T21:00:00+00:00"", ""tideMeters"": null, ""waveHeightM"": 1.8, ""windSpeedKts"": 21.5, ""seaTemperatureC"": 14.18}, {""time"": ""2025-09-29T22:00:00+00:00"", ""tideMeters"": null, ""waveHeightM"": 1.82, ""windSpeedKts"": 21.8, ""seaTemperatureC"": 14.17}, {""time"": ""2025-09-29T23:00:00+00:00"", ""tideMeters"": null, ""waveHeightM"": 1.87, ""windSpeedKts"": 22.1, ""seaTemperatureC"": 14.17}, {""time"": ""2025-09-30T00:00:00+00:00"", ""tideMeters"": null, ""waveHeightM"": 1.91, ""windSpeedKts"": 22.3, ""seaTemperatureC"": 14.17}]","[{""label"": ""Mon, Sep 29"", ""summary"": ""Fresh breeze may limit light setups—seek sheltered spots."", ""dateLabel"": ""Mon, Sep 29"", ""waveHeightM"": 1.41, ""fishingScore"": 36, ""windSpeedKts"": 20.4, ""seaTemperatureC"": 14.18}, {""label"": ""Tue, Sep 30"", ""summary"": ""Choppy water—plan cautiously and adjust tackle."", ""dateLabel"": ""Tue, Sep 30"", ""waveHeightM"": 1.91, ""fishingScore"": 22, ""windSpeedKts"": 22.3, ""seaTemperatureC"": 14.17}]",ingest:stormglass,2025-09-29 01:17:19.610709+00
35F6,d042ccba-d1ee-44c1-9f91-c14532b30e80,2025-09-29 01:17:09.267+00,14.18,,,,,,0.79,14.9,196,2025-09-29 09:42:00+00,2025-09-29 03:46:00+00,"[{""time"": ""2025-09-29T01:00:00+00:00"", ""tideMeters"": null, ""waveHeightM"": 0.79, ""windSpeedKts"": 14.9, ""seaTemperatureC"": 14.18}, {""time"": ""2025-09-29T02:00:00+00:00"", ""tideMeters"": null, ""waveHeightM"": 0.84, ""windSpeedKts"": 16, ""seaTemperatureC"": 14.18}, {""time"": ""2025-09-29T03:00:00+00:00"", ""tideMeters"": null, ""waveHeightM"": 0.9, ""windSpeedKts"": 17, ""seaTemperatureC"": 14.18}, {""time"": ""2025-09-29T04:00:00+00:00"", ""tideMeters"": null, ""waveHeightM"": 0.98, ""windSpeedKts"": 17.7, ""seaTemperatureC"": 14.18}, {""time"": ""2025-09-29T05:00:00+00:00"", ""tideMeters"": null, ""waveHeightM"": 1.06, ""windSpeedKts"": 18.3, ""seaTemperatureC"": 14.18}, {""time"": ""2025-09-29T06:00:00+00:00"", ""tideMeters"": null, ""waveHeightM"": 1.14, ""windSpeedKts"": 19, ""seaTemperatureC"": 14.18}, {""time"": ""2025-09-29T07:00:00+00:00"", ""tideMeters"": null, ""waveHeightM"": 1.21, ""windSpeedKts"": 19.4, ""seaTemperatureC"": 14.18}, {""time"": ""2025-09-29T08:00:00+00:00"", ""tideMeters"": null, ""waveHeightM"": 1.26, ""windSpeedKts"": 19.8, ""seaTemperatureC"": 14.18}, {""time"": ""2025-09-29T09:00:00+00:00"", ""tideMeters"": null, ""waveHeightM"": 1.29, ""windSpeedKts"": 20.2, ""seaTemperatureC"": 14.18}, {""time"": ""2025-09-29T10:00:00+00:00"", ""tideMeters"": null, ""waveHeightM"": 1.32, ""windSpeedKts"": 20.7, ""seaTemperatureC"": 14.18}, {""time"": ""2025-09-29T11:00:00+00:00"", ""tideMeters"": null, ""waveHeightM"": 1.37, ""windSpeedKts"": 21.2, ""seaTemperatureC"": 14.18}, {""time"": ""2025-09-29T12:00:00+00:00"", ""tideMeters"": null, ""waveHeightM"": 1.44, ""windSpeedKts"": 21.7, ""seaTemperatureC"": 14.18}, {""time"": ""2025-09-29T13:00:00+00:00"", ""tideMeters"": null, ""waveHeightM"": 1.51, ""windSpeedKts"": 21.8, ""seaTemperatureC"": 14.18}, {""time"": ""2025-09-29T14:00:00+00:00"", ""tideMeters"": null, ""waveHeightM"": 1.56, ""windSpeedKts"": 21.8, ""seaTemperatureC"": 14.18}, {""time"": ""2025-09-29T15:00:00+00:00"", ""tideMeters"": null, ""waveHeightM"": 1.61, ""windSpeedKts"": 21.9, ""seaTemperatureC"": 14.18}, {""time"": ""2025-09-29T16:00:00+00:00"", ""tideMeters"": null, ""waveHeightM"": 1.66, ""windSpeedKts"": 22.2, ""seaTemperatureC"": 14.18}, {""time"": ""2025-09-29T17:00:00+00:00"", ""tideMeters"": null, ""waveHeightM"": 1.72, ""windSpeedKts"": 22.5, ""seaTemperatureC"": 14.18}, {""time"": ""2025-09-29T18:00:00+00:00"", ""tideMeters"": null, ""waveHeightM"": 1.77, ""windSpeedKts"": 22.8, ""seaTemperatureC"": 14.18}, {""time"": ""2025-09-29T19:00:00+00:00"", ""tideMeters"": null, ""waveHeightM"": 1.79, ""windSpeedKts"": 22.4, ""seaTemperatureC"": 14.18}, {""time"": ""2025-09-29T20:00:00+00:00"", ""tideMeters"": null, ""waveHeightM"": 1.79, ""windSpeedKts"": 21.9, ""seaTemperatureC"": 14.18}, {""time"": ""2025-09-29T21:00:00+00:00"", ""tideMeters"": null, ""waveHeightM"": 1.8, ""windSpeedKts"": 21.5, ""seaTemperatureC"": 14.18}, {""time"": ""2025-09-29T22:00:00+00:00"", ""tideMeters"": null, ""waveHeightM"": 1.82, ""windSpeedKts"": 21.8, ""seaTemperatureC"": 14.17}, {""time"": ""2025-09-29T23:00:00+00:00"", ""tideMeters"": null, ""waveHeightM"": 1.87, ""windSpeedKts"": 22.1, ""seaTemperatureC"": 14.17}, {""time"": ""2025-09-30T00:00:00+00:00"", ""tideMeters"": null, ""waveHeightM"": 1.91, ""windSpeedKts"": 22.3, ""seaTemperatureC"": 14.17}]","[{""label"": ""Mon, Sep 29"", ""summary"": ""Fresh breeze may limit light setups—seek sheltered spots."", ""dateLabel"": ""Mon, Sep 29"", ""waveHeightM"": 1.41, ""fishingScore"": 36, ""windSpeedKts"": 20.4, ""seaTemperatureC"": 14.18}, {""label"": ""Tue, Sep 30"", ""summary"": ""Choppy water—plan cautiously and adjust tackle."", ""dateLabel"": ""Tue, Sep 30"", ""waveHeightM"": 1.91, ""fishingScore"": 22, ""windSpeedKts"": 22.3, ""seaTemperatureC"": 14.17}]",ingest:stormglass,2025-09-29 01:17:20.714942+00
35G5,840bc752-6f4d-41a2-9362-a718e7a28a7a,2025-09-29 01:17:09.267+00,15.02,,,,,,0.04,0.9,20,2025-09-29 04:21:00+00,2025-09-29 09:54:00+00,"[{""time"": ""2025-09-29T01:00:00+00:00"", ""tideMeters"": null, ""waveHeightM"": 0.04, ""windSpeedKts"": 0.9, ""seaTemperatureC"": 15.02}, {""time"": ""2025-09-29T02:00:00+00:00"", ""tideMeters"": null, ""waveHeightM"": 0.03, ""windSpeedKts"": 1.3, ""seaTemperatureC"": 15.01}, {""time"": ""2025-09-29T03:00:00+00:00"", ""tideMeters"": null, ""waveHeightM"": 0.03, ""windSpeedKts"": 1.6, ""seaTemperatureC"": 15.01}, {""time"": ""2025-09-29T04:00:00+00:00"", ""tideMeters"": null, ""waveHeightM"": 0.03, ""windSpeedKts"": 1.7, ""seaTemperatureC"": 15}, {""time"": ""2025-09-29T05:00:00+00:00"", ""tideMeters"": null, ""waveHeightM"": 0.03, ""windSpeedKts"": 1.8, ""seaTemperatureC"": 15}, {""time"": ""2025-09-29T06:00:00+00:00"", ""tideMeters"": null, ""waveHeightM"": 0.03, ""windSpeedKts"": 1.9, ""seaTemperatureC"": 15}, {""time"": ""2025-09-29T07:00:00+00:00"", ""tideMeters"": null, ""waveHeightM"": 0.03, ""windSpeedKts"": 2.1, ""seaTemperatureC"": 14.99}, {""time"": ""2025-09-29T08:00:00+00:00"", ""tideMeters"": null, ""waveHeightM"": 0.04, ""windSpeedKts"": 2.3, ""seaTemperatureC"": 15}, {""time"": ""2025-09-29T09:00:00+00:00"", ""tideMeters"": null, ""waveHeightM"": 0.04, ""windSpeedKts"": 2.5, ""seaTemperatureC"": 15}, {""time"": ""2025-09-29T10:00:00+00:00"", ""tideMeters"": null, ""waveHeightM"": 0.05, ""windSpeedKts"": 3, ""seaTemperatureC"": 14.99}, {""time"": ""2025-09-29T11:00:00+00:00"", ""tideMeters"": null, ""waveHeightM"": 0.08, ""windSpeedKts"": 3.5, ""seaTemperatureC"": 14.98}, {""time"": ""2025-09-29T12:00:00+00:00"", ""tideMeters"": null, ""waveHeightM"": 0.19, ""windSpeedKts"": 4, ""seaTemperatureC"": 14.98}, {""time"": ""2025-09-29T13:00:00+00:00"", ""tideMeters"": null, ""waveHeightM"": 0.26, ""windSpeedKts"": 5.2, ""seaTemperatureC"": 14.98}, {""time"": ""2025-09-29T14:00:00+00:00"", ""tideMeters"": null, ""waveHeightM"": 0.24, ""windSpeedKts"": 6.5, ""seaTemperatureC"": 14.98}, {""time"": ""2025-09-29T15:00:00+00:00"", ""tideMeters"": null, ""waveHeightM"": 0.24, ""windSpeedKts"": 7.8, ""seaTemperatureC"": 14.98}, {""time"": ""2025-09-29T16:00:00+00:00"", ""tideMeters"": null, ""waveHeightM"": 0.25, ""windSpeedKts"": 7.2, ""seaTemperatureC"": 14.99}, {""time"": ""2025-09-29T17:00:00+00:00"", ""tideMeters"": null, ""waveHeightM"": 0.26, ""windSpeedKts"": 6.6, ""seaTemperatureC"": 14.99}, {""time"": ""2025-09-29T18:00:00+00:00"", ""tideMeters"": null, ""waveHeightM"": 0.26, ""windSpeedKts"": 6, ""seaTemperatureC"": 14.99}, {""time"": ""2025-09-29T19:00:00+00:00"", ""tideMeters"": null, ""waveHeightM"": 0.27, ""windSpeedKts"": 6.1, ""seaTemperatureC"": 14.98}, {""time"": ""2025-09-29T20:00:00+00:00"", ""tideMeters"": null, ""waveHeightM"": 0.28, ""windSpeedKts"": 6.1, ""seaTemperatureC"": 14.98}, {""time"": ""2025-09-29T21:00:00+00:00"", ""tideMeters"": null, ""waveHeightM"": 0.29, ""windSpeedKts"": 6.1, ""seaTemperatureC"": 14.97}, {""time"": ""2025-09-29T22:00:00+00:00"", ""tideMeters"": null, ""waveHeightM"": 0.29, ""windSpeedKts"": 6.4, ""seaTemperatureC"": 14.97}, {""time"": ""2025-09-29T23:00:00+00:00"", ""tideMeters"": null, ""waveHeightM"": 0.29, ""windSpeedKts"": 6.7, ""seaTemperatureC"": 14.97}, {""time"": ""2025-09-30T00:00:00+00:00"", ""tideMeters"": null, ""waveHeightM"": 0.29, ""windSpeedKts"": 7.1, ""seaTemperatureC"": 14.96}]","[{""label"": ""Mon, Sep 29"", ""summary"": ""Calm seas and light winds—ideal for most fishing styles."", ""dateLabel"": ""Mon, Sep 29"", ""waveHeightM"": 0.15, ""fishingScore"": 72, ""windSpeedKts"": 4.2, ""seaTemperatureC"": 14.99}, {""label"": ""Tue, Sep 30"", ""summary"": ""Calm seas and light winds—ideal for most fishing styles."", ""dateLabel"": ""Tue, Sep 30"", ""waveHeightM"": 0.29, ""fishingScore"": 69, ""windSpeedKts"": 7.1, ""seaTemperatureC"": 14.96}]",ingest:stormglass,2025-09-29 01:17:21.620659+00
35G6,e9df7b8c-9d58-4c9a-8712-c8a9c38587a8,2025-09-29 01:17:09.267+00,14.12,,,,,,1.64,17.2,192,2025-09-29 10:30:00+00,2025-09-29 04:10:00+00,"[{""time"": ""2025-09-29T01:00:00+00:00"", ""tideMeters"": null, ""waveHeightM"": 1.64, ""windSpeedKts"": 17.2, ""seaTemperatureC"": 14.12}, {""time"": ""2025-09-29T02:00:00+00:00"", ""tideMeters"": null, ""waveHeightM"": 1.68, ""windSpeedKts"": 18.1, ""seaTemperatureC"": 14.12}, {""time"": ""2025-09-29T03:00:00+00:00"", ""tideMeters"": null, ""waveHeightM"": 1.71, ""windSpeedKts"": 19.1, ""seaTemperatureC"": 14.11}, {""time"": ""2025-09-29T04:00:00+00:00"", ""tideMeters"": null, ""waveHeightM"": 1.74, ""windSpeedKts"": 19.4, ""seaTemperatureC"": 14.11}, {""time"": ""2025-09-29T05:00:00+00:00"", ""tideMeters"": null, ""waveHeightM"": 1.76, ""windSpeedKts"": 19.7, ""seaTemperatureC"": 14.1}, {""time"": ""2025-09-29T06:00:00+00:00"", ""tideMeters"": null, ""waveHeightM"": 1.79, ""windSpeedKts"": 20.1, ""seaTemperatureC"": 14.1}, {""time"": ""2025-09-29T07:00:00+00:00"", ""tideMeters"": null, ""waveHeightM"": 1.83, ""windSpeedKts"": 20.4, ""seaTemperatureC"": 14.09}, {""time"": ""2025-09-29T08:00:00+00:00"", ""tideMeters"": null, ""waveHeightM"": 1.86, ""windSpeedKts"": 20.8, ""seaTemperatureC"": 14.09}, {""time"": ""2025-09-29T09:00:00+00:00"", ""tideMeters"": null, ""waveHeightM"": 1.89, ""windSpeedKts"": 21.1, ""seaTemperatureC"": 14.08}, {""time"": ""2025-09-29T10:00:00+00:00"", ""tideMeters"": null, ""waveHeightM"": 1.92, ""windSpeedKts"": 21.7, ""seaTemperatureC"": 14.07}, {""time"": ""2025-09-29T11:00:00+00:00"", ""tideMeters"": null, ""waveHeightM"": 1.97, ""windSpeedKts"": 22.3, ""seaTemperatureC"": 14.07}, {""time"": ""2025-09-29T12:00:00+00:00"", ""tideMeters"": null, ""waveHeightM"": 2.05, ""windSpeedKts"": 22.8, ""seaTemperatureC"": 14.07}, {""time"": ""2025-09-29T13:00:00+00:00"", ""tideMeters"": null, ""waveHeightM"": 2.16, ""windSpeedKts"": 23.8, ""seaTemperatureC"": 14.06}, {""time"": ""2025-09-29T14:00:00+00:00"", ""tideMeters"": null, ""waveHeightM"": 2.3, ""windSpeedKts"": 24.8, ""seaTemperatureC"": 14.06}, {""time"": ""2025-09-29T15:00:00+00:00"", ""tideMeters"": null, ""waveHeightM"": 2.45, ""windSpeedKts"": 25.8, ""seaTemperatureC"": 14.06}, {""time"": ""2025-09-29T16:00:00+00:00"", ""tideMeters"": null, ""waveHeightM"": 2.54, ""windSpeedKts"": 25, ""seaTemperatureC"": 14.05}, {""time"": ""2025-09-29T17:00:00+00:00"", ""tideMeters"": null, ""waveHeightM"": 2.58, ""windSpeedKts"": 24.1, ""seaTemperatureC"": 14.05}, {""time"": ""2025-09-29T18:00:00+00:00"", ""tideMeters"": null, ""waveHeightM"": 2.62, ""windSpeedKts"": 23.3, ""seaTemperatureC"": 14.05}, {""time"": ""2025-09-29T19:00:00+00:00"", ""tideMeters"": null, ""waveHeightM"": 2.69, ""windSpeedKts"": 23.8, ""seaTemperatureC"": 14.05}, {""time"": ""2025-09-29T20:00:00+00:00"", ""tideMeters"": null, ""waveHeightM"": 2.78, ""windSpeedKts"": 24.3, ""seaTemperatureC"": 14.04}, {""time"": ""2025-09-29T21:00:00+00:00"", ""tideMeters"": null, ""waveHeightM"": 2.88, ""windSpeedKts"": 24.8, ""seaTemperatureC"": 14.04}, {""time"": ""2025-09-29T22:00:00+00:00"", ""tideMeters"": null, ""waveHeightM"": 2.97, ""windSpeedKts"": 24, ""seaTemperatureC"": 14.04}, {""time"": ""2025-09-29T23:00:00+00:00"", ""tideMeters"": null, ""waveHeightM"": 3.04, ""windSpeedKts"": 23.1, ""seaTemperatureC"": 14.04}, {""time"": ""2025-09-30T00:00:00+00:00"", ""tideMeters"": null, ""waveHeightM"": 3.09, ""windSpeedKts"": 22.3, ""seaTemperatureC"": 14.03}]","[{""label"": ""Mon, Sep 29"", ""summary"": ""Choppy water—plan cautiously and adjust tackle."", ""dateLabel"": ""Mon, Sep 29"", ""waveHeightM"": 2.21, ""fishingScore"": 16, ""windSpeedKts"": 22.2, ""seaTemperatureC"": 14.07}, {""label"": ""Tue, Sep 30"", ""summary"": ""Choppy water—plan cautiously and adjust tackle."", ""dateLabel"": ""Tue, Sep 30"", ""waveHeightM"": 3.09, ""fishingScore"": 5, ""windSpeedKts"": 22.3, ""seaTemperatureC"": 14.03}]",ingest:stormglass,2025-09-29 01:17:22.605714+00
36E1,8df6e3cd-7b08-40e3-89b3-18832f8d09a5,2025-09-29 01:17:09.267+00,13.83,,,,,,0.36,2.7,198,2025-09-29 03:30:00+00,2025-09-29 09:15:00+00,"[{""time"": ""2025-09-29T01:00:00+00:00"", ""tideMeters"": null, ""waveHeightM"": 0.36, ""windSpeedKts"": 2.7, ""seaTemperatureC"": 13.83}, {""time"": ""2025-09-29T02:00:00+00:00"", ""tideMeters"": null, ""waveHeightM"": 0.35, ""windSpeedKts"": 2.6, ""seaTemperatureC"": 13.83}, {""time"": ""2025-09-29T03:00:00+00:00"", ""tideMeters"": null, ""waveHeightM"": 0.35, ""windSpeedKts"": 2.4, ""seaTemperatureC"": 13.84}, {""time"": ""2025-09-29T04:00:00+00:00"", ""tideMeters"": null, ""waveHeightM"": 0.35, ""windSpeedKts"": 3.1, ""seaTemperatureC"": 13.83}, {""time"": ""2025-09-29T05:00:00+00:00"", ""tideMeters"": null, ""waveHeightM"": 0.35, ""windSpeedKts"": 3.9, ""seaTemperatureC"": 13.83}, {""time"": ""2025-09-29T06:00:00+00:00"", ""tideMeters"": null, ""waveHeightM"": 0.34, ""windSpeedKts"": 4.6, ""seaTemperatureC"": 13.84}, {""time"": ""2025-09-29T07:00:00+00:00"", ""tideMeters"": null, ""waveHeightM"": 0.34, ""windSpeedKts"": 4.9, ""seaTemperatureC"": 13.83}, {""time"": ""2025-09-29T08:00:00+00:00"", ""tideMeters"": null, ""waveHeightM"": 0.33, ""windSpeedKts"": 5.2, ""seaTemperatureC"": 13.82}, {""time"": ""2025-09-29T09:00:00+00:00"", ""tideMeters"": null, ""waveHeightM"": 0.33, ""windSpeedKts"": 5.6, ""seaTemperatureC"": 13.83}, {""time"": ""2025-09-29T10:00:00+00:00"", ""tideMeters"": null, ""waveHeightM"": 0.32, ""windSpeedKts"": 5.9, ""seaTemperatureC"": 13.84}, {""time"": ""2025-09-29T11:00:00+00:00"", ""tideMeters"": null, ""waveHeightM"": 0.3, ""windSpeedKts"": 6.1, ""seaTemperatureC"": 13.86}, {""time"": ""2025-09-29T12:00:00+00:00"", ""tideMeters"": null, ""waveHeightM"": 0.29, ""windSpeedKts"": 6.4, ""seaTemperatureC"": 13.9}, {""time"": ""2025-09-29T13:00:00+00:00"", ""tideMeters"": null, ""waveHeightM"": 0.28, ""windSpeedKts"": 6.4, ""seaTemperatureC"": 13.93}, {""time"": ""2025-09-29T14:00:00+00:00"", ""tideMeters"": null, ""waveHeightM"": 0.26, ""windSpeedKts"": 6.3, ""seaTemperatureC"": 13.94}, {""time"": ""2025-09-29T15:00:00+00:00"", ""tideMeters"": null, ""waveHeightM"": 0.25, ""windSpeedKts"": 6.3, ""seaTemperatureC"": 13.95}, {""time"": ""2025-09-29T16:00:00+00:00"", ""tideMeters"": null, ""waveHeightM"": 0.25, ""windSpeedKts"": 6.3, ""seaTemperatureC"": 13.95}, {""time"": ""2025-09-29T17:00:00+00:00"", ""tideMeters"": null, ""waveHeightM"": 0.24, ""windSpeedKts"": 6.4, ""seaTemperatureC"": 13.95}, {""time"": ""2025-09-29T18:00:00+00:00"", ""tideMeters"": null, ""waveHeightM"": 0.24, ""windSpeedKts"": 6.4, ""seaTemperatureC"": 13.95}, {""time"": ""2025-09-29T19:00:00+00:00"", ""tideMeters"": null, ""waveHeightM"": 0.23, ""windSpeedKts"": 7, ""seaTemperatureC"": 13.94}, {""time"": ""2025-09-29T20:00:00+00:00"", ""tideMeters"": null, ""waveHeightM"": 0.23, ""windSpeedKts"": 7.5, ""seaTemperatureC"": 13.93}, {""time"": ""2025-09-29T21:00:00+00:00"", ""tideMeters"": null, ""waveHeightM"": 0.23, ""windSpeedKts"": 8, ""seaTemperatureC"": 13.92}, {""time"": ""2025-09-29T22:00:00+00:00"", ""tideMeters"": null, ""waveHeightM"": 0.22, ""windSpeedKts"": 7.8, ""seaTemperatureC"": 13.9}, {""time"": ""2025-09-29T23:00:00+00:00"", ""tideMeters"": null, ""waveHeightM"": 0.21, ""windSpeedKts"": 7.5, ""seaTemperatureC"": 13.88}, {""time"": ""2025-09-30T00:00:00+00:00"", ""tideMeters"": null, ""waveHeightM"": 0.2, ""windSpeedKts"": 7.3, ""seaTemperatureC"": 13.87}]","[{""label"": ""Mon, Sep 29"", ""summary"": ""Calm seas and light winds—ideal for most fishing styles."", ""dateLabel"": ""Mon, Sep 29"", ""waveHeightM"": 0.29, ""fishingScore"": 69, ""windSpeedKts"": 5.6, ""seaTemperatureC"": 13.88}, {""label"": ""Tue, Sep 30"", ""summary"": ""Calm seas and light winds—ideal for most fishing styles."", ""dateLabel"": ""Tue, Sep 30"", ""waveHeightM"": 0.2, ""fishingScore"": 71, ""windSpeedKts"": 7.3, ""seaTemperatureC"": 13.87}]",ingest:stormglass,2025-09-29 01:17:23.662276+00
36F4,2cf19b51-a670-42b1-b710-3b212c4888ca,2025-09-29 01:17:09.267+00,12.69,,,,,,0.1,7.4,160,2025-09-29 10:58:00+00,2025-09-29 04:47:00+00,"[{""time"": ""2025-09-29T01:00:00+00:00"", ""tideMeters"": null, ""waveHeightM"": 0.1, ""windSpeedKts"": 7.4, ""seaTemperatureC"": 12.69}, {""time"": ""2025-09-29T02:00:00+00:00"", ""tideMeters"": null, ""waveHeightM"": 0.1, ""windSpeedKts"": 8.2, ""seaTemperatureC"": 12.7}, {""time"": ""2025-09-29T03:00:00+00:00"", ""tideMeters"": null, ""waveHeightM"": 0.09, ""windSpeedKts"": 9.1, ""seaTemperatureC"": 12.7}, {""time"": ""2025-09-29T04:00:00+00:00"", ""tideMeters"": null, ""waveHeightM"": 0.09, ""windSpeedKts"": 10.1, ""seaTemperatureC"": 12.7}, {""time"": ""2025-09-29T05:00:00+00:00"", ""tideMeters"": null, ""waveHeightM"": 0.09, ""windSpeedKts"": 11.1, ""seaTemperatureC"": 12.7}, {""time"": ""2025-09-29T06:00:00+00:00"", ""tideMeters"": null, ""waveHeightM"": 0.1, ""windSpeedKts"": 12.1, ""seaTemperatureC"": 12.7}, {""time"": ""2025-09-29T07:00:00+00:00"", ""tideMeters"": null, ""waveHeightM"": 0.1, ""windSpeedKts"": 12.5, ""seaTemperatureC"": 12.7}, {""time"": ""2025-09-29T08:00:00+00:00"", ""tideMeters"": null, ""waveHeightM"": 0.1, ""windSpeedKts"": 13, ""seaTemperatureC"": 12.7}, {""time"": ""2025-09-29T09:00:00+00:00"", ""tideMeters"": null, ""waveHeightM"": 0.1, ""windSpeedKts"": 13.5, ""seaTemperatureC"": 12.7}, {""time"": ""2025-09-29T10:00:00+00:00"", ""tideMeters"": null, ""waveHeightM"": 0.1, ""windSpeedKts"": 13.7, ""seaTemperatureC"": 12.7}, {""time"": ""2025-09-29T11:00:00+00:00"", ""tideMeters"": null, ""waveHeightM"": 0.1, ""windSpeedKts"": 14, ""seaTemperatureC"": 12.69}, {""time"": ""2025-09-29T12:00:00+00:00"", ""tideMeters"": null, ""waveHeightM"": 0.11, ""windSpeedKts"": 14.2, ""seaTemperatureC"": 12.69}, {""time"": ""2025-09-29T13:00:00+00:00"", ""tideMeters"": null, ""waveHeightM"": 0.13, ""windSpeedKts"": 14.6, ""seaTemperatureC"": 12.68}, {""time"": ""2025-09-29T14:00:00+00:00"", ""tideMeters"": null, ""waveHeightM"": 0.18, ""windSpeedKts"": 15, ""seaTemperatureC"": 12.68}, {""time"": ""2025-09-29T15:00:00+00:00"", ""tideMeters"": null, ""waveHeightM"": 0.33, ""windSpeedKts"": 15.3, ""seaTemperatureC"": 12.68}, {""time"": ""2025-09-29T16:00:00+00:00"", ""tideMeters"": null, ""waveHeightM"": 0.27, ""windSpeedKts"": 15.2, ""seaTemperatureC"": 12.68}, {""time"": ""2025-09-29T17:00:00+00:00"", ""tideMeters"": null, ""waveHeightM"": 0.28, ""windSpeedKts"": 15.1, ""seaTemperatureC"": 12.67}, {""time"": ""2025-09-29T18:00:00+00:00"", ""tideMeters"": null, ""waveHeightM"": 0.31, ""windSpeedKts"": 15, ""seaTemperatureC"": 12.67}, {""time"": ""2025-09-29T19:00:00+00:00"", ""tideMeters"": null, ""waveHeightM"": 0.29, ""windSpeedKts"": 15.1, ""seaTemperatureC"": 12.67}, {""time"": ""2025-09-29T20:00:00+00:00"", ""tideMeters"": null, ""waveHeightM"": 0.31, ""windSpeedKts"": 15.2, ""seaTemperatureC"": 12.66}, {""time"": ""2025-09-29T21:00:00+00:00"", ""tideMeters"": null, ""waveHeightM"": 0.3, ""windSpeedKts"": 15.4, ""seaTemperatureC"": 12.66}, {""time"": ""2025-09-29T22:00:00+00:00"", ""tideMeters"": null, ""waveHeightM"": 0.31, ""windSpeedKts"": 15.9, ""seaTemperatureC"": 12.66}, {""time"": ""2025-09-29T23:00:00+00:00"", ""tideMeters"": null, ""waveHeightM"": 0.33, ""windSpeedKts"": 16.5, ""seaTemperatureC"": 12.65}, {""time"": ""2025-09-30T00:00:00+00:00"", ""tideMeters"": null, ""waveHeightM"": 0.34, ""windSpeedKts"": 17, ""seaTemperatureC"": 12.65}]","[{""label"": ""Mon, Sep 29"", ""summary"": ""Balanced marine conditions expected."", ""dateLabel"": ""Mon, Sep 29"", ""waveHeightM"": 0.18, ""fishingScore"": 71, ""windSpeedKts"": 13.4, ""seaTemperatureC"": 12.68}, {""label"": ""Tue, Sep 30"", ""summary"": ""Balanced marine conditions expected."", ""dateLabel"": ""Tue, Sep 30"", ""waveHeightM"": 0.34, ""fishingScore"": 64, ""windSpeedKts"": 17, ""seaTemperatureC"": 12.65}]",ingest:stormglass,2025-09-29 01:17:24.709729+00
36F5,fc6304db-8fe6-4376-85d3-4a6cdf5c5832,2025-09-29 01:17:09.267+00,14.06,,,,,,0.42,16,196,2025-09-29 10:59:00+00,2025-09-29 04:47:00+00,"[{""time"": ""2025-09-29T01:00:00+00:00"", ""tideMeters"": null, ""waveHeightM"": 0.42, ""windSpeedKts"": 16, ""seaTemperatureC"": 14.06}, {""time"": ""2025-09-29T02:00:00+00:00"", ""tideMeters"": null, ""waveHeightM"": 0.5, ""windSpeedKts"": 16.7, ""seaTemperatureC"": 14.05}, {""time"": ""2025-09-29T03:00:00+00:00"", ""tideMeters"": null, ""waveHeightM"": 0.6, ""windSpeedKts"": 17.4, ""seaTemperatureC"": 14.05}, {""time"": ""2025-09-29T04:00:00+00:00"", ""tideMeters"": null, ""waveHeightM"": 0.72, ""windSpeedKts"": 18.6, ""seaTemperatureC"": 14.05}, {""time"": ""2025-09-29T05:00:00+00:00"", ""tideMeters"": null, ""waveHeightM"": 0.85, ""windSpeedKts"": 19.8, ""seaTemperatureC"": 14.05}, {""time"": ""2025-09-29T06:00:00+00:00"", ""tideMeters"": null, ""waveHeightM"": 0.98, ""windSpeedKts"": 21.1, ""seaTemperatureC"": 14.05}, {""time"": ""2025-09-29T07:00:00+00:00"", ""tideMeters"": null, ""waveHeightM"": 1.06, ""windSpeedKts"": 21, ""seaTemperatureC"": 14.05}, {""time"": ""2025-09-29T08:00:00+00:00"", ""tideMeters"": null, ""waveHeightM"": 1.09, ""windSpeedKts"": 20.8, ""seaTemperatureC"": 14.05}, {""time"": ""2025-09-29T09:00:00+00:00"", ""tideMeters"": null, ""waveHeightM"": 1.11, ""windSpeedKts"": 20.7, ""seaTemperatureC"": 14.05}, {""time"": ""2025-09-29T10:00:00+00:00"", ""tideMeters"": null, ""waveHeightM"": 1.15, ""windSpeedKts"": 21.5, ""seaTemperatureC"": 14.05}, {""time"": ""2025-09-29T11:00:00+00:00"", ""tideMeters"": null, ""waveHeightM"": 1.23, ""windSpeedKts"": 22.2, ""seaTemperatureC"": 14.05}, {""time"": ""2025-09-29T12:00:00+00:00"", ""tideMeters"": null, ""waveHeightM"": 1.31, ""windSpeedKts"": 23, ""seaTemperatureC"": 14.05}, {""time"": ""2025-09-29T13:00:00+00:00"", ""tideMeters"": null, ""waveHeightM"": 1.38, ""windSpeedKts"": 23.4, ""seaTemperatureC"": 14.05}, {""time"": ""2025-09-29T14:00:00+00:00"", ""tideMeters"": null, ""waveHeightM"": 1.45, ""windSpeedKts"": 23.9, ""seaTemperatureC"": 14.05}, {""time"": ""2025-09-29T15:00:00+00:00"", ""tideMeters"": null, ""waveHeightM"": 1.53, ""windSpeedKts"": 24.3, ""seaTemperatureC"": 14.05}, {""time"": ""2025-09-29T16:00:00+00:00"", ""tideMeters"": null, ""waveHeightM"": 1.62, ""windSpeedKts"": 24.8, ""seaTemperatureC"": 14.05}, {""time"": ""2025-09-29T17:00:00+00:00"", ""tideMeters"": null, ""waveHeightM"": 1.69, ""windSpeedKts"": 25.3, ""seaTemperatureC"": 14.05}, {""time"": ""2025-09-29T18:00:00+00:00"", ""tideMeters"": null, ""waveHeightM"": 1.74, ""windSpeedKts"": 25.7, ""seaTemperatureC"": 14.05}, {""time"": ""2025-09-29T19:00:00+00:00"", ""tideMeters"": null, ""waveHeightM"": 1.76, ""windSpeedKts"": 25.6, ""seaTemperatureC"": 14.05}, {""time"": ""2025-09-29T20:00:00+00:00"", ""tideMeters"": null, ""waveHeightM"": 1.75, ""windSpeedKts"": 25.4, ""seaTemperatureC"": 14.05}, {""time"": ""2025-09-29T21:00:00+00:00"", ""tideMeters"": null, ""waveHeightM"": 1.73, ""windSpeedKts"": 25.2, ""seaTemperatureC"": 14.05}, {""time"": ""2025-09-29T22:00:00+00:00"", ""tideMeters"": null, ""waveHeightM"": 1.74, ""windSpeedKts"": 25.8, ""seaTemperatureC"": 14.05}, {""time"": ""2025-09-29T23:00:00+00:00"", ""tideMeters"": null, ""waveHeightM"": 1.77, ""windSpeedKts"": 26.4, ""seaTemperatureC"": 14.04}, {""time"": ""2025-09-30T00:00:00+00:00"", ""tideMeters"": null, ""waveHeightM"": 1.81, ""windSpeedKts"": 26.9, ""seaTemperatureC"": 14.04}]","[{""label"": ""Mon, Sep 29"", ""summary"": ""Fresh breeze may limit light setups—seek sheltered spots."", ""dateLabel"": ""Mon, Sep 29"", ""waveHeightM"": 1.27, ""fishingScore"": 35, ""windSpeedKts"": 22.4, ""seaTemperatureC"": 14.05}, {""label"": ""Tue, Sep 30"", ""summary"": ""Choppy water—plan cautiously and adjust tackle."", ""dateLabel"": ""Tue, Sep 30"", ""waveHeightM"": 1.81, ""fishingScore"": 15, ""windSpeedKts"": 26.9, ""seaTemperatureC"": 14.04}]",ingest:stormglass,2025-09-29 01:17:25.998314+00
36G6,f64b9ff6-3729-44ca-899e-568976e37a31,2025-09-29 01:17:09.267+00,13.58,,,,,,1.67,18.1,192,2025-09-29 10:59:00+00,2025-09-29 04:47:00+00,"[{""time"": ""2025-09-29T01:00:00+00:00"", ""tideMeters"": null, ""waveHeightM"": 1.67, ""windSpeedKts"": 18.1, ""seaTemperatureC"": 13.58}, {""time"": ""2025-09-29T02:00:00+00:00"", ""tideMeters"": null, ""waveHeightM"": 1.73, ""windSpeedKts"": 19.1, ""seaTemperatureC"": 13.58}, {""time"": ""2025-09-29T03:00:00+00:00"", ""tideMeters"": null, ""waveHeightM"": 1.8, ""windSpeedKts"": 20.2, ""seaTemperatureC"": 13.57}, {""time"": ""2025-09-29T04:00:00+00:00"", ""tideMeters"": null, ""waveHeightM"": 1.86, ""windSpeedKts"": 20.6, ""seaTemperatureC"": 13.56}, {""time"": ""2025-09-29T05:00:00+00:00"", ""tideMeters"": null, ""waveHeightM"": 1.92, ""windSpeedKts"": 21.1, ""seaTemperatureC"": 13.56}, {""time"": ""2025-09-29T06:00:00+00:00"", ""tideMeters"": null, ""waveHeightM"": 1.98, ""windSpeedKts"": 21.6, ""seaTemperatureC"": 13.55}, {""time"": ""2025-09-29T07:00:00+00:00"", ""tideMeters"": null, ""waveHeightM"": 2.02, ""windSpeedKts"": 21.6, ""seaTemperatureC"": 13.54}, {""time"": ""2025-09-29T08:00:00+00:00"", ""tideMeters"": null, ""waveHeightM"": 2.05, ""windSpeedKts"": 21.7, ""seaTemperatureC"": 13.53}, {""time"": ""2025-09-29T09:00:00+00:00"", ""tideMeters"": null, ""waveHeightM"": 2.06, ""windSpeedKts"": 21.7, ""seaTemperatureC"": 13.52}, {""time"": ""2025-09-29T10:00:00+00:00"", ""tideMeters"": null, ""waveHeightM"": 2.1, ""windSpeedKts"": 22.4, ""seaTemperatureC"": 13.52}, {""time"": ""2025-09-29T11:00:00+00:00"", ""tideMeters"": null, ""waveHeightM"": 2.17, ""windSpeedKts"": 23.2, ""seaTemperatureC"": 13.51}, {""time"": ""2025-09-29T12:00:00+00:00"", ""tideMeters"": null, ""waveHeightM"": 2.25, ""windSpeedKts"": 23.9, ""seaTemperatureC"": 13.51}, {""time"": ""2025-09-29T13:00:00+00:00"", ""tideMeters"": null, ""waveHeightM"": 2.31, ""windSpeedKts"": 23.4, ""seaTemperatureC"": 13.51}, {""time"": ""2025-09-29T14:00:00+00:00"", ""tideMeters"": null, ""waveHeightM"": 2.35, ""windSpeedKts"": 22.8, ""seaTemperatureC"": 13.5}, {""time"": ""2025-09-29T15:00:00+00:00"", ""tideMeters"": null, ""waveHeightM"": 2.42, ""windSpeedKts"": 22.2, ""seaTemperatureC"": 13.5}, {""time"": ""2025-09-29T16:00:00+00:00"", ""tideMeters"": null, ""waveHeightM"": 2.54, ""windSpeedKts"": 22.8, ""seaTemperatureC"": 13.5}, {""time"": ""2025-09-29T17:00:00+00:00"", ""tideMeters"": null, ""waveHeightM"": 2.67, ""windSpeedKts"": 23.4, ""seaTemperatureC"": 13.51}, {""time"": ""2025-09-29T18:00:00+00:00"", ""tideMeters"": null, ""waveHeightM"": 2.79, ""windSpeedKts"": 24, ""seaTemperatureC"": 13.51}, {""time"": ""2025-09-29T19:00:00+00:00"", ""tideMeters"": null, ""waveHeightM"": 2.89, ""windSpeedKts"": 24.5, ""seaTemperatureC"": 13.51}, {""time"": ""2025-09-29T20:00:00+00:00"", ""tideMeters"": null, ""waveHeightM"": 2.99, ""windSpeedKts"": 24.9, ""seaTemperatureC"": 13.51}, {""time"": ""2025-09-29T21:00:00+00:00"", ""tideMeters"": null, ""waveHeightM"": 3.1, ""windSpeedKts"": 25.4, ""seaTemperatureC"": 13.52}, {""time"": ""2025-09-29T22:00:00+00:00"", ""tideMeters"": null, ""waveHeightM"": 3.18, ""windSpeedKts"": 24.2, ""seaTemperatureC"": 13.52}, {""time"": ""2025-09-29T23:00:00+00:00"", ""tideMeters"": null, ""waveHeightM"": 3.21, ""windSpeedKts"": 23, ""seaTemperatureC"": 13.52}, {""time"": ""2025-09-30T00:00:00+00:00"", ""tideMeters"": null, ""waveHeightM"": 3.2, ""windSpeedKts"": 21.9, ""seaTemperatureC"": 13.52}]","[{""label"": ""Mon, Sep 29"", ""summary"": ""Choppy water—plan cautiously and adjust tackle."", ""dateLabel"": ""Mon, Sep 29"", ""waveHeightM"": 2.35, ""fishingScore"": 13, ""windSpeedKts"": 22.4, ""seaTemperatureC"": 13.53}, {""label"": ""Tue, Sep 30"", ""summary"": ""Choppy water—plan cautiously and adjust tackle."", ""dateLabel"": ""Tue, Sep 30"", ""waveHeightM"": 3.2, ""fishingScore"": 5, ""windSpeedKts"": 21.9, ""seaTemperatureC"": 13.52}]",ingest:stormglass,2025-09-29 01:17:27.097501+00
37E1,73d36ce4-8b42-4eec-a6a6-40a5afe9ee32,2025-09-29 01:17:09.267+00,13.86,,,,,,0.81,2.8,122,2025-09-29 03:30:00+00,2025-09-29 09:15:00+00,"[{""time"": ""2025-09-29T01:00:00+00:00"", ""tideMeters"": null, ""waveHeightM"": 0.81, ""windSpeedKts"": 2.8, ""seaTemperatureC"": 13.86}, {""time"": ""2025-09-29T02:00:00+00:00"", ""tideMeters"": null, ""waveHeightM"": 0.78, ""windSpeedKts"": 4, ""seaTemperatureC"": 13.86}, {""time"": ""2025-09-29T03:00:00+00:00"", ""tideMeters"": null, ""waveHeightM"": 0.76, ""windSpeedKts"": 5.3, ""seaTemperatureC"": 13.85}, {""time"": ""2025-09-29T04:00:00+00:00"", ""tideMeters"": null, ""waveHeightM"": 0.73, ""windSpeedKts"": 5.4, ""seaTemperatureC"": 13.85}, {""time"": ""2025-09-29T05:00:00+00:00"", ""tideMeters"": null, ""waveHeightM"": 0.71, ""windSpeedKts"": 5.6, ""seaTemperatureC"": 13.86}, {""time"": ""2025-09-29T06:00:00+00:00"", ""tideMeters"": null, ""waveHeightM"": 0.69, ""windSpeedKts"": 5.7, ""seaTemperatureC"": 13.86}, {""time"": ""2025-09-29T07:00:00+00:00"", ""tideMeters"": null, ""waveHeightM"": 0.67, ""windSpeedKts"": 6.9, ""seaTemperatureC"": 13.83}, {""time"": ""2025-09-29T08:00:00+00:00"", ""tideMeters"": null, ""waveHeightM"": 0.66, ""windSpeedKts"": 8.1, ""seaTemperatureC"": 13.83}, {""time"": ""2025-09-29T09:00:00+00:00"", ""tideMeters"": null, ""waveHeightM"": 0.64, ""windSpeedKts"": 9.3, ""seaTemperatureC"": 13.83}, {""time"": ""2025-09-29T10:00:00+00:00"", ""tideMeters"": null, ""waveHeightM"": 0.63, ""windSpeedKts"": 8.3, ""seaTemperatureC"": 13.84}, {""time"": ""2025-09-29T11:00:00+00:00"", ""tideMeters"": null, ""waveHeightM"": 0.62, ""windSpeedKts"": 7.2, ""seaTemperatureC"": 13.85}, {""time"": ""2025-09-29T12:00:00+00:00"", ""tideMeters"": null, ""waveHeightM"": 0.61, ""windSpeedKts"": 6.1, ""seaTemperatureC"": 13.86}, {""time"": ""2025-09-29T13:00:00+00:00"", ""tideMeters"": null, ""waveHeightM"": 0.61, ""windSpeedKts"": 7.5, ""seaTemperatureC"": 13.88}, {""time"": ""2025-09-29T14:00:00+00:00"", ""tideMeters"": null, ""waveHeightM"": 0.61, ""windSpeedKts"": 8.8, ""seaTemperatureC"": 13.88}, {""time"": ""2025-09-29T15:00:00+00:00"", ""tideMeters"": null, ""waveHeightM"": 0.61, ""windSpeedKts"": 10.2, ""seaTemperatureC"": 13.89}, {""time"": ""2025-09-29T16:00:00+00:00"", ""tideMeters"": null, ""waveHeightM"": 0.6, ""windSpeedKts"": 9.5, ""seaTemperatureC"": 13.89}, {""time"": ""2025-09-29T17:00:00+00:00"", ""tideMeters"": null, ""waveHeightM"": 0.57, ""windSpeedKts"": 8.7, ""seaTemperatureC"": 13.89}, {""time"": ""2025-09-29T18:00:00+00:00"", ""tideMeters"": null, ""waveHeightM"": 0.55, ""windSpeedKts"": 7.9, ""seaTemperatureC"": 13.89}, {""time"": ""2025-09-29T19:00:00+00:00"", ""tideMeters"": null, ""waveHeightM"": 0.54, ""windSpeedKts"": 9.9, ""seaTemperatureC"": 13.88}, {""time"": ""2025-09-29T20:00:00+00:00"", ""tideMeters"": null, ""waveHeightM"": 0.56, ""windSpeedKts"": 11.8, ""seaTemperatureC"": 13.88}, {""time"": ""2025-09-29T21:00:00+00:00"", ""tideMeters"": null, ""waveHeightM"": 0.6, ""windSpeedKts"": 13.8, ""seaTemperatureC"": 13.88}, {""time"": ""2025-09-29T22:00:00+00:00"", ""tideMeters"": null, ""waveHeightM"": 0.63, ""windSpeedKts"": 13.6, ""seaTemperatureC"": 13.88}, {""time"": ""2025-09-29T23:00:00+00:00"", ""tideMeters"": null, ""waveHeightM"": 0.64, ""windSpeedKts"": 13.4, ""seaTemperatureC"": 13.87}, {""time"": ""2025-09-30T00:00:00+00:00"", ""tideMeters"": null, ""waveHeightM"": 0.64, ""windSpeedKts"": 13.2, ""seaTemperatureC"": 13.86}]","[{""label"": ""Mon, Sep 29"", ""summary"": ""Calm seas and light winds—ideal for most fishing styles."", ""dateLabel"": ""Mon, Sep 29"", ""waveHeightM"": 0.64, ""fishingScore"": 62, ""windSpeedKts"": 8.3, ""seaTemperatureC"": 13.86}, {""label"": ""Tue, Sep 30"", ""summary"": ""Balanced marine conditions expected."", ""dateLabel"": ""Tue, Sep 30"", ""waveHeightM"": 0.64, ""fishingScore"": 62, ""windSpeedKts"": 13.2, ""seaTemperatureC"": 13.86}]",ingest:stormglass,2025-09-29 01:17:28.358315+00
37F5,e8fb1645-3460-4797-a9f9-582f0cc52f0e,2025-09-29 01:17:09.267+00,13.8,,,,,,0.93,9.1,179,2025-09-29 10:59:00+00,2025-09-29 04:47:00+00,"[{""time"": ""2025-09-29T01:00:00+00:00"", ""tideMeters"": null, ""waveHeightM"": 0.93, ""windSpeedKts"": 9.1, ""seaTemperatureC"": 13.8}, {""time"": ""2025-09-29T02:00:00+00:00"", ""tideMeters"": null, ""waveHeightM"": 0.93, ""windSpeedKts"": 10.2, ""seaTemperatureC"": 13.79}, {""time"": ""2025-09-29T03:00:00+00:00"", ""tideMeters"": null, ""waveHeightM"": 0.95, ""windSpeedKts"": 11.2, ""seaTemperatureC"": 13.79}, {""time"": ""2025-09-29T04:00:00+00:00"", ""tideMeters"": null, ""waveHeightM"": 0.97, ""windSpeedKts"": 11.3, ""seaTemperatureC"": 13.79}, {""time"": ""2025-09-29T05:00:00+00:00"", ""tideMeters"": null, ""waveHeightM"": 0.98, ""windSpeedKts"": 11.4, ""seaTemperatureC"": 13.78}, {""time"": ""2025-09-29T06:00:00+00:00"", ""tideMeters"": null, ""waveHeightM"": 0.98, ""windSpeedKts"": 11.4, ""seaTemperatureC"": 13.78}, {""time"": ""2025-09-29T07:00:00+00:00"", ""tideMeters"": null, ""waveHeightM"": 0.98, ""windSpeedKts"": 11.8, ""seaTemperatureC"": 13.77}, {""time"": ""2025-09-29T08:00:00+00:00"", ""tideMeters"": null, ""waveHeightM"": 0.98, ""windSpeedKts"": 12.2, ""seaTemperatureC"": 13.77}, {""time"": ""2025-09-29T09:00:00+00:00"", ""tideMeters"": null, ""waveHeightM"": 0.98, ""windSpeedKts"": 12.6, ""seaTemperatureC"": 13.77}, {""time"": ""2025-09-29T10:00:00+00:00"", ""tideMeters"": null, ""waveHeightM"": 0.98, ""windSpeedKts"": 13.6, ""seaTemperatureC"": 13.76}, {""time"": ""2025-09-29T11:00:00+00:00"", ""tideMeters"": null, ""waveHeightM"": 0.98, ""windSpeedKts"": 14.6, ""seaTemperatureC"": 13.76}, {""time"": ""2025-09-29T12:00:00+00:00"", ""tideMeters"": null, ""waveHeightM"": 0.97, ""windSpeedKts"": 15.6, ""seaTemperatureC"": 13.76}, {""time"": ""2025-09-29T13:00:00+00:00"", ""tideMeters"": null, ""waveHeightM"": 0.97, ""windSpeedKts"": 16.3, ""seaTemperatureC"": 13.76}, {""time"": ""2025-09-29T14:00:00+00:00"", ""tideMeters"": null, ""waveHeightM"": 0.98, ""windSpeedKts"": 16.9, ""seaTemperatureC"": 13.75}, {""time"": ""2025-09-29T15:00:00+00:00"", ""tideMeters"": null, ""waveHeightM"": 1.01, ""windSpeedKts"": 17.6, ""seaTemperatureC"": 13.75}, {""time"": ""2025-09-29T16:00:00+00:00"", ""tideMeters"": null, ""waveHeightM"": 1.04, ""windSpeedKts"": 17.2, ""seaTemperatureC"": 13.74}, {""time"": ""2025-09-29T17:00:00+00:00"", ""tideMeters"": null, ""waveHeightM"": 1.07, ""windSpeedKts"": 16.8, ""seaTemperatureC"": 13.74}, {""time"": ""2025-09-29T18:00:00+00:00"", ""tideMeters"": null, ""waveHeightM"": 1.12, ""windSpeedKts"": 16.5, ""seaTemperatureC"": 13.73}, {""time"": ""2025-09-29T19:00:00+00:00"", ""tideMeters"": null, ""waveHeightM"": 1.18, ""windSpeedKts"": 17.1, ""seaTemperatureC"": 13.73}, {""time"": ""2025-09-29T20:00:00+00:00"", ""tideMeters"": null, ""waveHeightM"": 1.25, ""windSpeedKts"": 17.8, ""seaTemperatureC"": 13.72}, {""time"": ""2025-09-29T21:00:00+00:00"", ""tideMeters"": null, ""waveHeightM"": 1.34, ""windSpeedKts"": 18.4, ""seaTemperatureC"": 13.72}, {""time"": ""2025-09-29T22:00:00+00:00"", ""tideMeters"": null, ""waveHeightM"": 1.43, ""windSpeedKts"": 18.7, ""seaTemperatureC"": 13.71}, {""time"": ""2025-09-29T23:00:00+00:00"", ""tideMeters"": null, ""waveHeightM"": 1.51, ""windSpeedKts"": 18.9, ""seaTemperatureC"": 13.71}, {""time"": ""2025-09-30T00:00:00+00:00"", ""tideMeters"": null, ""waveHeightM"": 1.59, ""windSpeedKts"": 19.1, ""seaTemperatureC"": 13.7}]","[{""label"": ""Mon, Sep 29"", ""summary"": ""Balanced marine conditions expected."", ""dateLabel"": ""Mon, Sep 29"", ""waveHeightM"": 1.07, ""fishingScore"": 54, ""windSpeedKts"": 14.7, ""seaTemperatureC"": 13.76}, {""label"": ""Tue, Sep 30"", ""summary"": ""Fresh breeze may limit light setups—seek sheltered spots."", ""dateLabel"": ""Tue, Sep 30"", ""waveHeightM"": 1.59, ""fishingScore"": 35, ""windSpeedKts"": 19.1, ""seaTemperatureC"": 13.7}]",ingest:stormglass,2025-09-29 01:17:29.340647+00
37F6,0289c907-ec2d-44b5-8111-e298b5ee9a50,2025-09-29 01:17:09.267+00,13.22,,,,,,0.39,14,186,2025-09-29 10:58:00+00,2025-09-29 04:48:00+00,"[{""time"": ""2025-09-29T01:00:00+00:00"", ""tideMeters"": null, ""waveHeightM"": 0.39, ""windSpeedKts"": 14, ""seaTemperatureC"": 13.22}, {""time"": ""2025-09-29T02:00:00+00:00"", ""tideMeters"": null, ""waveHeightM"": 0.4, ""windSpeedKts"": 14.8, ""seaTemperatureC"": 13.21}, {""time"": ""2025-09-29T03:00:00+00:00"", ""tideMeters"": null, ""waveHeightM"": 0.42, ""windSpeedKts"": 15.6, ""seaTemperatureC"": 13.2}, {""time"": ""2025-09-29T04:00:00+00:00"", ""tideMeters"": null, ""waveHeightM"": 0.46, ""windSpeedKts"": 16.7, ""seaTemperatureC"": 13.19}, {""time"": ""2025-09-29T05:00:00+00:00"", ""tideMeters"": null, ""waveHeightM"": 0.51, ""windSpeedKts"": 17.8, ""seaTemperatureC"": 13.19}, {""time"": ""2025-09-29T06:00:00+00:00"", ""tideMeters"": null, ""waveHeightM"": 0.57, ""windSpeedKts"": 18.9, ""seaTemperatureC"": 13.18}, {""time"": ""2025-09-29T07:00:00+00:00"", ""tideMeters"": null, ""waveHeightM"": 0.64, ""windSpeedKts"": 19.2, ""seaTemperatureC"": 13.17}, {""time"": ""2025-09-29T08:00:00+00:00"", ""tideMeters"": null, ""waveHeightM"": 0.7, ""windSpeedKts"": 19.5, ""seaTemperatureC"": 13.16}, {""time"": ""2025-09-29T09:00:00+00:00"", ""tideMeters"": null, ""waveHeightM"": 0.76, ""windSpeedKts"": 19.8, ""seaTemperatureC"": 13.16}, {""time"": ""2025-09-29T10:00:00+00:00"", ""tideMeters"": null, ""waveHeightM"": 0.82, ""windSpeedKts"": 20.2, ""seaTemperatureC"": 13.16}, {""time"": ""2025-09-29T11:00:00+00:00"", ""tideMeters"": null, ""waveHeightM"": 0.88, ""windSpeedKts"": 20.6, ""seaTemperatureC"": 13.16}, {""time"": ""2025-09-29T12:00:00+00:00"", ""tideMeters"": null, ""waveHeightM"": 0.94, ""windSpeedKts"": 21, ""seaTemperatureC"": 13.16}, {""time"": ""2025-09-29T13:00:00+00:00"", ""tideMeters"": null, ""waveHeightM"": 0.96, ""windSpeedKts"": 20.9, ""seaTemperatureC"": 13.15}, {""time"": ""2025-09-29T14:00:00+00:00"", ""tideMeters"": null, ""waveHeightM"": 0.97, ""windSpeedKts"": 20.8, ""seaTemperatureC"": 13.14}, {""time"": ""2025-09-29T15:00:00+00:00"", ""tideMeters"": null, ""waveHeightM"": 0.98, ""windSpeedKts"": 20.7, ""seaTemperatureC"": 13.13}, {""time"": ""2025-09-29T16:00:00+00:00"", ""tideMeters"": null, ""waveHeightM"": 1.01, ""windSpeedKts"": 21, ""seaTemperatureC"": 13.13}, {""time"": ""2025-09-29T17:00:00+00:00"", ""tideMeters"": null, ""waveHeightM"": 1.04, ""windSpeedKts"": 21.3, ""seaTemperatureC"": 13.12}, {""time"": ""2025-09-29T18:00:00+00:00"", ""tideMeters"": null, ""waveHeightM"": 1.08, ""windSpeedKts"": 21.7, ""seaTemperatureC"": 13.11}, {""time"": ""2025-09-29T19:00:00+00:00"", ""tideMeters"": null, ""waveHeightM"": 1.11, ""windSpeedKts"": 22.2, ""seaTemperatureC"": 13.11}, {""time"": ""2025-09-29T20:00:00+00:00"", ""tideMeters"": null, ""waveHeightM"": 1.14, ""windSpeedKts"": 22.7, ""seaTemperatureC"": 13.1}, {""time"": ""2025-09-29T21:00:00+00:00"", ""tideMeters"": null, ""waveHeightM"": 1.16, ""windSpeedKts"": 23.2, ""seaTemperatureC"": 13.09}, {""time"": ""2025-09-29T22:00:00+00:00"", ""tideMeters"": null, ""waveHeightM"": 1.17, ""windSpeedKts"": 22.9, ""seaTemperatureC"": 13.09}, {""time"": ""2025-09-29T23:00:00+00:00"", ""tideMeters"": null, ""waveHeightM"": 1.17, ""windSpeedKts"": 22.6, ""seaTemperatureC"": 13.08}, {""time"": ""2025-09-30T00:00:00+00:00"", ""tideMeters"": null, ""waveHeightM"": 1.17, ""windSpeedKts"": 22.3, ""seaTemperatureC"": 13.07}]","[{""label"": ""Mon, Sep 29"", ""summary"": ""Fresh breeze may limit light setups—seek sheltered spots."", ""dateLabel"": ""Mon, Sep 29"", ""waveHeightM"": 0.84, ""fishingScore"": 48, ""windSpeedKts"": 19.9, ""seaTemperatureC"": 13.15}, {""label"": ""Tue, Sep 30"", ""summary"": ""Fresh breeze may limit light setups—seek sheltered spots."", ""dateLabel"": ""Tue, Sep 30"", ""waveHeightM"": 1.17, ""fishingScore"": 37, ""windSpeedKts"": 22.3, ""seaTemperatureC"": 13.07}]",ingest:stormglass,2025-09-29 01:17:30.364405+00
37G6,32d70c08-6e43-4d4d-a79f-7a029569c522,2025-09-29 01:17:09.267+00,13.31,,,,,,1.73,20.4,194,2025-09-29 10:59:00+00,2025-09-29 04:47:00+00,"[{""time"": ""2025-09-29T01:00:00+00:00"", ""tideMeters"": null, ""waveHeightM"": 1.73, ""windSpeedKts"": 20.4, ""seaTemperatureC"": 13.31}, {""time"": ""2025-09-29T02:00:00+00:00"", ""tideMeters"": null, ""waveHeightM"": 1.8, ""windSpeedKts"": 21.1, ""seaTemperatureC"": 13.31}, {""time"": ""2025-09-29T03:00:00+00:00"", ""tideMeters"": null, ""waveHeightM"": 1.86, ""windSpeedKts"": 21.9, ""seaTemperatureC"": 13.31}, {""time"": ""2025-09-29T04:00:00+00:00"", ""tideMeters"": null, ""waveHeightM"": 1.92, ""windSpeedKts"": 22.2, ""seaTemperatureC"": 13.3}, {""time"": ""2025-09-29T05:00:00+00:00"", ""tideMeters"": null, ""waveHeightM"": 1.98, ""windSpeedKts"": 22.4, ""seaTemperatureC"": 13.3}, {""time"": ""2025-09-29T06:00:00+00:00"", ""tideMeters"": null, ""waveHeightM"": 2.05, ""windSpeedKts"": 22.7, ""seaTemperatureC"": 13.3}, {""time"": ""2025-09-29T07:00:00+00:00"", ""tideMeters"": null, ""waveHeightM"": 2.11, ""windSpeedKts"": 23.1, ""seaTemperatureC"": 13.3}, {""time"": ""2025-09-29T08:00:00+00:00"", ""tideMeters"": null, ""waveHeightM"": 2.15, ""windSpeedKts"": 23.4, ""seaTemperatureC"": 13.3}, {""time"": ""2025-09-29T09:00:00+00:00"", ""tideMeters"": null, ""waveHeightM"": 2.18, ""windSpeedKts"": 23.8, ""seaTemperatureC"": 13.3}, {""time"": ""2025-09-29T10:00:00+00:00"", ""tideMeters"": null, ""waveHeightM"": 2.19, ""windSpeedKts"": 23.7, ""seaTemperatureC"": 13.3}, {""time"": ""2025-09-29T11:00:00+00:00"", ""tideMeters"": null, ""waveHeightM"": 2.23, ""windSpeedKts"": 23.6, ""seaTemperatureC"": 13.31}, {""time"": ""2025-09-29T12:00:00+00:00"", ""tideMeters"": null, ""waveHeightM"": 2.29, ""windSpeedKts"": 23.5, ""seaTemperatureC"": 13.31}, {""time"": ""2025-09-29T13:00:00+00:00"", ""tideMeters"": null, ""waveHeightM"": 2.36, ""windSpeedKts"": 23.5, ""seaTemperatureC"": 13.31}, {""time"": ""2025-09-29T14:00:00+00:00"", ""tideMeters"": null, ""waveHeightM"": 2.41, ""windSpeedKts"": 23.4, ""seaTemperatureC"": 13.32}, {""time"": ""2025-09-29T15:00:00+00:00"", ""tideMeters"": null, ""waveHeightM"": 2.45, ""windSpeedKts"": 23.4, ""seaTemperatureC"": 13.32}, {""time"": ""2025-09-29T16:00:00+00:00"", ""tideMeters"": null, ""waveHeightM"": 2.51, ""windSpeedKts"": 23.7, ""seaTemperatureC"": 13.32}, {""time"": ""2025-09-29T17:00:00+00:00"", ""tideMeters"": null, ""waveHeightM"": 2.58, ""windSpeedKts"": 23.9, ""seaTemperatureC"": 13.33}, {""time"": ""2025-09-29T18:00:00+00:00"", ""tideMeters"": null, ""waveHeightM"": 2.67, ""windSpeedKts"": 24.2, ""seaTemperatureC"": 13.33}, {""time"": ""2025-09-29T19:00:00+00:00"", ""tideMeters"": null, ""waveHeightM"": 2.8, ""windSpeedKts"": 25.2, ""seaTemperatureC"": 13.33}, {""time"": ""2025-09-29T20:00:00+00:00"", ""tideMeters"": null, ""waveHeightM"": 2.97, ""windSpeedKts"": 26.1, ""seaTemperatureC"": 13.33}, {""time"": ""2025-09-29T21:00:00+00:00"", ""tideMeters"": null, ""waveHeightM"": 3.15, ""windSpeedKts"": 27.1, ""seaTemperatureC"": 13.33}, {""time"": ""2025-09-29T22:00:00+00:00"", ""tideMeters"": null, ""waveHeightM"": 3.22, ""windSpeedKts"": 25.7, ""seaTemperatureC"": 13.33}, {""time"": ""2025-09-29T23:00:00+00:00"", ""tideMeters"": null, ""waveHeightM"": 3.19, ""windSpeedKts"": 24.3, ""seaTemperatureC"": 13.33}, {""time"": ""2025-09-30T00:00:00+00:00"", ""tideMeters"": null, ""waveHeightM"": 3.11, ""windSpeedKts"": 23, ""seaTemperatureC"": 13.32}]","[{""label"": ""Mon, Sep 29"", ""summary"": ""Choppy water—plan cautiously and adjust tackle."", ""dateLabel"": ""Mon, Sep 29"", ""waveHeightM"": 2.38, ""fishingScore"": 10, ""windSpeedKts"": 23.6, ""seaTemperatureC"": 13.31}, {""label"": ""Tue, Sep 30"", ""summary"": ""Choppy water—plan cautiously and adjust tackle."", ""dateLabel"": ""Tue, Sep 30"", ""waveHeightM"": 3.11, ""fishingScore"": 5, ""windSpeedKts"": 23, ""seaTemperatureC"": 13.32}]",ingest:stormglass,2025-09-29 01:17:31.384628+00
37H4,6fc35b1d-ca6c-42fd-aad6-9c6610ea3fba,2025-09-29 01:47:31.684+00,22.01,,,,,,0.64,5.2,243,2025-09-29 06:18:00+00,2025-09-29 11:35:00+00,"[{""time"": ""2025-09-29T01:00:00+00:00"", ""tideMeters"": null, ""waveHeightM"": 0.64, ""windSpeedKts"": 5.2, ""seaTemperatureC"": 22.01}, {""time"": ""2025-09-29T02:00:00+00:00"", ""tideMeters"": null, ""waveHeightM"": 0.68, ""windSpeedKts"": 4.9, ""seaTemperatureC"": 21.99}, {""time"": ""2025-09-29T03:00:00+00:00"", ""tideMeters"": null, ""waveHeightM"": 0.71, ""windSpeedKts"": 4.6, ""seaTemperatureC"": 21.97}, {""time"": ""2025-09-29T04:00:00+00:00"", ""tideMeters"": null, ""waveHeightM"": 0.71, ""windSpeedKts"": 4.2, ""seaTemperatureC"": 21.95}, {""time"": ""2025-09-29T05:00:00+00:00"", ""tideMeters"": null, ""waveHeightM"": 0.71, ""windSpeedKts"": 3.8, ""seaTemperatureC"": 21.93}, {""time"": ""2025-09-29T06:00:00+00:00"", ""tideMeters"": null, ""waveHeightM"": 0.71, ""windSpeedKts"": 3.4, ""seaTemperatureC"": 21.91}, {""time"": ""2025-09-29T07:00:00+00:00"", ""tideMeters"": null, ""waveHeightM"": 0.69, ""windSpeedKts"": 3.8, ""seaTemperatureC"": 21.9}, {""time"": ""2025-09-29T08:00:00+00:00"", ""tideMeters"": null, ""waveHeightM"": 0.66, ""windSpeedKts"": 4.2, ""seaTemperatureC"": 21.91}, {""time"": ""2025-09-29T09:00:00+00:00"", ""tideMeters"": null, ""waveHeightM"": 0.63, ""windSpeedKts"": 4.5, ""seaTemperatureC"": 21.92}, {""time"": ""2025-09-29T10:00:00+00:00"", ""tideMeters"": null, ""waveHeightM"": 0.59, ""windSpeedKts"": 5.1, ""seaTemperatureC"": 21.94}, {""time"": ""2025-09-29T11:00:00+00:00"", ""tideMeters"": null, ""waveHeightM"": 0.56, ""windSpeedKts"": 5.6, ""seaTemperatureC"": 21.94}, {""time"": ""2025-09-29T12:00:00+00:00"", ""tideMeters"": null, ""waveHeightM"": 0.52, ""windSpeedKts"": 6.1, ""seaTemperatureC"": 21.94}, {""time"": ""2025-09-29T13:00:00+00:00"", ""tideMeters"": null, ""waveHeightM"": 0.49, ""windSpeedKts"": 5.8, ""seaTemperatureC"": 21.95}, {""time"": ""2025-09-29T14:00:00+00:00"", ""tideMeters"": null, ""waveHeightM"": 0.45, ""windSpeedKts"": 5.4, ""seaTemperatureC"": 22}, {""time"": ""2025-09-29T15:00:00+00:00"", ""tideMeters"": null, ""waveHeightM"": 0.42, ""windSpeedKts"": 5, ""seaTemperatureC"": 22.01}, {""time"": ""2025-09-29T16:00:00+00:00"", ""tideMeters"": null, ""waveHeightM"": 0.41, ""windSpeedKts"": 4.2, ""seaTemperatureC"": 22}, {""time"": ""2025-09-29T17:00:00+00:00"", ""tideMeters"": null, ""waveHeightM"": 0.4, ""windSpeedKts"": 3.3, ""seaTemperatureC"": 21.99}, {""time"": ""2025-09-29T18:00:00+00:00"", ""tideMeters"": null, ""waveHeightM"": 0.39, ""windSpeedKts"": 2.4, ""seaTemperatureC"": 21.98}, {""time"": ""2025-09-29T19:00:00+00:00"", ""tideMeters"": null, ""waveHeightM"": 0.39, ""windSpeedKts"": 2.4, ""seaTemperatureC"": 21.96}, {""time"": ""2025-09-29T20:00:00+00:00"", ""tideMeters"": null, ""waveHeightM"": 0.38, ""windSpeedKts"": 2.3, ""seaTemperatureC"": 21.94}, {""time"": ""2025-09-29T21:00:00+00:00"", ""tideMeters"": null, ""waveHeightM"": 0.38, ""windSpeedKts"": 2.2, ""seaTemperatureC"": 21.91}, {""time"": ""2025-09-29T22:00:00+00:00"", ""tideMeters"": null, ""waveHeightM"": 0.36, ""windSpeedKts"": 2.1, ""seaTemperatureC"": 21.89}, {""time"": ""2025-09-29T23:00:00+00:00"", ""tideMeters"": null, ""waveHeightM"": 0.34, ""windSpeedKts"": 2.1, ""seaTemperatureC"": 21.86}, {""time"": ""2025-09-30T00:00:00+00:00"", ""tideMeters"": null, ""waveHeightM"": 0.31, ""windSpeedKts"": 2.1, ""seaTemperatureC"": 21.83}]","[{""label"": ""Mon, Sep 29"", ""summary"": ""Calm seas and light winds—ideal for most fishing styles."", ""dateLabel"": ""Mon, Sep 29"", ""waveHeightM"": 0.53, ""fishingScore"": 64, ""windSpeedKts"": 4, ""seaTemperatureC"": 21.95}, {""label"": ""Tue, Sep 30"", ""summary"": ""Calm seas and light winds—ideal for most fishing styles."", ""dateLabel"": ""Tue, Sep 30"", ""waveHeightM"": 0.31, ""fishingScore"": 69, ""windSpeedKts"": 2.1, ""seaTemperatureC"": 21.83}]",ingest:stormglass,2025-09-29 01:47:33.05661+00
37H5,f7e1a074-7df0-4dad-a9fe-f4a83a0f926a,2025-09-29 01:47:31.684+00,20.73,,,,,,1.34,18.5,247,2025-09-29 06:38:00+00,2025-09-29 11:22:00+00,"[{""time"": ""2025-09-29T01:00:00+00:00"", ""tideMeters"": null, ""waveHeightM"": 1.34, ""windSpeedKts"": 18.5, ""seaTemperatureC"": 20.73}, {""time"": ""2025-09-29T02:00:00+00:00"", ""tideMeters"": null, ""waveHeightM"": 1.28, ""windSpeedKts"": 17.9, ""seaTemperatureC"": 20.74}, {""time"": ""2025-09-29T03:00:00+00:00"", ""tideMeters"": null, ""waveHeightM"": 1.22, ""windSpeedKts"": 17.3, ""seaTemperatureC"": 20.76}, {""time"": ""2025-09-29T04:00:00+00:00"", ""tideMeters"": null, ""waveHeightM"": 1.22, ""windSpeedKts"": 17.6, ""seaTemperatureC"": 20.77}, {""time"": ""2025-09-29T05:00:00+00:00"", ""tideMeters"": null, ""waveHeightM"": 1.22, ""windSpeedKts"": 17.9, ""seaTemperatureC"": 20.79}, {""time"": ""2025-09-29T06:00:00+00:00"", ""tideMeters"": null, ""waveHeightM"": 1.23, ""windSpeedKts"": 18.2, ""seaTemperatureC"": 20.81}, {""time"": ""2025-09-29T07:00:00+00:00"", ""tideMeters"": null, ""waveHeightM"": 1.17, ""windSpeedKts"": 17.1, ""seaTemperatureC"": 20.83}, {""time"": ""2025-09-29T08:00:00+00:00"", ""tideMeters"": null, ""waveHeightM"": 1.12, ""windSpeedKts"": 16, ""seaTemperatureC"": 20.85}, {""time"": ""2025-09-29T09:00:00+00:00"", ""tideMeters"": null, ""waveHeightM"": 1.06, ""windSpeedKts"": 14.9, ""seaTemperatureC"": 20.87}, {""time"": ""2025-09-29T10:00:00+00:00"", ""tideMeters"": null, ""waveHeightM"": 0.99, ""windSpeedKts"": 14.4, ""seaTemperatureC"": 20.9}, {""time"": ""2025-09-29T11:00:00+00:00"", ""tideMeters"": null, ""waveHeightM"": 0.92, ""windSpeedKts"": 13.8, ""seaTemperatureC"": 20.94}, {""time"": ""2025-09-29T12:00:00+00:00"", ""tideMeters"": null, ""waveHeightM"": 0.85, ""windSpeedKts"": 13.2, ""seaTemperatureC"": 20.97}, {""time"": ""2025-09-29T13:00:00+00:00"", ""tideMeters"": null, ""waveHeightM"": 0.79, ""windSpeedKts"": 12.3, ""seaTemperatureC"": 20.99}, {""time"": ""2025-09-29T14:00:00+00:00"", ""tideMeters"": null, ""waveHeightM"": 0.72, ""windSpeedKts"": 11.3, ""seaTemperatureC"": 21.01}, {""time"": ""2025-09-29T15:00:00+00:00"", ""tideMeters"": null, ""waveHeightM"": 0.66, ""windSpeedKts"": 10.4, ""seaTemperatureC"": 21.01}, {""time"": ""2025-09-29T16:00:00+00:00"", ""tideMeters"": null, ""waveHeightM"": 0.6, ""windSpeedKts"": 10.1, ""seaTemperatureC"": 21.02}, {""time"": ""2025-09-29T17:00:00+00:00"", ""tideMeters"": null, ""waveHeightM"": 0.55, ""windSpeedKts"": 9.8, ""seaTemperatureC"": 21.01}, {""time"": ""2025-09-29T18:00:00+00:00"", ""tideMeters"": null, ""waveHeightM"": 0.5, ""windSpeedKts"": 9.5, ""seaTemperatureC"": 21.01}, {""time"": ""2025-09-29T19:00:00+00:00"", ""tideMeters"": null, ""waveHeightM"": 0.49, ""windSpeedKts"": 9.9, ""seaTemperatureC"": 21.01}, {""time"": ""2025-09-29T20:00:00+00:00"", ""tideMeters"": null, ""waveHeightM"": 0.49, ""windSpeedKts"": 10.3, ""seaTemperatureC"": 21.02}, {""time"": ""2025-09-29T21:00:00+00:00"", ""tideMeters"": null, ""waveHeightM"": 0.49, ""windSpeedKts"": 10.7, ""seaTemperatureC"": 21.02}, {""time"": ""2025-09-29T22:00:00+00:00"", ""tideMeters"": null, ""waveHeightM"": 0.51, ""windSpeedKts"": 10.8, ""seaTemperatureC"": 21.02}, {""time"": ""2025-09-29T23:00:00+00:00"", ""tideMeters"": null, ""waveHeightM"": 0.53, ""windSpeedKts"": 10.9, ""seaTemperatureC"": 21.02}, {""time"": ""2025-09-30T00:00:00+00:00"", ""tideMeters"": null, ""waveHeightM"": 0.56, ""windSpeedKts"": 11, ""seaTemperatureC"": 21.01}]","[{""label"": ""Mon, Sep 29"", ""summary"": ""Balanced marine conditions expected."", ""dateLabel"": ""Mon, Sep 29"", ""waveHeightM"": 0.87, ""fishingScore"": 58, ""windSpeedKts"": 13.6, ""seaTemperatureC"": 20.92}, {""label"": ""Tue, Sep 30"", ""summary"": ""Calm seas and light winds—ideal for most fishing styles."", ""dateLabel"": ""Tue, Sep 30"", ""waveHeightM"": 0.56, ""fishingScore"": 64, ""windSpeedKts"": 11, ""seaTemperatureC"": 21.01}]",ingest:stormglass,2025-09-29 01:47:34.16578+00
37I2,47c2b36f-cfde-4195-8b5a-2b8c34c634d9,2025-09-29 01:47:31.684+00,24.4,,,,,,0.55,8.9,169,2025-09-29 14:41:00+00,2025-09-29 04:04:00+00,"[{""time"": ""2025-09-29T01:00:00+00:00"", ""tideMeters"": null, ""waveHeightM"": 0.55, ""windSpeedKts"": 8.9, ""seaTemperatureC"": 24.4}, {""time"": ""2025-09-29T02:00:00+00:00"", ""tideMeters"": null, ""waveHeightM"": 0.56, ""windSpeedKts"": 5.8, ""seaTemperatureC"": 24.38}, {""time"": ""2025-09-29T03:00:00+00:00"", ""tideMeters"": null, ""waveHeightM"": 0.56, ""windSpeedKts"": 2.6, ""seaTemperatureC"": 24.37}, {""time"": ""2025-09-29T04:00:00+00:00"", ""tideMeters"": null, ""waveHeightM"": 0.62, ""windSpeedKts"": 5.5, ""seaTemperatureC"": 24.37}, {""time"": ""2025-09-29T05:00:00+00:00"", ""tideMeters"": null, ""waveHeightM"": 0.68, ""windSpeedKts"": 8.4, ""seaTemperatureC"": 24.35}, {""time"": ""2025-09-29T06:00:00+00:00"", ""tideMeters"": null, ""waveHeightM"": 0.74, ""windSpeedKts"": 11.3, ""seaTemperatureC"": 24.34}, {""time"": ""2025-09-29T07:00:00+00:00"", ""tideMeters"": null, ""waveHeightM"": 0.9, ""windSpeedKts"": 14.2, ""seaTemperatureC"": 24.33}, {""time"": ""2025-09-29T08:00:00+00:00"", ""tideMeters"": null, ""waveHeightM"": 1.05, ""windSpeedKts"": 17.1, ""seaTemperatureC"": 24.31}, {""time"": ""2025-09-29T09:00:00+00:00"", ""tideMeters"": null, ""waveHeightM"": 1.21, ""windSpeedKts"": 20, ""seaTemperatureC"": 24.32}, {""time"": ""2025-09-29T10:00:00+00:00"", ""tideMeters"": null, ""waveHeightM"": 1.17, ""windSpeedKts"": 17.6, ""seaTemperatureC"": 24.36}, {""time"": ""2025-09-29T11:00:00+00:00"", ""tideMeters"": null, ""waveHeightM"": 1.12, ""windSpeedKts"": 15.3, ""seaTemperatureC"": 24.43}, {""time"": ""2025-09-29T12:00:00+00:00"", ""tideMeters"": null, ""waveHeightM"": 1.08, ""windSpeedKts"": 12.9, ""seaTemperatureC"": 24.55}, {""time"": ""2025-09-29T13:00:00+00:00"", ""tideMeters"": null, ""waveHeightM"": 1.05, ""windSpeedKts"": 12.9, ""seaTemperatureC"": 24.64}, {""time"": ""2025-09-29T14:00:00+00:00"", ""tideMeters"": null, ""waveHeightM"": 1.02, ""windSpeedKts"": 12.9, ""seaTemperatureC"": 24.69}, {""time"": ""2025-09-29T15:00:00+00:00"", ""tideMeters"": null, ""waveHeightM"": 0.99, ""windSpeedKts"": 12.8, ""seaTemperatureC"": 24.61}, {""time"": ""2025-09-29T16:00:00+00:00"", ""tideMeters"": null, ""waveHeightM"": 1, ""windSpeedKts"": 13.6, ""seaTemperatureC"": 24.48}, {""time"": ""2025-09-29T17:00:00+00:00"", ""tideMeters"": null, ""waveHeightM"": 1.01, ""windSpeedKts"": 14.4, ""seaTemperatureC"": 24.39}, {""time"": ""2025-09-29T18:00:00+00:00"", ""tideMeters"": null, ""waveHeightM"": 1.02, ""windSpeedKts"": 15.1, ""seaTemperatureC"": 24.34}, {""time"": ""2025-09-29T19:00:00+00:00"", ""tideMeters"": null, ""waveHeightM"": 0.96, ""windSpeedKts"": 11.1, ""seaTemperatureC"": 24.31}, {""time"": ""2025-09-29T20:00:00+00:00"", ""tideMeters"": null, ""waveHeightM"": 0.9, ""windSpeedKts"": 7.1, ""seaTemperatureC"": 24.29}, {""time"": ""2025-09-29T21:00:00+00:00"", ""tideMeters"": null, ""waveHeightM"": 0.85, ""windSpeedKts"": 3.1, ""seaTemperatureC"": 24.26}, {""time"": ""2025-09-29T22:00:00+00:00"", ""tideMeters"": null, ""waveHeightM"": 0.85, ""windSpeedKts"": 5.5, ""seaTemperatureC"": 24.25}, {""time"": ""2025-09-29T23:00:00+00:00"", ""tideMeters"": null, ""waveHeightM"": 0.85, ""windSpeedKts"": 7.9, ""seaTemperatureC"": 24.24}, {""time"": ""2025-09-30T00:00:00+00:00"", ""tideMeters"": null, ""waveHeightM"": 0.86, ""windSpeedKts"": 10.3, ""seaTemperatureC"": 24.23}]","[{""label"": ""Mon, Sep 29"", ""summary"": ""Calm seas and light winds—ideal for most fishing styles."", ""dateLabel"": ""Mon, Sep 29"", ""waveHeightM"": 0.9, ""fishingScore"": 47, ""windSpeedKts"": 11.1, ""seaTemperatureC"": 24.39}, {""label"": ""Tue, Sep 30"", ""summary"": ""Calm seas and light winds—ideal for most fishing styles."", ""dateLabel"": ""Tue, Sep 30"", ""waveHeightM"": 0.86, ""fishingScore"": 48, ""windSpeedKts"": 10.3, ""seaTemperatureC"": 24.23}]",ingest:stormglass,2025-09-29 01:47:35.178279+00
37I3,5c11a3c0-d0ac-4a62-9b09-df7c4e91c757,2025-09-29 01:47:31.684+00,25.41,,,,,,0.61,11.6,150,2025-09-29 14:00:00+00,2025-09-29 03:25:00+00,"[{""time"": ""2025-09-29T01:00:00+00:00"", ""tideMeters"": null, ""waveHeightM"": 0.61, ""windSpeedKts"": 11.6, ""seaTemperatureC"": 25.41}, {""time"": ""2025-09-29T02:00:00+00:00"", ""tideMeters"": null, ""waveHeightM"": 0.68, ""windSpeedKts"": 12.3, ""seaTemperatureC"": 25.39}, {""time"": ""2025-09-29T03:00:00+00:00"", ""tideMeters"": null, ""waveHeightM"": 0.74, ""windSpeedKts"": 12.9, ""seaTemperatureC"": 25.37}, {""time"": ""2025-09-29T04:00:00+00:00"", ""tideMeters"": null, ""waveHeightM"": 0.83, ""windSpeedKts"": 13.4, ""seaTemperatureC"": 25.35}, {""time"": ""2025-09-29T05:00:00+00:00"", ""tideMeters"": null, ""waveHeightM"": 0.91, ""windSpeedKts"": 13.9, ""seaTemperatureC"": 25.34}, {""time"": ""2025-09-29T06:00:00+00:00"", ""tideMeters"": null, ""waveHeightM"": 1, ""windSpeedKts"": 14.4, ""seaTemperatureC"": 25.33}, {""time"": ""2025-09-29T07:00:00+00:00"", ""tideMeters"": null, ""waveHeightM"": 1.09, ""windSpeedKts"": 12.9, ""seaTemperatureC"": 25.32}, {""time"": ""2025-09-29T08:00:00+00:00"", ""tideMeters"": null, ""waveHeightM"": 1.18, ""windSpeedKts"": 11.4, ""seaTemperatureC"": 25.31}, {""time"": ""2025-09-29T09:00:00+00:00"", ""tideMeters"": null, ""waveHeightM"": 1.27, ""windSpeedKts"": 10, ""seaTemperatureC"": 25.31}, {""time"": ""2025-09-29T10:00:00+00:00"", ""tideMeters"": null, ""waveHeightM"": 1.29, ""windSpeedKts"": 9.6, ""seaTemperatureC"": 25.31}, {""time"": ""2025-09-29T11:00:00+00:00"", ""tideMeters"": null, ""waveHeightM"": 1.3, ""windSpeedKts"": 9.2, ""seaTemperatureC"": 25.31}, {""time"": ""2025-09-29T12:00:00+00:00"", ""tideMeters"": null, ""waveHeightM"": 1.32, ""windSpeedKts"": 8.7, ""seaTemperatureC"": 25.32}, {""time"": ""2025-09-29T13:00:00+00:00"", ""tideMeters"": null, ""waveHeightM"": 1.28, ""windSpeedKts"": 7.3, ""seaTemperatureC"": 25.33}, {""time"": ""2025-09-29T14:00:00+00:00"", ""tideMeters"": null, ""waveHeightM"": 1.24, ""windSpeedKts"": 5.8, ""seaTemperatureC"": 25.34}, {""time"": ""2025-09-29T15:00:00+00:00"", ""tideMeters"": null, ""waveHeightM"": 1.2, ""windSpeedKts"": 4.4, ""seaTemperatureC"": 25.34}, {""time"": ""2025-09-29T16:00:00+00:00"", ""tideMeters"": null, ""waveHeightM"": 1.17, ""windSpeedKts"": 6.2, ""seaTemperatureC"": 25.32}, {""time"": ""2025-09-29T17:00:00+00:00"", ""tideMeters"": null, ""waveHeightM"": 1.15, ""windSpeedKts"": 8, ""seaTemperatureC"": 25.28}, {""time"": ""2025-09-29T18:00:00+00:00"", ""tideMeters"": null, ""waveHeightM"": 1.12, ""windSpeedKts"": 9.8, ""seaTemperatureC"": 25.28}, {""time"": ""2025-09-29T19:00:00+00:00"", ""tideMeters"": null, ""waveHeightM"": 1.11, ""windSpeedKts"": 10.2, ""seaTemperatureC"": 25.3}, {""time"": ""2025-09-29T20:00:00+00:00"", ""tideMeters"": null, ""waveHeightM"": 1.1, ""windSpeedKts"": 10.6, ""seaTemperatureC"": 25.29}, {""time"": ""2025-09-29T21:00:00+00:00"", ""tideMeters"": null, ""waveHeightM"": 1.08, ""windSpeedKts"": 10.9, ""seaTemperatureC"": 25.27}, {""time"": ""2025-09-29T22:00:00+00:00"", ""tideMeters"": null, ""waveHeightM"": 1.04, ""windSpeedKts"": 9.2, ""seaTemperatureC"": 25.26}, {""time"": ""2025-09-29T23:00:00+00:00"", ""tideMeters"": null, ""waveHeightM"": 1, ""windSpeedKts"": 7.5, ""seaTemperatureC"": 25.24}, {""time"": ""2025-09-30T00:00:00+00:00"", ""tideMeters"": null, ""waveHeightM"": 0.95, ""windSpeedKts"": 5.8, ""seaTemperatureC"": 25.2}]","[{""label"": ""Mon, Sep 29"", ""summary"": ""Balanced marine conditions expected."", ""dateLabel"": ""Mon, Sep 29"", ""waveHeightM"": 1.07, ""fishingScore"": 44, ""windSpeedKts"": 10, ""seaTemperatureC"": 25.32}, {""label"": ""Tue, Sep 30"", ""summary"": ""Calm seas and light winds—ideal for most fishing styles."", ""dateLabel"": ""Tue, Sep 30"", ""waveHeightM"": 0.95, ""fishingScore"": 46, ""windSpeedKts"": 5.8, ""seaTemperatureC"": 25.2}]",ingest:stormglass,2025-09-29 01:47:36.338755+00
37J2,4a7411a8-682b-4c5f-a9dd-76d3a944808c,2025-09-29 01:47:31.684+00,24.46,,,,,,0.79,1.4,348,2025-09-29 13:09:00+00,2025-09-29 04:43:00+00,"[{""time"": ""2025-09-29T01:00:00+00:00"", ""tideMeters"": null, ""waveHeightM"": 0.79, ""windSpeedKts"": 1.4, ""seaTemperatureC"": 24.46}, {""time"": ""2025-09-29T02:00:00+00:00"", ""tideMeters"": null, ""waveHeightM"": 0.78, ""windSpeedKts"": 1.3, ""seaTemperatureC"": 24.45}, {""time"": ""2025-09-29T03:00:00+00:00"", ""tideMeters"": null, ""waveHeightM"": 0.76, ""windSpeedKts"": 1.2, ""seaTemperatureC"": 24.43}, {""time"": ""2025-09-29T04:00:00+00:00"", ""tideMeters"": null, ""waveHeightM"": 0.75, ""windSpeedKts"": 1.7, ""seaTemperatureC"": 24.42}, {""time"": ""2025-09-29T05:00:00+00:00"", ""tideMeters"": null, ""waveHeightM"": 0.73, ""windSpeedKts"": 2.2, ""seaTemperatureC"": 24.42}, {""time"": ""2025-09-29T06:00:00+00:00"", ""tideMeters"": null, ""waveHeightM"": 0.72, ""windSpeedKts"": 2.7, ""seaTemperatureC"": 24.41}, {""time"": ""2025-09-29T07:00:00+00:00"", ""tideMeters"": null, ""waveHeightM"": 0.72, ""windSpeedKts"": 2, ""seaTemperatureC"": 24.4}, {""time"": ""2025-09-29T08:00:00+00:00"", ""tideMeters"": null, ""waveHeightM"": 0.73, ""windSpeedKts"": 1.4, ""seaTemperatureC"": 24.4}, {""time"": ""2025-09-29T09:00:00+00:00"", ""tideMeters"": null, ""waveHeightM"": 0.73, ""windSpeedKts"": 0.7, ""seaTemperatureC"": 24.41}, {""time"": ""2025-09-29T10:00:00+00:00"", ""tideMeters"": null, ""waveHeightM"": 0.76, ""windSpeedKts"": 2.1, ""seaTemperatureC"": 24.42}, {""time"": ""2025-09-29T11:00:00+00:00"", ""tideMeters"": null, ""waveHeightM"": 0.78, ""windSpeedKts"": 3.6, ""seaTemperatureC"": 24.44}, {""time"": ""2025-09-29T12:00:00+00:00"", ""tideMeters"": null, ""waveHeightM"": 0.8, ""windSpeedKts"": 5.1, ""seaTemperatureC"": 24.45}, {""time"": ""2025-09-29T13:00:00+00:00"", ""tideMeters"": null, ""waveHeightM"": 0.79, ""windSpeedKts"": 5.3, ""seaTemperatureC"": 24.46}, {""time"": ""2025-09-29T14:00:00+00:00"", ""tideMeters"": null, ""waveHeightM"": 0.78, ""windSpeedKts"": 5.5, ""seaTemperatureC"": 24.46}, {""time"": ""2025-09-29T15:00:00+00:00"", ""tideMeters"": null, ""waveHeightM"": 0.76, ""windSpeedKts"": 5.7, ""seaTemperatureC"": 24.46}, {""time"": ""2025-09-29T16:00:00+00:00"", ""tideMeters"": null, ""waveHeightM"": 0.75, ""windSpeedKts"": 4.5, ""seaTemperatureC"": 24.45}, {""time"": ""2025-09-29T17:00:00+00:00"", ""tideMeters"": null, ""waveHeightM"": 0.73, ""windSpeedKts"": 3.3, ""seaTemperatureC"": 24.44}, {""time"": ""2025-09-29T18:00:00+00:00"", ""tideMeters"": null, ""waveHeightM"": 0.72, ""windSpeedKts"": 2.2, ""seaTemperatureC"": 24.42}, {""time"": ""2025-09-29T19:00:00+00:00"", ""tideMeters"": null, ""waveHeightM"": 0.7, ""windSpeedKts"": 2, ""seaTemperatureC"": 24.41}, {""time"": ""2025-09-29T20:00:00+00:00"", ""tideMeters"": null, ""waveHeightM"": 0.69, ""windSpeedKts"": 1.8, ""seaTemperatureC"": 24.4}, {""time"": ""2025-09-29T21:00:00+00:00"", ""tideMeters"": null, ""waveHeightM"": 0.67, ""windSpeedKts"": 1.6, ""seaTemperatureC"": 24.39}, {""time"": ""2025-09-29T22:00:00+00:00"", ""tideMeters"": null, ""waveHeightM"": 0.66, ""windSpeedKts"": 2, ""seaTemperatureC"": 24.38}, {""time"": ""2025-09-29T23:00:00+00:00"", ""tideMeters"": null, ""waveHeightM"": 0.64, ""windSpeedKts"": 2.4, ""seaTemperatureC"": 24.36}, {""time"": ""2025-09-30T00:00:00+00:00"", ""tideMeters"": null, ""waveHeightM"": 0.62, ""windSpeedKts"": 2.8, ""seaTemperatureC"": 24.35}]","[{""label"": ""Mon, Sep 29"", ""summary"": ""Calm seas and light winds—ideal for most fishing styles."", ""dateLabel"": ""Mon, Sep 29"", ""waveHeightM"": 0.74, ""fishingScore"": 50, ""windSpeedKts"": 2.7, ""seaTemperatureC"": 24.42}, {""label"": ""Tue, Sep 30"", ""summary"": ""Calm seas and light winds—ideal for most fishing styles."", ""dateLabel"": ""Tue, Sep 30"", ""waveHeightM"": 0.62, ""fishingScore"": 53, ""windSpeedKts"": 2.8, ""seaTemperatureC"": 24.35}]",ingest:stormglass,2025-09-29 01:47:37.260223+00
37J3,04ed7f93-bee2-493b-918c-1e1c1a6f826d,2025-09-29 01:47:31.684+00,24.79,,,,,,0.61,11.5,47,2025-09-29 13:09:00+00,2025-09-29 05:25:00+00,"[{""time"": ""2025-09-29T01:00:00+00:00"", ""tideMeters"": null, ""waveHeightM"": 0.61, ""windSpeedKts"": 11.5, ""seaTemperatureC"": 24.79}, {""time"": ""2025-09-29T02:00:00+00:00"", ""tideMeters"": null, ""waveHeightM"": 0.62, ""windSpeedKts"": 12.7, ""seaTemperatureC"": 24.77}, {""time"": ""2025-09-29T03:00:00+00:00"", ""tideMeters"": null, ""waveHeightM"": 0.62, ""windSpeedKts"": 14, ""seaTemperatureC"": 24.73}, {""time"": ""2025-09-29T04:00:00+00:00"", ""tideMeters"": null, ""waveHeightM"": 0.62, ""windSpeedKts"": 13.2, ""seaTemperatureC"": 24.7}, {""time"": ""2025-09-29T05:00:00+00:00"", ""tideMeters"": null, ""waveHeightM"": 0.61, ""windSpeedKts"": 12.5, ""seaTemperatureC"": 24.65}, {""time"": ""2025-09-29T06:00:00+00:00"", ""tideMeters"": null, ""waveHeightM"": 0.6, ""windSpeedKts"": 11.7, ""seaTemperatureC"": 24.6}, {""time"": ""2025-09-29T07:00:00+00:00"", ""tideMeters"": null, ""waveHeightM"": 0.6, ""windSpeedKts"": 11.3, ""seaTemperatureC"": 24.55}, {""time"": ""2025-09-29T08:00:00+00:00"", ""tideMeters"": null, ""waveHeightM"": 0.59, ""windSpeedKts"": 10.9, ""seaTemperatureC"": 24.5}, {""time"": ""2025-09-29T09:00:00+00:00"", ""tideMeters"": null, ""waveHeightM"": 0.59, ""windSpeedKts"": 10.5, ""seaTemperatureC"": 24.45}, {""time"": ""2025-09-29T10:00:00+00:00"", ""tideMeters"": null, ""waveHeightM"": 0.63, ""windSpeedKts"": 12, ""seaTemperatureC"": 24.41}, {""time"": ""2025-09-29T11:00:00+00:00"", ""tideMeters"": null, ""waveHeightM"": 0.67, ""windSpeedKts"": 13.4, ""seaTemperatureC"": 24.38}, {""time"": ""2025-09-29T12:00:00+00:00"", ""tideMeters"": null, ""waveHeightM"": 0.72, ""windSpeedKts"": 14.9, ""seaTemperatureC"": 24.35}, {""time"": ""2025-09-29T13:00:00+00:00"", ""tideMeters"": null, ""waveHeightM"": 0.69, ""windSpeedKts"": 13.8, ""seaTemperatureC"": 24.32}, {""time"": ""2025-09-29T14:00:00+00:00"", ""tideMeters"": null, ""waveHeightM"": 0.67, ""windSpeedKts"": 12.7, ""seaTemperatureC"": 24.29}, {""time"": ""2025-09-29T15:00:00+00:00"", ""tideMeters"": null, ""waveHeightM"": 0.64, ""windSpeedKts"": 11.6, ""seaTemperatureC"": 24.27}, {""time"": ""2025-09-29T16:00:00+00:00"", ""tideMeters"": null, ""waveHeightM"": 0.59, ""windSpeedKts"": 10.2, ""seaTemperatureC"": 24.24}, {""time"": ""2025-09-29T17:00:00+00:00"", ""tideMeters"": null, ""waveHeightM"": 0.54, ""windSpeedKts"": 8.9, ""seaTemperatureC"": 24.23}, {""time"": ""2025-09-29T18:00:00+00:00"", ""tideMeters"": null, ""waveHeightM"": 0.49, ""windSpeedKts"": 7.5, ""seaTemperatureC"": 24.23}, {""time"": ""2025-09-29T19:00:00+00:00"", ""tideMeters"": null, ""waveHeightM"": 0.46, ""windSpeedKts"": 7, ""seaTemperatureC"": 24.24}, {""time"": ""2025-09-29T20:00:00+00:00"", ""tideMeters"": null, ""waveHeightM"": 0.43, ""windSpeedKts"": 6.6, ""seaTemperatureC"": 24.25}, {""time"": ""2025-09-29T21:00:00+00:00"", ""tideMeters"": null, ""waveHeightM"": 0.39, ""windSpeedKts"": 6.1, ""seaTemperatureC"": 24.26}, {""time"": ""2025-09-29T22:00:00+00:00"", ""tideMeters"": null, ""waveHeightM"": 0.4, ""windSpeedKts"": 6.2, ""seaTemperatureC"": 24.27}, {""time"": ""2025-09-29T23:00:00+00:00"", ""tideMeters"": null, ""waveHeightM"": 0.4, ""windSpeedKts"": 6.3, ""seaTemperatureC"": 24.27}, {""time"": ""2025-09-30T00:00:00+00:00"", ""tideMeters"": null, ""waveHeightM"": 0.41, ""windSpeedKts"": 6.4, ""seaTemperatureC"": 24.27}]","[{""label"": ""Mon, Sep 29"", ""summary"": ""Calm seas and light winds—ideal for most fishing styles."", ""dateLabel"": ""Mon, Sep 29"", ""waveHeightM"": 0.57, ""fishingScore"": 54, ""windSpeedKts"": 10.7, ""seaTemperatureC"": 24.42}, {""label"": ""Tue, Sep 30"", ""summary"": ""Calm seas and light winds—ideal for most fishing styles."", ""dateLabel"": ""Tue, Sep 30"", ""waveHeightM"": 0.41, ""fishingScore"": 57, ""windSpeedKts"": 6.4, ""seaTemperatureC"": 24.27}]",ingest:stormglass,2025-09-29 01:47:38.367835+00
37J7,dbdb9119-6cba-4611-b78e-b42cf02da377,2025-09-29 01:47:31.684+00,23.8,,,,,,1.39,16.2,209,2025-09-29 08:34:00+00,2025-09-29 00:30:00+00,"[{""time"": ""2025-09-29T01:00:00+00:00"", ""tideMeters"": null, ""waveHeightM"": 1.39, ""windSpeedKts"": 16.2, ""seaTemperatureC"": 23.8}, {""time"": ""2025-09-29T02:00:00+00:00"", ""tideMeters"": null, ""waveHeightM"": 1.48, ""windSpeedKts"": 16.3, ""seaTemperatureC"": 23.78}, {""time"": ""2025-09-29T03:00:00+00:00"", ""tideMeters"": null, ""waveHeightM"": 1.57, ""windSpeedKts"": 16.5, ""seaTemperatureC"": 23.75}, {""time"": ""2025-09-29T04:00:00+00:00"", ""tideMeters"": null, ""waveHeightM"": 1.53, ""windSpeedKts"": 15.7, ""seaTemperatureC"": 23.73}, {""time"": ""2025-09-29T05:00:00+00:00"", ""tideMeters"": null, ""waveHeightM"": 1.5, ""windSpeedKts"": 14.9, ""seaTemperatureC"": 23.71}, {""time"": ""2025-09-29T06:00:00+00:00"", ""tideMeters"": null, ""waveHeightM"": 1.47, ""windSpeedKts"": 14.2, ""seaTemperatureC"": 23.69}, {""time"": ""2025-09-29T07:00:00+00:00"", ""tideMeters"": null, ""waveHeightM"": 1.41, ""windSpeedKts"": 13.6, ""seaTemperatureC"": 23.69}, {""time"": ""2025-09-29T08:00:00+00:00"", ""tideMeters"": null, ""waveHeightM"": 1.36, ""windSpeedKts"": 13, ""seaTemperatureC"": 23.69}, {""time"": ""2025-09-29T09:00:00+00:00"", ""tideMeters"": null, ""waveHeightM"": 1.31, ""windSpeedKts"": 12.4, ""seaTemperatureC"": 23.7}, {""time"": ""2025-09-29T10:00:00+00:00"", ""tideMeters"": null, ""waveHeightM"": 1.26, ""windSpeedKts"": 10.8, ""seaTemperatureC"": 23.72}, {""time"": ""2025-09-29T11:00:00+00:00"", ""tideMeters"": null, ""waveHeightM"": 1.21, ""windSpeedKts"": 9.3, ""seaTemperatureC"": 23.76}, {""time"": ""2025-09-29T12:00:00+00:00"", ""tideMeters"": null, ""waveHeightM"": 1.17, ""windSpeedKts"": 7.8, ""seaTemperatureC"": 23.81}, {""time"": ""2025-09-29T13:00:00+00:00"", ""tideMeters"": null, ""waveHeightM"": 1.12, ""windSpeedKts"": 5.6, ""seaTemperatureC"": 23.86}, {""time"": ""2025-09-29T14:00:00+00:00"", ""tideMeters"": null, ""waveHeightM"": 1.07, ""windSpeedKts"": 3.4, ""seaTemperatureC"": 23.91}, {""time"": ""2025-09-29T15:00:00+00:00"", ""tideMeters"": null, ""waveHeightM"": 1.02, ""windSpeedKts"": 1.2, ""seaTemperatureC"": 23.93}, {""time"": ""2025-09-29T16:00:00+00:00"", ""tideMeters"": null, ""waveHeightM"": 0.96, ""windSpeedKts"": 3.2, ""seaTemperatureC"": 23.93}, {""time"": ""2025-09-29T17:00:00+00:00"", ""tideMeters"": null, ""waveHeightM"": 0.91, ""windSpeedKts"": 5.1, ""seaTemperatureC"": 23.89}, {""time"": ""2025-09-29T18:00:00+00:00"", ""tideMeters"": null, ""waveHeightM"": 0.86, ""windSpeedKts"": 7, ""seaTemperatureC"": 23.84}, {""time"": ""2025-09-29T19:00:00+00:00"", ""tideMeters"": null, ""waveHeightM"": 0.82, ""windSpeedKts"": 7.7, ""seaTemperatureC"": 23.81}, {""time"": ""2025-09-29T20:00:00+00:00"", ""tideMeters"": null, ""waveHeightM"": 0.79, ""windSpeedKts"": 8.3, ""seaTemperatureC"": 23.79}, {""time"": ""2025-09-29T21:00:00+00:00"", ""tideMeters"": null, ""waveHeightM"": 0.75, ""windSpeedKts"": 9, ""seaTemperatureC"": 23.77}, {""time"": ""2025-09-29T22:00:00+00:00"", ""tideMeters"": null, ""waveHeightM"": 0.73, ""windSpeedKts"": 6.9, ""seaTemperatureC"": 23.75}, {""time"": ""2025-09-29T23:00:00+00:00"", ""tideMeters"": null, ""waveHeightM"": 0.71, ""windSpeedKts"": 4.8, ""seaTemperatureC"": 23.74}, {""time"": ""2025-09-30T00:00:00+00:00"", ""tideMeters"": null, ""waveHeightM"": 0.69, ""windSpeedKts"": 2.7, ""seaTemperatureC"": 23.73}]","[{""label"": ""Mon, Sep 29"", ""summary"": ""Balanced marine conditions expected."", ""dateLabel"": ""Mon, Sep 29"", ""waveHeightM"": 1.15, ""fishingScore"": 52, ""windSpeedKts"": 9.7, ""seaTemperatureC"": 23.78}, {""label"": ""Tue, Sep 30"", ""summary"": ""Calm seas and light winds—ideal for most fishing styles."", ""dateLabel"": ""Tue, Sep 30"", ""waveHeightM"": 0.69, ""fishingScore"": 61, ""windSpeedKts"": 2.7, ""seaTemperatureC"": 23.73}]",ingest:stormglass,2025-09-29 01:47:39.309819+00
38E1,4070e5cd-c7ea-42ee-96af-f30474735864,2025-09-29 01:47:31.684+00,13.52,,,,,,0.94,4.1,233,2025-09-29 03:18:00+00,2025-09-29 08:58:00+00,"[{""time"": ""2025-09-29T01:00:00+00:00"", ""tideMeters"": null, ""waveHeightM"": 0.94, ""windSpeedKts"": 4.1, ""seaTemperatureC"": 13.52}, {""time"": ""2025-09-29T02:00:00+00:00"", ""tideMeters"": null, ""waveHeightM"": 0.92, ""windSpeedKts"": 3.8, ""seaTemperatureC"": 13.52}, {""time"": ""2025-09-29T03:00:00+00:00"", ""tideMeters"": null, ""waveHeightM"": 0.9, ""windSpeedKts"": 3.6, ""seaTemperatureC"": 13.51}, {""time"": ""2025-09-29T04:00:00+00:00"", ""tideMeters"": null, ""waveHeightM"": 0.87, ""windSpeedKts"": 4.8, ""seaTemperatureC"": 13.51}, {""time"": ""2025-09-29T05:00:00+00:00"", ""tideMeters"": null, ""waveHeightM"": 0.84, ""windSpeedKts"": 6, ""seaTemperatureC"": 13.51}, {""time"": ""2025-09-29T06:00:00+00:00"", ""tideMeters"": null, ""waveHeightM"": 0.81, ""windSpeedKts"": 7.2, ""seaTemperatureC"": 13.51}, {""time"": ""2025-09-29T07:00:00+00:00"", ""tideMeters"": null, ""waveHeightM"": 0.78, ""windSpeedKts"": 7.9, ""seaTemperatureC"": 13.51}, {""time"": ""2025-09-29T08:00:00+00:00"", ""tideMeters"": null, ""waveHeightM"": 0.76, ""windSpeedKts"": 8.5, ""seaTemperatureC"": 13.51}, {""time"": ""2025-09-29T09:00:00+00:00"", ""tideMeters"": null, ""waveHeightM"": 0.74, ""windSpeedKts"": 9.2, ""seaTemperatureC"": 13.52}, {""time"": ""2025-09-29T10:00:00+00:00"", ""tideMeters"": null, ""waveHeightM"": 0.73, ""windSpeedKts"": 10, ""seaTemperatureC"": 13.53}, {""time"": ""2025-09-29T11:00:00+00:00"", ""tideMeters"": null, ""waveHeightM"": 0.74, ""windSpeedKts"": 10.9, ""seaTemperatureC"": 13.53}, {""time"": ""2025-09-29T12:00:00+00:00"", ""tideMeters"": null, ""waveHeightM"": 0.74, ""windSpeedKts"": 11.8, ""seaTemperatureC"": 13.55}, {""time"": ""2025-09-29T13:00:00+00:00"", ""tideMeters"": null, ""waveHeightM"": 0.73, ""windSpeedKts"": 11.4, ""seaTemperatureC"": 13.56}, {""time"": ""2025-09-29T14:00:00+00:00"", ""tideMeters"": null, ""waveHeightM"": 0.72, ""windSpeedKts"": 11, ""seaTemperatureC"": 13.56}, {""time"": ""2025-09-29T15:00:00+00:00"", ""tideMeters"": null, ""waveHeightM"": 0.72, ""windSpeedKts"": 10.6, ""seaTemperatureC"": 13.57}, {""time"": ""2025-09-29T16:00:00+00:00"", ""tideMeters"": null, ""waveHeightM"": 0.73, ""windSpeedKts"": 12.2, ""seaTemperatureC"": 13.57}, {""time"": ""2025-09-29T17:00:00+00:00"", ""tideMeters"": null, ""waveHeightM"": 0.77, ""windSpeedKts"": 13.9, ""seaTemperatureC"": 13.57}, {""time"": ""2025-09-29T18:00:00+00:00"", ""tideMeters"": null, ""waveHeightM"": 0.85, ""windSpeedKts"": 15.6, ""seaTemperatureC"": 13.57}, {""time"": ""2025-09-29T19:00:00+00:00"", ""tideMeters"": null, ""waveHeightM"": 0.9, ""windSpeedKts"": 14.5, ""seaTemperatureC"": 13.57}, {""time"": ""2025-09-29T20:00:00+00:00"", ""tideMeters"": null, ""waveHeightM"": 0.9, ""windSpeedKts"": 13.3, ""seaTemperatureC"": 13.56}, {""time"": ""2025-09-29T21:00:00+00:00"", ""tideMeters"": null, ""waveHeightM"": 0.89, ""windSpeedKts"": 12.1, ""seaTemperatureC"": 13.56}, {""time"": ""2025-09-29T22:00:00+00:00"", ""tideMeters"": null, ""waveHeightM"": 0.89, ""windSpeedKts"": 13.4, ""seaTemperatureC"": 13.56}, {""time"": ""2025-09-29T23:00:00+00:00"", ""tideMeters"": null, ""waveHeightM"": 0.91, ""windSpeedKts"": 14.6, ""seaTemperatureC"": 13.55}, {""time"": ""2025-09-30T00:00:00+00:00"", ""tideMeters"": null, ""waveHeightM"": 0.94, ""windSpeedKts"": 15.9, ""seaTemperatureC"": 13.55}]","[{""label"": ""Mon, Sep 29"", ""summary"": ""Calm seas and light winds—ideal for most fishing styles."", ""dateLabel"": ""Mon, Sep 29"", ""waveHeightM"": 0.82, ""fishingScore"": 59, ""windSpeedKts"": 10, ""seaTemperatureC"": 13.54}, {""label"": ""Tue, Sep 30"", ""summary"": ""Balanced marine conditions expected."", ""dateLabel"": ""Tue, Sep 30"", ""waveHeightM"": 0.94, ""fishingScore"": 54, ""windSpeedKts"": 15.9, ""seaTemperatureC"": 13.55}]",ingest:stormglass,2025-09-29 01:47:40.677058+00
38F4,f3f52b4d-6f43-4307-b8b4-160c6bb0fd01,2025-09-29 01:47:31.684+00,13.55,,,,,,0.93,6.8,167,2025-09-29 11:20:00+00,2025-09-29 05:05:00+00,"[{""time"": ""2025-09-29T01:00:00+00:00"", ""tideMeters"": null, ""waveHeightM"": 0.93, ""windSpeedKts"": 6.8, ""seaTemperatureC"": 13.55}, {""time"": ""2025-09-29T02:00:00+00:00"", ""tideMeters"": null, ""waveHeightM"": 0.89, ""windSpeedKts"": 7, ""seaTemperatureC"": 13.55}, {""time"": ""2025-09-29T03:00:00+00:00"", ""tideMeters"": null, ""waveHeightM"": 0.85, ""windSpeedKts"": 7.2, ""seaTemperatureC"": 13.55}, {""time"": ""2025-09-29T04:00:00+00:00"", ""tideMeters"": null, ""waveHeightM"": 0.82, ""windSpeedKts"": 7.5, ""seaTemperatureC"": 13.55}, {""time"": ""2025-09-29T05:00:00+00:00"", ""tideMeters"": null, ""waveHeightM"": 0.8, ""windSpeedKts"": 7.8, ""seaTemperatureC"": 13.55}, {""time"": ""2025-09-29T06:00:00+00:00"", ""tideMeters"": null, ""waveHeightM"": 0.78, ""windSpeedKts"": 8, ""seaTemperatureC"": 13.55}, {""time"": ""2025-09-29T07:00:00+00:00"", ""tideMeters"": null, ""waveHeightM"": 0.77, ""windSpeedKts"": 7.8, ""seaTemperatureC"": 13.56}, {""time"": ""2025-09-29T08:00:00+00:00"", ""tideMeters"": null, ""waveHeightM"": 0.77, ""windSpeedKts"": 7.7, ""seaTemperatureC"": 13.56}, {""time"": ""2025-09-29T09:00:00+00:00"", ""tideMeters"": null, ""waveHeightM"": 0.77, ""windSpeedKts"": 7.5, ""seaTemperatureC"": 13.57}, {""time"": ""2025-09-29T10:00:00+00:00"", ""tideMeters"": null, ""waveHeightM"": 0.77, ""windSpeedKts"": 8.5, ""seaTemperatureC"": 13.57}, {""time"": ""2025-09-29T11:00:00+00:00"", ""tideMeters"": null, ""waveHeightM"": 0.76, ""windSpeedKts"": 9.4, ""seaTemperatureC"": 13.56}, {""time"": ""2025-09-29T12:00:00+00:00"", ""tideMeters"": null, ""waveHeightM"": 0.75, ""windSpeedKts"": 10.4, ""seaTemperatureC"": 13.56}, {""time"": ""2025-09-29T13:00:00+00:00"", ""tideMeters"": null, ""waveHeightM"": 0.74, ""windSpeedKts"": 9.8, ""seaTemperatureC"": 13.56}, {""time"": ""2025-09-29T14:00:00+00:00"", ""tideMeters"": null, ""waveHeightM"": 0.74, ""windSpeedKts"": 9.1, ""seaTemperatureC"": 13.56}, {""time"": ""2025-09-29T15:00:00+00:00"", ""tideMeters"": null, ""waveHeightM"": 0.73, ""windSpeedKts"": 8.5, ""seaTemperatureC"": 13.57}, {""time"": ""2025-09-29T16:00:00+00:00"", ""tideMeters"": null, ""waveHeightM"": 0.72, ""windSpeedKts"": 9.2, ""seaTemperatureC"": 13.57}, {""time"": ""2025-09-29T17:00:00+00:00"", ""tideMeters"": null, ""waveHeightM"": 0.72, ""windSpeedKts"": 9.9, ""seaTemperatureC"": 13.57}, {""time"": ""2025-09-29T18:00:00+00:00"", ""tideMeters"": null, ""waveHeightM"": 0.73, ""windSpeedKts"": 10.6, ""seaTemperatureC"": 13.57}, {""time"": ""2025-09-29T19:00:00+00:00"", ""tideMeters"": null, ""waveHeightM"": 0.73, ""windSpeedKts"": 10.7, ""seaTemperatureC"": 13.57}, {""time"": ""2025-09-29T20:00:00+00:00"", ""tideMeters"": null, ""waveHeightM"": 0.73, ""windSpeedKts"": 10.8, ""seaTemperatureC"": 13.57}, {""time"": ""2025-09-29T21:00:00+00:00"", ""tideMeters"": null, ""waveHeightM"": 0.74, ""windSpeedKts"": 11, ""seaTemperatureC"": 13.56}, {""time"": ""2025-09-29T22:00:00+00:00"", ""tideMeters"": null, ""waveHeightM"": 0.76, ""windSpeedKts"": 11.3, ""seaTemperatureC"": 13.56}, {""time"": ""2025-09-29T23:00:00+00:00"", ""tideMeters"": null, ""waveHeightM"": 0.8, ""windSpeedKts"": 11.7, ""seaTemperatureC"": 13.55}, {""time"": ""2025-09-30T00:00:00+00:00"", ""tideMeters"": null, ""waveHeightM"": 0.87, ""windSpeedKts"": 12, ""seaTemperatureC"": 13.55}]","[{""label"": ""Mon, Sep 29"", ""summary"": ""Calm seas and light winds—ideal for most fishing styles."", ""dateLabel"": ""Mon, Sep 29"", ""waveHeightM"": 0.77, ""fishingScore"": 60, ""windSpeedKts"": 9.1, ""seaTemperatureC"": 13.56}, {""label"": ""Tue, Sep 30"", ""summary"": ""Balanced marine conditions expected."", ""dateLabel"": ""Tue, Sep 30"", ""waveHeightM"": 0.87, ""fishingScore"": 58, ""windSpeedKts"": 12, ""seaTemperatureC"": 13.55}]",ingest:stormglass,2025-09-29 01:47:41.861011+00
38F5,32b89645-9b91-482f-a4cc-12bbe7899cbb,2025-09-29 01:47:31.684+00,14.14,,,,,,0.68,14.3,197,2025-09-29 10:58:00+00,2025-09-29 04:48:00+00,"[{""time"": ""2025-09-29T01:00:00+00:00"", ""tideMeters"": null, ""waveHeightM"": 0.68, ""windSpeedKts"": 14.3, ""seaTemperatureC"": 14.14}, {""time"": ""2025-09-29T02:00:00+00:00"", ""tideMeters"": null, ""waveHeightM"": 0.7, ""windSpeedKts"": 15.8, ""seaTemperatureC"": 14.14}, {""time"": ""2025-09-29T03:00:00+00:00"", ""tideMeters"": null, ""waveHeightM"": 0.76, ""windSpeedKts"": 17.2, ""seaTemperatureC"": 14.14}, {""time"": ""2025-09-29T04:00:00+00:00"", ""tideMeters"": null, ""waveHeightM"": 0.82, ""windSpeedKts"": 17.9, ""seaTemperatureC"": 14.14}, {""time"": ""2025-09-29T05:00:00+00:00"", ""tideMeters"": null, ""waveHeightM"": 0.88, ""windSpeedKts"": 18.5, ""seaTemperatureC"": 14.15}, {""time"": ""2025-09-29T06:00:00+00:00"", ""tideMeters"": null, ""waveHeightM"": 0.93, ""windSpeedKts"": 19.1, ""seaTemperatureC"": 14.14}, {""time"": ""2025-09-29T07:00:00+00:00"", ""tideMeters"": null, ""waveHeightM"": 0.99, ""windSpeedKts"": 19.6, ""seaTemperatureC"": 14.14}, {""time"": ""2025-09-29T08:00:00+00:00"", ""tideMeters"": null, ""waveHeightM"": 1.04, ""windSpeedKts"": 20.1, ""seaTemperatureC"": 14.14}, {""time"": ""2025-09-29T09:00:00+00:00"", ""tideMeters"": null, ""waveHeightM"": 1.09, ""windSpeedKts"": 20.5, ""seaTemperatureC"": 14.14}, {""time"": ""2025-09-29T10:00:00+00:00"", ""tideMeters"": null, ""waveHeightM"": 1.14, ""windSpeedKts"": 21.1, ""seaTemperatureC"": 14.14}, {""time"": ""2025-09-29T11:00:00+00:00"", ""tideMeters"": null, ""waveHeightM"": 1.18, ""windSpeedKts"": 21.7, ""seaTemperatureC"": 14.15}, {""time"": ""2025-09-29T12:00:00+00:00"", ""tideMeters"": null, ""waveHeightM"": 1.22, ""windSpeedKts"": 22.2, ""seaTemperatureC"": 14.15}, {""time"": ""2025-09-29T13:00:00+00:00"", ""tideMeters"": null, ""waveHeightM"": 1.25, ""windSpeedKts"": 22.5, ""seaTemperatureC"": 14.15}, {""time"": ""2025-09-29T14:00:00+00:00"", ""tideMeters"": null, ""waveHeightM"": 1.28, ""windSpeedKts"": 22.8, ""seaTemperatureC"": 14.14}, {""time"": ""2025-09-29T15:00:00+00:00"", ""tideMeters"": null, ""waveHeightM"": 1.32, ""windSpeedKts"": 23, ""seaTemperatureC"": 14.14}, {""time"": ""2025-09-29T16:00:00+00:00"", ""tideMeters"": null, ""waveHeightM"": 1.34, ""windSpeedKts"": 22.7, ""seaTemperatureC"": 14.14}, {""time"": ""2025-09-29T17:00:00+00:00"", ""tideMeters"": null, ""waveHeightM"": 1.34, ""windSpeedKts"": 22.4, ""seaTemperatureC"": 14.14}, {""time"": ""2025-09-29T18:00:00+00:00"", ""tideMeters"": null, ""waveHeightM"": 1.34, ""windSpeedKts"": 22, ""seaTemperatureC"": 14.14}, {""time"": ""2025-09-29T19:00:00+00:00"", ""tideMeters"": null, ""waveHeightM"": 1.37, ""windSpeedKts"": 22.8, ""seaTemperatureC"": 14.14}, {""time"": ""2025-09-29T20:00:00+00:00"", ""tideMeters"": null, ""waveHeightM"": 1.44, ""windSpeedKts"": 23.5, ""seaTemperatureC"": 14.13}, {""time"": ""2025-09-29T21:00:00+00:00"", ""tideMeters"": null, ""waveHeightM"": 1.53, ""windSpeedKts"": 24.2, ""seaTemperatureC"": 14.13}, {""time"": ""2025-09-29T22:00:00+00:00"", ""tideMeters"": null, ""waveHeightM"": 1.59, ""windSpeedKts"": 24.7, ""seaTemperatureC"": 14.13}, {""time"": ""2025-09-29T23:00:00+00:00"", ""tideMeters"": null, ""waveHeightM"": 1.64, ""windSpeedKts"": 25.1, ""seaTemperatureC"": 14.13}, {""time"": ""2025-09-30T00:00:00+00:00"", ""tideMeters"": null, ""waveHeightM"": 1.69, ""windSpeedKts"": 25.5, ""seaTemperatureC"": 14.13}]","[{""label"": ""Mon, Sep 29"", ""summary"": ""Fresh breeze may limit light setups—seek sheltered spots."", ""dateLabel"": ""Mon, Sep 29"", ""waveHeightM"": 1.17, ""fishingScore"": 40, ""windSpeedKts"": 21, ""seaTemperatureC"": 14.14}, {""label"": ""Tue, Sep 30"", ""summary"": ""Fresh breeze may limit light setups—seek sheltered spots."", ""dateLabel"": ""Tue, Sep 30"", ""waveHeightM"": 1.69, ""fishingScore"": 20, ""windSpeedKts"": 25.5, ""seaTemperatureC"": 14.13}]",ingest:stormglass,2025-09-29 01:47:42.874171+00
38J8,4ac72d7e-f6f2-4af9-a987-26f5ccdab45a,2025-09-29 01:47:31.684+00,22.93,,,,,,0.96,12.4,205,2025-09-29 14:39:00+00,2025-09-29 04:03:00+00,"[{""time"": ""2025-09-29T01:00:00+00:00"", ""tideMeters"": null, ""waveHeightM"": 0.96, ""windSpeedKts"": 12.4, ""seaTemperatureC"": 22.93}, {""time"": ""2025-09-29T02:00:00+00:00"", ""tideMeters"": null, ""waveHeightM"": 1.03, ""windSpeedKts"": 12.9, ""seaTemperatureC"": 22.92}, {""time"": ""2025-09-29T03:00:00+00:00"", ""tideMeters"": null, ""waveHeightM"": 1.11, ""windSpeedKts"": 13.5, ""seaTemperatureC"": 22.92}, {""time"": ""2025-09-29T04:00:00+00:00"", ""tideMeters"": null, ""waveHeightM"": 1.19, ""windSpeedKts"": 13.4, ""seaTemperatureC"": 22.91}, {""time"": ""2025-09-29T05:00:00+00:00"", ""tideMeters"": null, ""waveHeightM"": 1.27, ""windSpeedKts"": 13.3, ""seaTemperatureC"": 22.91}, {""time"": ""2025-09-29T06:00:00+00:00"", ""tideMeters"": null, ""waveHeightM"": 1.36, ""windSpeedKts"": 13.3, ""seaTemperatureC"": 22.92}, {""time"": ""2025-09-29T07:00:00+00:00"", ""tideMeters"": null, ""waveHeightM"": 1.34, ""windSpeedKts"": 13, ""seaTemperatureC"": 22.93}, {""time"": ""2025-09-29T08:00:00+00:00"", ""tideMeters"": null, ""waveHeightM"": 1.33, ""windSpeedKts"": 12.7, ""seaTemperatureC"": 22.96}, {""time"": ""2025-09-29T09:00:00+00:00"", ""tideMeters"": null, ""waveHeightM"": 1.32, ""windSpeedKts"": 12.4, ""seaTemperatureC"": 22.99}, {""time"": ""2025-09-29T10:00:00+00:00"", ""tideMeters"": null, ""waveHeightM"": 1.26, ""windSpeedKts"": 11.4, ""seaTemperatureC"": 23.03}, {""time"": ""2025-09-29T11:00:00+00:00"", ""tideMeters"": null, ""waveHeightM"": 1.21, ""windSpeedKts"": 10.4, ""seaTemperatureC"": 23.08}, {""time"": ""2025-09-29T12:00:00+00:00"", ""tideMeters"": null, ""waveHeightM"": 1.16, ""windSpeedKts"": 9.3, ""seaTemperatureC"": 23.14}, {""time"": ""2025-09-29T13:00:00+00:00"", ""tideMeters"": null, ""waveHeightM"": 1.12, ""windSpeedKts"": 6.9, ""seaTemperatureC"": 23.22}, {""time"": ""2025-09-29T14:00:00+00:00"", ""tideMeters"": null, ""waveHeightM"": 1.08, ""windSpeedKts"": 4.5, ""seaTemperatureC"": 23.32}, {""time"": ""2025-09-29T15:00:00+00:00"", ""tideMeters"": null, ""waveHeightM"": 1.03, ""windSpeedKts"": 2.1, ""seaTemperatureC"": 23.4}, {""time"": ""2025-09-29T16:00:00+00:00"", ""tideMeters"": null, ""waveHeightM"": 1, ""windSpeedKts"": 4.9, ""seaTemperatureC"": 23.41}, {""time"": ""2025-09-29T17:00:00+00:00"", ""tideMeters"": null, ""waveHeightM"": 0.97, ""windSpeedKts"": 7.6, ""seaTemperatureC"": 23.34}, {""time"": ""2025-09-29T18:00:00+00:00"", ""tideMeters"": null, ""waveHeightM"": 0.93, ""windSpeedKts"": 10.4, ""seaTemperatureC"": 23.27}, {""time"": ""2025-09-29T19:00:00+00:00"", ""tideMeters"": null, ""waveHeightM"": 0.91, ""windSpeedKts"": 10.5, ""seaTemperatureC"": 23.21}, {""time"": ""2025-09-29T20:00:00+00:00"", ""tideMeters"": null, ""waveHeightM"": 0.89, ""windSpeedKts"": 10.7, ""seaTemperatureC"": 23.16}, {""time"": ""2025-09-29T21:00:00+00:00"", ""tideMeters"": null, ""waveHeightM"": 0.87, ""windSpeedKts"": 10.8, ""seaTemperatureC"": 23.12}, {""time"": ""2025-09-29T22:00:00+00:00"", ""tideMeters"": null, ""waveHeightM"": 0.84, ""windSpeedKts"": 9.6, ""seaTemperatureC"": 23.09}, {""time"": ""2025-09-29T23:00:00+00:00"", ""tideMeters"": null, ""waveHeightM"": 0.81, ""windSpeedKts"": 8.4, ""seaTemperatureC"": 23.06}, {""time"": ""2025-09-30T00:00:00+00:00"", ""tideMeters"": null, ""waveHeightM"": 0.78, ""windSpeedKts"": 7.2, ""seaTemperatureC"": 23.05}]","[{""label"": ""Mon, Sep 29"", ""summary"": ""Balanced marine conditions expected."", ""dateLabel"": ""Mon, Sep 29"", ""waveHeightM"": 1.09, ""fishingScore"": 53, ""windSpeedKts"": 10.2, ""seaTemperatureC"": 23.1}, {""label"": ""Tue, Sep 30"", ""summary"": ""Calm seas and light winds—ideal for most fishing styles."", ""dateLabel"": ""Tue, Sep 30"", ""waveHeightM"": 0.78, ""fishingScore"": 59, ""windSpeedKts"": 7.2, ""seaTemperatureC"": 23.05}]",ingest:stormglass,2025-09-29 01:47:43.992946+00
39E1,c53df8a1-c0d7-4111-b56a-b1fc6fdf1831,2025-09-29 01:47:31.684+00,13.54,,,,,,0.03,3.8,223,2025-09-29 03:18:00+00,2025-09-29 08:58:00+00,"[{""time"": ""2025-09-29T01:00:00+00:00"", ""tideMeters"": null, ""waveHeightM"": 0.03, ""windSpeedKts"": 3.8, ""seaTemperatureC"": 13.54}, {""time"": ""2025-09-29T02:00:00+00:00"", ""tideMeters"": null, ""waveHeightM"": 0.03, ""windSpeedKts"": 4.2, ""seaTemperatureC"": 13.54}, {""time"": ""2025-09-29T03:00:00+00:00"", ""tideMeters"": null, ""waveHeightM"": 0.03, ""windSpeedKts"": 4.5, ""seaTemperatureC"": 13.54}, {""time"": ""2025-09-29T04:00:00+00:00"", ""tideMeters"": null, ""waveHeightM"": 0.03, ""windSpeedKts"": 4.8, ""seaTemperatureC"": 13.54}, {""time"": ""2025-09-29T05:00:00+00:00"", ""tideMeters"": null, ""waveHeightM"": 0.03, ""windSpeedKts"": 5.1, ""seaTemperatureC"": 13.54}, {""time"": ""2025-09-29T06:00:00+00:00"", ""tideMeters"": null, ""waveHeightM"": 0.03, ""windSpeedKts"": 5.4, ""seaTemperatureC"": 13.53}, {""time"": ""2025-09-29T07:00:00+00:00"", ""tideMeters"": null, ""waveHeightM"": 0.03, ""windSpeedKts"": 6.5, ""seaTemperatureC"": 13.55}, {""time"": ""2025-09-29T08:00:00+00:00"", ""tideMeters"": null, ""waveHeightM"": 0.03, ""windSpeedKts"": 7.6, ""seaTemperatureC"": 13.55}, {""time"": ""2025-09-29T09:00:00+00:00"", ""tideMeters"": null, ""waveHeightM"": 0.03, ""windSpeedKts"": 8.7, ""seaTemperatureC"": 13.54}, {""time"": ""2025-09-29T10:00:00+00:00"", ""tideMeters"": null, ""waveHeightM"": 0.03, ""windSpeedKts"": 9.9, ""seaTemperatureC"": 13.53}, {""time"": ""2025-09-29T11:00:00+00:00"", ""tideMeters"": null, ""waveHeightM"": 0.03, ""windSpeedKts"": 11.2, ""seaTemperatureC"": 13.53}, {""time"": ""2025-09-29T12:00:00+00:00"", ""tideMeters"": null, ""waveHeightM"": 0.04, ""windSpeedKts"": 12.5, ""seaTemperatureC"": 13.54}, {""time"": ""2025-09-29T13:00:00+00:00"", ""tideMeters"": null, ""waveHeightM"": 0.04, ""windSpeedKts"": 12.4, ""seaTemperatureC"": 13.54}, {""time"": ""2025-09-29T14:00:00+00:00"", ""tideMeters"": null, ""waveHeightM"": 0.04, ""windSpeedKts"": 12.4, ""seaTemperatureC"": 13.54}, {""time"": ""2025-09-29T15:00:00+00:00"", ""tideMeters"": null, ""waveHeightM"": 0.04, ""windSpeedKts"": 12.4, ""seaTemperatureC"": 13.55}, {""time"": ""2025-09-29T16:00:00+00:00"", ""tideMeters"": null, ""waveHeightM"": 0.04, ""windSpeedKts"": 12, ""seaTemperatureC"": 13.55}, {""time"": ""2025-09-29T17:00:00+00:00"", ""tideMeters"": null, ""waveHeightM"": 0.04, ""windSpeedKts"": 11.6, ""seaTemperatureC"": 13.54}, {""time"": ""2025-09-29T18:00:00+00:00"", ""tideMeters"": null, ""waveHeightM"": 0.04, ""windSpeedKts"": 11.2, ""seaTemperatureC"": 13.54}, {""time"": ""2025-09-29T19:00:00+00:00"", ""tideMeters"": null, ""waveHeightM"": 0.04, ""windSpeedKts"": 10.8, ""seaTemperatureC"": 13.54}, {""time"": ""2025-09-29T20:00:00+00:00"", ""tideMeters"": null, ""waveHeightM"": 0.04, ""windSpeedKts"": 10.5, ""seaTemperatureC"": 13.55}, {""time"": ""2025-09-29T21:00:00+00:00"", ""tideMeters"": null, ""waveHeightM"": 0.03, ""windSpeedKts"": 10.1, ""seaTemperatureC"": 13.55}, {""time"": ""2025-09-29T22:00:00+00:00"", ""tideMeters"": null, ""waveHeightM"": 0.03, ""windSpeedKts"": 10.7, ""seaTemperatureC"": 13.54}, {""time"": ""2025-09-29T23:00:00+00:00"", ""tideMeters"": null, ""waveHeightM"": 0.04, ""windSpeedKts"": 11.3, ""seaTemperatureC"": 13.53}, {""time"": ""2025-09-30T00:00:00+00:00"", ""tideMeters"": null, ""waveHeightM"": 0.04, ""windSpeedKts"": 11.8, ""seaTemperatureC"": 13.53}]","[{""label"": ""Mon, Sep 29"", ""summary"": ""Calm seas and light winds—ideal for most fishing styles."", ""dateLabel"": ""Mon, Sep 29"", ""waveHeightM"": 0.03, ""fishingScore"": 74, ""windSpeedKts"": 9.1, ""seaTemperatureC"": 13.54}, {""label"": ""Tue, Sep 30"", ""summary"": ""Calm seas and light winds—ideal for most fishing styles."", ""dateLabel"": ""Tue, Sep 30"", ""waveHeightM"": 0.04, ""fishingScore"": 74, ""windSpeedKts"": 11.8, ""seaTemperatureC"": 13.53}]",ingest:stormglass,2025-09-29 01:47:45.198839+00
39F3,46c6dc49-d5de-464a-b0f8-190b94545ce3,2025-09-29 01:47:31.684+00,13.44,,,,,,1.25,8.7,206,2025-09-29 03:18:00+00,2025-09-29 08:58:00+00,"[{""time"": ""2025-09-29T01:00:00+00:00"", ""tideMeters"": null, ""waveHeightM"": 1.25, ""windSpeedKts"": 8.7, ""seaTemperatureC"": 13.44}, {""time"": ""2025-09-29T02:00:00+00:00"", ""tideMeters"": null, ""waveHeightM"": 1.19, ""windSpeedKts"": 9.2, ""seaTemperatureC"": 13.44}, {""time"": ""2025-09-29T03:00:00+00:00"", ""tideMeters"": null, ""waveHeightM"": 1.13, ""windSpeedKts"": 9.7, ""seaTemperatureC"": 13.44}, {""time"": ""2025-09-29T04:00:00+00:00"", ""tideMeters"": null, ""waveHeightM"": 1.08, ""windSpeedKts"": 10.5, ""seaTemperatureC"": 13.44}, {""time"": ""2025-09-29T05:00:00+00:00"", ""tideMeters"": null, ""waveHeightM"": 1.04, ""windSpeedKts"": 11.3, ""seaTemperatureC"": 13.44}, {""time"": ""2025-09-29T06:00:00+00:00"", ""tideMeters"": null, ""waveHeightM"": 1.01, ""windSpeedKts"": 12.1, ""seaTemperatureC"": 13.45}, {""time"": ""2025-09-29T07:00:00+00:00"", ""tideMeters"": null, ""waveHeightM"": 1, ""windSpeedKts"": 12.2, ""seaTemperatureC"": 13.46}, {""time"": ""2025-09-29T08:00:00+00:00"", ""tideMeters"": null, ""waveHeightM"": 0.99, ""windSpeedKts"": 12.4, ""seaTemperatureC"": 13.46}, {""time"": ""2025-09-29T09:00:00+00:00"", ""tideMeters"": null, ""waveHeightM"": 1, ""windSpeedKts"": 12.5, ""seaTemperatureC"": 13.45}, {""time"": ""2025-09-29T10:00:00+00:00"", ""tideMeters"": null, ""waveHeightM"": 1.01, ""windSpeedKts"": 12.7, ""seaTemperatureC"": 13.45}, {""time"": ""2025-09-29T11:00:00+00:00"", ""tideMeters"": null, ""waveHeightM"": 1.03, ""windSpeedKts"": 13, ""seaTemperatureC"": 13.45}, {""time"": ""2025-09-29T12:00:00+00:00"", ""tideMeters"": null, ""waveHeightM"": 1.05, ""windSpeedKts"": 13.2, ""seaTemperatureC"": 13.46}, {""time"": ""2025-09-29T13:00:00+00:00"", ""tideMeters"": null, ""waveHeightM"": 1.06, ""windSpeedKts"": 12.9, ""seaTemperatureC"": 13.46}, {""time"": ""2025-09-29T14:00:00+00:00"", ""tideMeters"": null, ""waveHeightM"": 1.05, ""windSpeedKts"": 12.5, ""seaTemperatureC"": 13.46}, {""time"": ""2025-09-29T15:00:00+00:00"", ""tideMeters"": null, ""waveHeightM"": 1.03, ""windSpeedKts"": 12.1, ""seaTemperatureC"": 13.46}, {""time"": ""2025-09-29T16:00:00+00:00"", ""tideMeters"": null, ""waveHeightM"": 1.01, ""windSpeedKts"": 13.5, ""seaTemperatureC"": 13.46}, {""time"": ""2025-09-29T17:00:00+00:00"", ""tideMeters"": null, ""waveHeightM"": 1, ""windSpeedKts"": 14.9, ""seaTemperatureC"": 13.46}, {""time"": ""2025-09-29T18:00:00+00:00"", ""tideMeters"": null, ""waveHeightM"": 1.02, ""windSpeedKts"": 16.2, ""seaTemperatureC"": 13.46}, {""time"": ""2025-09-29T19:00:00+00:00"", ""tideMeters"": null, ""waveHeightM"": 1.03, ""windSpeedKts"": 16.3, ""seaTemperatureC"": 13.46}, {""time"": ""2025-09-29T20:00:00+00:00"", ""tideMeters"": null, ""waveHeightM"": 1.06, ""windSpeedKts"": 16.5, ""seaTemperatureC"": 13.46}, {""time"": ""2025-09-29T21:00:00+00:00"", ""tideMeters"": null, ""waveHeightM"": 1.09, ""windSpeedKts"": 16.6, ""seaTemperatureC"": 13.46}, {""time"": ""2025-09-29T22:00:00+00:00"", ""tideMeters"": null, ""waveHeightM"": 1.13, ""windSpeedKts"": 16.5, ""seaTemperatureC"": 13.45}, {""time"": ""2025-09-29T23:00:00+00:00"", ""tideMeters"": null, ""waveHeightM"": 1.18, ""windSpeedKts"": 16.4, ""seaTemperatureC"": 13.45}, {""time"": ""2025-09-30T00:00:00+00:00"", ""tideMeters"": null, ""waveHeightM"": 1.23, ""windSpeedKts"": 16.3, ""seaTemperatureC"": 13.45}]","[{""label"": ""Mon, Sep 29"", ""summary"": ""Balanced marine conditions expected."", ""dateLabel"": ""Mon, Sep 29"", ""waveHeightM"": 1.06, ""fishingScore"": 54, ""windSpeedKts"": 13.1, ""seaTemperatureC"": 13.45}, {""label"": ""Tue, Sep 30"", ""summary"": ""Balanced marine conditions expected."", ""dateLabel"": ""Tue, Sep 30"", ""waveHeightM"": 1.23, ""fishingScore"": 48, ""windSpeedKts"": 16.3, ""seaTemperatureC"": 13.45}]",ingest:stormglass,2025-09-29 01:47:46.143297+00
39F4,129890df-ec9f-4eb8-9e74-e048e60bbc6f,2025-09-29 01:47:31.684+00,13.35,,,,,,1.25,12.3,203,2025-09-29 11:20:00+00,2025-09-29 05:05:00+00,"[{""time"": ""2025-09-29T01:00:00+00:00"", ""tideMeters"": null, ""waveHeightM"": 1.25, ""windSpeedKts"": 12.3, ""seaTemperatureC"": 13.35}, {""time"": ""2025-09-29T02:00:00+00:00"", ""tideMeters"": null, ""waveHeightM"": 1.22, ""windSpeedKts"": 13.4, ""seaTemperatureC"": 13.34}, {""time"": ""2025-09-29T03:00:00+00:00"", ""tideMeters"": null, ""waveHeightM"": 1.21, ""windSpeedKts"": 14.5, ""seaTemperatureC"": 13.34}, {""time"": ""2025-09-29T04:00:00+00:00"", ""tideMeters"": null, ""waveHeightM"": 1.21, ""windSpeedKts"": 14.5, ""seaTemperatureC"": 13.34}, {""time"": ""2025-09-29T05:00:00+00:00"", ""tideMeters"": null, ""waveHeightM"": 1.21, ""windSpeedKts"": 14.6, ""seaTemperatureC"": 13.34}, {""time"": ""2025-09-29T06:00:00+00:00"", ""tideMeters"": null, ""waveHeightM"": 1.21, ""windSpeedKts"": 14.6, ""seaTemperatureC"": 13.34}, {""time"": ""2025-09-29T07:00:00+00:00"", ""tideMeters"": null, ""waveHeightM"": 1.22, ""windSpeedKts"": 14.8, ""seaTemperatureC"": 13.34}, {""time"": ""2025-09-29T08:00:00+00:00"", ""tideMeters"": null, ""waveHeightM"": 1.23, ""windSpeedKts"": 15, ""seaTemperatureC"": 13.35}, {""time"": ""2025-09-29T09:00:00+00:00"", ""tideMeters"": null, ""waveHeightM"": 1.25, ""windSpeedKts"": 15.1, ""seaTemperatureC"": 13.35}, {""time"": ""2025-09-29T10:00:00+00:00"", ""tideMeters"": null, ""waveHeightM"": 1.27, ""windSpeedKts"": 15.1, ""seaTemperatureC"": 13.35}, {""time"": ""2025-09-29T11:00:00+00:00"", ""tideMeters"": null, ""waveHeightM"": 1.29, ""windSpeedKts"": 15.1, ""seaTemperatureC"": 13.35}, {""time"": ""2025-09-29T12:00:00+00:00"", ""tideMeters"": null, ""waveHeightM"": 1.3, ""windSpeedKts"": 15.1, ""seaTemperatureC"": 13.35}, {""time"": ""2025-09-29T13:00:00+00:00"", ""tideMeters"": null, ""waveHeightM"": 1.32, ""windSpeedKts"": 15.3, ""seaTemperatureC"": 13.35}, {""time"": ""2025-09-29T14:00:00+00:00"", ""tideMeters"": null, ""waveHeightM"": 1.34, ""windSpeedKts"": 15.6, ""seaTemperatureC"": 13.36}, {""time"": ""2025-09-29T15:00:00+00:00"", ""tideMeters"": null, ""waveHeightM"": 1.35, ""windSpeedKts"": 15.8, ""seaTemperatureC"": 13.36}, {""time"": ""2025-09-29T16:00:00+00:00"", ""tideMeters"": null, ""waveHeightM"": 1.36, ""windSpeedKts"": 16.2, ""seaTemperatureC"": 13.36}, {""time"": ""2025-09-29T17:00:00+00:00"", ""tideMeters"": null, ""waveHeightM"": 1.37, ""windSpeedKts"": 16.7, ""seaTemperatureC"": 13.36}, {""time"": ""2025-09-29T18:00:00+00:00"", ""tideMeters"": null, ""waveHeightM"": 1.39, ""windSpeedKts"": 17.1, ""seaTemperatureC"": 13.37}, {""time"": ""2025-09-29T19:00:00+00:00"", ""tideMeters"": null, ""waveHeightM"": 1.42, ""windSpeedKts"": 17, ""seaTemperatureC"": 13.37}, {""time"": ""2025-09-29T20:00:00+00:00"", ""tideMeters"": null, ""waveHeightM"": 1.46, ""windSpeedKts"": 16.8, ""seaTemperatureC"": 13.37}, {""time"": ""2025-09-29T21:00:00+00:00"", ""tideMeters"": null, ""waveHeightM"": 1.5, ""windSpeedKts"": 16.7, ""seaTemperatureC"": 13.37}, {""time"": ""2025-09-29T22:00:00+00:00"", ""tideMeters"": null, ""waveHeightM"": 1.56, ""windSpeedKts"": 16.5, ""seaTemperatureC"": 13.37}, {""time"": ""2025-09-29T23:00:00+00:00"", ""tideMeters"": null, ""waveHeightM"": 1.63, ""windSpeedKts"": 16.2, ""seaTemperatureC"": 13.37}, {""time"": ""2025-09-30T00:00:00+00:00"", ""tideMeters"": null, ""waveHeightM"": 1.72, ""windSpeedKts"": 16, ""seaTemperatureC"": 13.37}]","[{""label"": ""Mon, Sep 29"", ""summary"": ""Balanced marine conditions expected."", ""dateLabel"": ""Mon, Sep 29"", ""waveHeightM"": 1.33, ""fishingScore"": 48, ""windSpeedKts"": 15.4, ""seaTemperatureC"": 13.35}, {""label"": ""Tue, Sep 30"", ""summary"": ""Balanced marine conditions expected."", ""dateLabel"": ""Tue, Sep 30"", ""waveHeightM"": 1.72, ""fishingScore"": 39, ""windSpeedKts"": 16, ""seaTemperatureC"": 13.37}]",ingest:stormglass,2025-09-29 01:47:47.151397+00
39K0,5e31de51-f64c-4476-ae9a-ee9e8084fa39,2025-09-29 01:47:31.684+00,23.16,,,,,,0.16,3.1,293,2025-09-29 12:26:00+00,2025-09-29 05:28:00+00,"[{""time"": ""2025-09-29T01:00:00+00:00"", ""tideMeters"": null, ""waveHeightM"": 0.16, ""windSpeedKts"": 3.1, ""seaTemperatureC"": 23.16}, {""time"": ""2025-09-29T02:00:00+00:00"", ""tideMeters"": null, ""waveHeightM"": 0.15, ""windSpeedKts"": 3, ""seaTemperatureC"": 23.15}, {""time"": ""2025-09-29T03:00:00+00:00"", ""tideMeters"": null, ""waveHeightM"": 0.15, ""windSpeedKts"": 2.9, ""seaTemperatureC"": 23.14}, {""time"": ""2025-09-29T04:00:00+00:00"", ""tideMeters"": null, ""waveHeightM"": 0.14, ""windSpeedKts"": 2.6, ""seaTemperatureC"": 23.13}, {""time"": ""2025-09-29T05:00:00+00:00"", ""tideMeters"": null, ""waveHeightM"": 0.13, ""windSpeedKts"": 2.4, ""seaTemperatureC"": 23.12}, {""time"": ""2025-09-29T06:00:00+00:00"", ""tideMeters"": null, ""waveHeightM"": 0.13, ""windSpeedKts"": 2.2, ""seaTemperatureC"": 23.11}, {""time"": ""2025-09-29T07:00:00+00:00"", ""tideMeters"": null, ""waveHeightM"": 0.12, ""windSpeedKts"": 2.1, ""seaTemperatureC"": 23.11}, {""time"": ""2025-09-29T08:00:00+00:00"", ""tideMeters"": null, ""waveHeightM"": 0.12, ""windSpeedKts"": 2.1, ""seaTemperatureC"": 23.12}, {""time"": ""2025-09-29T09:00:00+00:00"", ""tideMeters"": null, ""waveHeightM"": 0.11, ""windSpeedKts"": 2, ""seaTemperatureC"": 23.16}, {""time"": ""2025-09-29T10:00:00+00:00"", ""tideMeters"": null, ""waveHeightM"": 0.13, ""windSpeedKts"": 3.6, ""seaTemperatureC"": 23.2}, {""time"": ""2025-09-29T11:00:00+00:00"", ""tideMeters"": null, ""waveHeightM"": 0.15, ""windSpeedKts"": 5.2, ""seaTemperatureC"": 23.24}, {""time"": ""2025-09-29T12:00:00+00:00"", ""tideMeters"": null, ""waveHeightM"": 0.17, ""windSpeedKts"": 6.8, ""seaTemperatureC"": 23.26}, {""time"": ""2025-09-29T13:00:00+00:00"", ""tideMeters"": null, ""waveHeightM"": 0.21, ""windSpeedKts"": 7.5, ""seaTemperatureC"": 23.26}, {""time"": ""2025-09-29T14:00:00+00:00"", ""tideMeters"": null, ""waveHeightM"": 0.24, ""windSpeedKts"": 8.1, ""seaTemperatureC"": 23.26}, {""time"": ""2025-09-29T15:00:00+00:00"", ""tideMeters"": null, ""waveHeightM"": 0.28, ""windSpeedKts"": 8.7, ""seaTemperatureC"": 23.24}, {""time"": ""2025-09-29T16:00:00+00:00"", ""tideMeters"": null, ""waveHeightM"": 0.28, ""windSpeedKts"": 6.4, ""seaTemperatureC"": 23.21}, {""time"": ""2025-09-29T17:00:00+00:00"", ""tideMeters"": null, ""waveHeightM"": 0.29, ""windSpeedKts"": 4.1, ""seaTemperatureC"": 23.19}, {""time"": ""2025-09-29T18:00:00+00:00"", ""tideMeters"": null, ""waveHeightM"": 0.29, ""windSpeedKts"": 1.8, ""seaTemperatureC"": 23.18}, {""time"": ""2025-09-29T19:00:00+00:00"", ""tideMeters"": null, ""waveHeightM"": 0.28, ""windSpeedKts"": 1.5, ""seaTemperatureC"": 23.17}, {""time"": ""2025-09-29T20:00:00+00:00"", ""tideMeters"": null, ""waveHeightM"": 0.26, ""windSpeedKts"": 1.3, ""seaTemperatureC"": 23.16}, {""time"": ""2025-09-29T21:00:00+00:00"", ""tideMeters"": null, ""waveHeightM"": 0.25, ""windSpeedKts"": 1.1, ""seaTemperatureC"": 23.14}, {""time"": ""2025-09-29T22:00:00+00:00"", ""tideMeters"": null, ""waveHeightM"": 0.24, ""windSpeedKts"": 2, ""seaTemperatureC"": 23.13}, {""time"": ""2025-09-29T23:00:00+00:00"", ""tideMeters"": null, ""waveHeightM"": 0.22, ""windSpeedKts"": 2.9, ""seaTemperatureC"": 23.12}, {""time"": ""2025-09-30T00:00:00+00:00"", ""tideMeters"": null, ""waveHeightM"": 0.21, ""windSpeedKts"": 3.8, ""seaTemperatureC"": 23.1}]","[{""label"": ""Mon, Sep 29"", ""summary"": ""Calm seas and light winds—ideal for most fishing styles."", ""dateLabel"": ""Mon, Sep 29"", ""waveHeightM"": 0.2, ""fishingScore"": 71, ""windSpeedKts"": 3.6, ""seaTemperatureC"": 23.17}, {""label"": ""Tue, Sep 30"", ""summary"": ""Calm seas and light winds—ideal for most fishing styles."", ""dateLabel"": ""Tue, Sep 30"", ""waveHeightM"": 0.21, ""fishingScore"": 71, ""windSpeedKts"": 3.8, ""seaTemperatureC"": 23.1}]",ingest:stormglass,2025-09-29 01:47:48.026513+00
39K1,cc38225f-cb3e-441d-8f7c-b1162288061f,2025-09-29 01:47:31.684+00,21.05,,,,,,0.27,3.9,287,2025-09-29 13:01:00+00,2025-09-29 05:57:00+00,"[{""time"": ""2025-09-29T01:00:00+00:00"", ""tideMeters"": null, ""waveHeightM"": 0.27, ""windSpeedKts"": 3.9, ""seaTemperatureC"": 21.05}, {""time"": ""2025-09-29T02:00:00+00:00"", ""tideMeters"": null, ""waveHeightM"": 0.24, ""windSpeedKts"": 2.9, ""seaTemperatureC"": 21.03}, {""time"": ""2025-09-29T03:00:00+00:00"", ""tideMeters"": null, ""waveHeightM"": 0.22, ""windSpeedKts"": 1.9, ""seaTemperatureC"": 21.01}, {""time"": ""2025-09-29T04:00:00+00:00"", ""tideMeters"": null, ""waveHeightM"": 0.21, ""windSpeedKts"": 2.4, ""seaTemperatureC"": 20.98}, {""time"": ""2025-09-29T05:00:00+00:00"", ""tideMeters"": null, ""waveHeightM"": 0.19, ""windSpeedKts"": 2.9, ""seaTemperatureC"": 20.96}, {""time"": ""2025-09-29T06:00:00+00:00"", ""tideMeters"": null, ""waveHeightM"": 0.18, ""windSpeedKts"": 3.4, ""seaTemperatureC"": 20.94}, {""time"": ""2025-09-29T07:00:00+00:00"", ""tideMeters"": null, ""waveHeightM"": 0.17, ""windSpeedKts"": 3.8, ""seaTemperatureC"": 20.93}, {""time"": ""2025-09-29T08:00:00+00:00"", ""tideMeters"": null, ""waveHeightM"": 0.17, ""windSpeedKts"": 4.2, ""seaTemperatureC"": 20.95}, {""time"": ""2025-09-29T09:00:00+00:00"", ""tideMeters"": null, ""waveHeightM"": 0.17, ""windSpeedKts"": 4.6, ""seaTemperatureC"": 20.99}, {""time"": ""2025-09-29T10:00:00+00:00"", ""tideMeters"": null, ""waveHeightM"": 0.18, ""windSpeedKts"": 5.3, ""seaTemperatureC"": 21.05}, {""time"": ""2025-09-29T11:00:00+00:00"", ""tideMeters"": null, ""waveHeightM"": 0.19, ""windSpeedKts"": 6, ""seaTemperatureC"": 21.11}, {""time"": ""2025-09-29T12:00:00+00:00"", ""tideMeters"": null, ""waveHeightM"": 0.2, ""windSpeedKts"": 6.7, ""seaTemperatureC"": 21.16}, {""time"": ""2025-09-29T13:00:00+00:00"", ""tideMeters"": null, ""waveHeightM"": 0.21, ""windSpeedKts"": 6.9, ""seaTemperatureC"": 21.19}, {""time"": ""2025-09-29T14:00:00+00:00"", ""tideMeters"": null, ""waveHeightM"": 0.22, ""windSpeedKts"": 7.2, ""seaTemperatureC"": 21.2}, {""time"": ""2025-09-29T15:00:00+00:00"", ""tideMeters"": null, ""waveHeightM"": 0.23, ""windSpeedKts"": 7.4, ""seaTemperatureC"": 21.18}, {""time"": ""2025-09-29T16:00:00+00:00"", ""tideMeters"": null, ""waveHeightM"": 0.24, ""windSpeedKts"": 6.9, ""seaTemperatureC"": 21.15}, {""time"": ""2025-09-29T17:00:00+00:00"", ""tideMeters"": null, ""waveHeightM"": 0.25, ""windSpeedKts"": 6.5, ""seaTemperatureC"": 21.1}, {""time"": ""2025-09-29T18:00:00+00:00"", ""tideMeters"": null, ""waveHeightM"": 0.26, ""windSpeedKts"": 6, ""seaTemperatureC"": 21.05}, {""time"": ""2025-09-29T19:00:00+00:00"", ""tideMeters"": null, ""waveHeightM"": 0.26, ""windSpeedKts"": 5.7, ""seaTemperatureC"": 21.01}, {""time"": ""2025-09-29T20:00:00+00:00"", ""tideMeters"": null, ""waveHeightM"": 0.26, ""windSpeedKts"": 5.3, ""seaTemperatureC"": 20.97}, {""time"": ""2025-09-29T21:00:00+00:00"", ""tideMeters"": null, ""waveHeightM"": 0.26, ""windSpeedKts"": 5, ""seaTemperatureC"": 20.93}, {""time"": ""2025-09-29T22:00:00+00:00"", ""tideMeters"": null, ""waveHeightM"": 0.26, ""windSpeedKts"": 4.7, ""seaTemperatureC"": 20.9}, {""time"": ""2025-09-29T23:00:00+00:00"", ""tideMeters"": null, ""waveHeightM"": 0.26, ""windSpeedKts"": 4.3, ""seaTemperatureC"": 20.87}, {""time"": ""2025-09-30T00:00:00+00:00"", ""tideMeters"": null, ""waveHeightM"": 0.26, ""windSpeedKts"": 4, ""seaTemperatureC"": 20.85}]","[{""label"": ""Mon, Sep 29"", ""summary"": ""Calm seas and light winds—ideal for most fishing styles."", ""dateLabel"": ""Mon, Sep 29"", ""waveHeightM"": 0.22, ""fishingScore"": 71, ""windSpeedKts"": 5, ""seaTemperatureC"": 21.03}, {""label"": ""Tue, Sep 30"", ""summary"": ""Calm seas and light winds—ideal for most fishing styles."", ""dateLabel"": ""Tue, Sep 30"", ""waveHeightM"": 0.26, ""fishingScore"": 70, ""windSpeedKts"": 4, ""seaTemperatureC"": 20.85}]",ingest:stormglass,2025-09-29 01:47:48.85482+00
40F1,13a3168b-37b8-410f-9afa-35577ad4772c,2025-09-29 01:47:31.684+00,13.43,,,,,,1.62,6.2,265,2025-09-29 02:54:00+00,2025-09-29 08:36:00+00,"[{""time"": ""2025-09-29T01:00:00+00:00"", ""tideMeters"": null, ""waveHeightM"": 1.62, ""windSpeedKts"": 6.2, ""seaTemperatureC"": 13.43}, {""time"": ""2025-09-29T02:00:00+00:00"", ""tideMeters"": null, ""waveHeightM"": 1.56, ""windSpeedKts"": 5.7, ""seaTemperatureC"": 13.43}, {""time"": ""2025-09-29T03:00:00+00:00"", ""tideMeters"": null, ""waveHeightM"": 1.49, ""windSpeedKts"": 5.2, ""seaTemperatureC"": 13.43}, {""time"": ""2025-09-29T04:00:00+00:00"", ""tideMeters"": null, ""waveHeightM"": 1.42, ""windSpeedKts"": 5.6, ""seaTemperatureC"": 13.43}, {""time"": ""2025-09-29T05:00:00+00:00"", ""tideMeters"": null, ""waveHeightM"": 1.36, ""windSpeedKts"": 6, ""seaTemperatureC"": 13.45}, {""time"": ""2025-09-29T06:00:00+00:00"", ""tideMeters"": null, ""waveHeightM"": 1.3, ""windSpeedKts"": 6.4, ""seaTemperatureC"": 13.46}, {""time"": ""2025-09-29T07:00:00+00:00"", ""tideMeters"": null, ""waveHeightM"": 1.25, ""windSpeedKts"": 7.9, ""seaTemperatureC"": 13.47}, {""time"": ""2025-09-29T08:00:00+00:00"", ""tideMeters"": null, ""waveHeightM"": 1.2, ""windSpeedKts"": 9.3, ""seaTemperatureC"": 13.44}, {""time"": ""2025-09-29T09:00:00+00:00"", ""tideMeters"": null, ""waveHeightM"": 1.18, ""windSpeedKts"": 10.8, ""seaTemperatureC"": 13.44}, {""time"": ""2025-09-29T10:00:00+00:00"", ""tideMeters"": null, ""waveHeightM"": 1.18, ""windSpeedKts"": 11.4, ""seaTemperatureC"": 13.44}, {""time"": ""2025-09-29T11:00:00+00:00"", ""tideMeters"": null, ""waveHeightM"": 1.19, ""windSpeedKts"": 12, ""seaTemperatureC"": 13.45}, {""time"": ""2025-09-29T12:00:00+00:00"", ""tideMeters"": null, ""waveHeightM"": 1.19, ""windSpeedKts"": 12.6, ""seaTemperatureC"": 13.45}, {""time"": ""2025-09-29T13:00:00+00:00"", ""tideMeters"": null, ""waveHeightM"": 1.19, ""windSpeedKts"": 13.5, ""seaTemperatureC"": 13.46}, {""time"": ""2025-09-29T14:00:00+00:00"", ""tideMeters"": null, ""waveHeightM"": 1.19, ""windSpeedKts"": 14.4, ""seaTemperatureC"": 13.46}, {""time"": ""2025-09-29T15:00:00+00:00"", ""tideMeters"": null, ""waveHeightM"": 1.2, ""windSpeedKts"": 15.3, ""seaTemperatureC"": 13.46}, {""time"": ""2025-09-29T16:00:00+00:00"", ""tideMeters"": null, ""waveHeightM"": 1.24, ""windSpeedKts"": 16.3, ""seaTemperatureC"": 13.46}, {""time"": ""2025-09-29T17:00:00+00:00"", ""tideMeters"": null, ""waveHeightM"": 1.28, ""windSpeedKts"": 17.2, ""seaTemperatureC"": 13.45}, {""time"": ""2025-09-29T18:00:00+00:00"", ""tideMeters"": null, ""waveHeightM"": 1.35, ""windSpeedKts"": 18.2, ""seaTemperatureC"": 13.46}, {""time"": ""2025-09-29T19:00:00+00:00"", ""tideMeters"": null, ""waveHeightM"": 1.39, ""windSpeedKts"": 18.5, ""seaTemperatureC"": 13.46}, {""time"": ""2025-09-29T20:00:00+00:00"", ""tideMeters"": null, ""waveHeightM"": 1.43, ""windSpeedKts"": 18.9, ""seaTemperatureC"": 13.45}, {""time"": ""2025-09-29T21:00:00+00:00"", ""tideMeters"": null, ""waveHeightM"": 1.47, ""windSpeedKts"": 19.2, ""seaTemperatureC"": 13.44}, {""time"": ""2025-09-29T22:00:00+00:00"", ""tideMeters"": null, ""waveHeightM"": 1.52, ""windSpeedKts"": 19.1, ""seaTemperatureC"": 13.44}, {""time"": ""2025-09-29T23:00:00+00:00"", ""tideMeters"": null, ""waveHeightM"": 1.57, ""windSpeedKts"": 19, ""seaTemperatureC"": 13.43}, {""time"": ""2025-09-30T00:00:00+00:00"", ""tideMeters"": null, ""waveHeightM"": 1.6, ""windSpeedKts"": 18.8, ""seaTemperatureC"": 13.42}]","[{""label"": ""Mon, Sep 29"", ""summary"": ""Balanced marine conditions expected."", ""dateLabel"": ""Mon, Sep 29"", ""waveHeightM"": 1.34, ""fishingScore"": 48, ""windSpeedKts"": 12.6, ""seaTemperatureC"": 13.45}, {""label"": ""Tue, Sep 30"", ""summary"": ""Fresh breeze may limit light setups—seek sheltered spots."", ""dateLabel"": ""Tue, Sep 30"", ""waveHeightM"": 1.6, ""fishingScore"": 35, ""windSpeedKts"": 18.8, ""seaTemperatureC"": 13.42}]",ingest:stormglass,2025-09-29 01:47:50.252862+00
40F2,81f66c8e-5616-46ff-bc81-d953ca76a151,2025-09-29 01:47:31.684+00,13.27,,,,,,1.42,7.7,237,2025-09-29 03:18:00+00,2025-09-29 08:58:00+00,"[{""time"": ""2025-09-29T01:00:00+00:00"", ""tideMeters"": null, ""waveHeightM"": 1.42, ""windSpeedKts"": 7.7, ""seaTemperatureC"": 13.27}, {""time"": ""2025-09-29T02:00:00+00:00"", ""tideMeters"": null, ""waveHeightM"": 1.38, ""windSpeedKts"": 8.3, ""seaTemperatureC"": 13.27}, {""time"": ""2025-09-29T03:00:00+00:00"", ""tideMeters"": null, ""waveHeightM"": 1.36, ""windSpeedKts"": 9, ""seaTemperatureC"": 13.27}, {""time"": ""2025-09-29T04:00:00+00:00"", ""tideMeters"": null, ""waveHeightM"": 1.34, ""windSpeedKts"": 9.9, ""seaTemperatureC"": 13.27}, {""time"": ""2025-09-29T05:00:00+00:00"", ""tideMeters"": null, ""waveHeightM"": 1.33, ""windSpeedKts"": 10.7, ""seaTemperatureC"": 13.28}, {""time"": ""2025-09-29T06:00:00+00:00"", ""tideMeters"": null, ""waveHeightM"": 1.32, ""windSpeedKts"": 11.5, ""seaTemperatureC"": 13.29}, {""time"": ""2025-09-29T07:00:00+00:00"", ""tideMeters"": null, ""waveHeightM"": 1.3, ""windSpeedKts"": 12.1, ""seaTemperatureC"": 13.29}, {""time"": ""2025-09-29T08:00:00+00:00"", ""tideMeters"": null, ""waveHeightM"": 1.28, ""windSpeedKts"": 12.8, ""seaTemperatureC"": 13.29}, {""time"": ""2025-09-29T09:00:00+00:00"", ""tideMeters"": null, ""waveHeightM"": 1.26, ""windSpeedKts"": 13.5, ""seaTemperatureC"": 13.28}, {""time"": ""2025-09-29T10:00:00+00:00"", ""tideMeters"": null, ""waveHeightM"": 1.22, ""windSpeedKts"": 14, ""seaTemperatureC"": 13.28}, {""time"": ""2025-09-29T11:00:00+00:00"", ""tideMeters"": null, ""waveHeightM"": 1.2, ""windSpeedKts"": 14.4, ""seaTemperatureC"": 13.28}, {""time"": ""2025-09-29T12:00:00+00:00"", ""tideMeters"": null, ""waveHeightM"": 1.19, ""windSpeedKts"": 14.9, ""seaTemperatureC"": 13.29}, {""time"": ""2025-09-29T13:00:00+00:00"", ""tideMeters"": null, ""waveHeightM"": 1.2, ""windSpeedKts"": 15.7, ""seaTemperatureC"": 13.29}, {""time"": ""2025-09-29T14:00:00+00:00"", ""tideMeters"": null, ""waveHeightM"": 1.23, ""windSpeedKts"": 16.5, ""seaTemperatureC"": 13.29}, {""time"": ""2025-09-29T15:00:00+00:00"", ""tideMeters"": null, ""waveHeightM"": 1.28, ""windSpeedKts"": 17.3, ""seaTemperatureC"": 13.29}, {""time"": ""2025-09-29T16:00:00+00:00"", ""tideMeters"": null, ""waveHeightM"": 1.32, ""windSpeedKts"": 17.5, ""seaTemperatureC"": 13.29}, {""time"": ""2025-09-29T17:00:00+00:00"", ""tideMeters"": null, ""waveHeightM"": 1.36, ""windSpeedKts"": 17.8, ""seaTemperatureC"": 13.29}, {""time"": ""2025-09-29T18:00:00+00:00"", ""tideMeters"": null, ""waveHeightM"": 1.4, ""windSpeedKts"": 18, ""seaTemperatureC"": 13.28}, {""time"": ""2025-09-29T19:00:00+00:00"", ""tideMeters"": null, ""waveHeightM"": 1.43, ""windSpeedKts"": 18.3, ""seaTemperatureC"": 13.28}, {""time"": ""2025-09-29T20:00:00+00:00"", ""tideMeters"": null, ""waveHeightM"": 1.47, ""windSpeedKts"": 18.7, ""seaTemperatureC"": 13.28}, {""time"": ""2025-09-29T21:00:00+00:00"", ""tideMeters"": null, ""waveHeightM"": 1.51, ""windSpeedKts"": 19, ""seaTemperatureC"": 13.28}, {""time"": ""2025-09-29T22:00:00+00:00"", ""tideMeters"": null, ""waveHeightM"": 1.53, ""windSpeedKts"": 18.9, ""seaTemperatureC"": 13.28}, {""time"": ""2025-09-29T23:00:00+00:00"", ""tideMeters"": null, ""waveHeightM"": 1.53, ""windSpeedKts"": 18.8, ""seaTemperatureC"": 13.27}, {""time"": ""2025-09-30T00:00:00+00:00"", ""tideMeters"": null, ""waveHeightM"": 1.52, ""windSpeedKts"": 18.7, ""seaTemperatureC"": 13.27}]","[{""label"": ""Mon, Sep 29"", ""summary"": ""Balanced marine conditions expected."", ""dateLabel"": ""Mon, Sep 29"", ""waveHeightM"": 1.34, ""fishingScore"": 48, ""windSpeedKts"": 14.6, ""seaTemperatureC"": 13.28}, {""label"": ""Tue, Sep 30"", ""summary"": ""Fresh breeze may limit light setups—seek sheltered spots."", ""dateLabel"": ""Tue, Sep 30"", ""waveHeightM"": 1.52, ""fishingScore"": 37, ""windSpeedKts"": 18.7, ""seaTemperatureC"": 13.27}]",ingest:stormglass,2025-09-29 01:47:51.307264+00
40F3,0bd663aa-cfa8-4582-809b-8f38fc3b5529,2025-09-29 01:47:31.684+00,13.25,,,,,,1.42,9.8,214,2025-09-29 03:18:00+00,2025-09-29 08:58:00+00,"[{""time"": ""2025-09-29T01:00:00+00:00"", ""tideMeters"": null, ""waveHeightM"": 1.42, ""windSpeedKts"": 9.8, ""seaTemperatureC"": 13.25}, {""time"": ""2025-09-29T02:00:00+00:00"", ""tideMeters"": null, ""waveHeightM"": 1.38, ""windSpeedKts"": 10.5, ""seaTemperatureC"": 13.25}, {""time"": ""2025-09-29T03:00:00+00:00"", ""tideMeters"": null, ""waveHeightM"": 1.35, ""windSpeedKts"": 11.3, ""seaTemperatureC"": 13.26}, {""time"": ""2025-09-29T04:00:00+00:00"", ""tideMeters"": null, ""waveHeightM"": 1.32, ""windSpeedKts"": 12.1, ""seaTemperatureC"": 13.26}, {""time"": ""2025-09-29T05:00:00+00:00"", ""tideMeters"": null, ""waveHeightM"": 1.29, ""windSpeedKts"": 12.9, ""seaTemperatureC"": 13.26}, {""time"": ""2025-09-29T06:00:00+00:00"", ""tideMeters"": null, ""waveHeightM"": 1.28, ""windSpeedKts"": 13.6, ""seaTemperatureC"": 13.26}, {""time"": ""2025-09-29T07:00:00+00:00"", ""tideMeters"": null, ""waveHeightM"": 1.28, ""windSpeedKts"": 14, ""seaTemperatureC"": 13.27}, {""time"": ""2025-09-29T08:00:00+00:00"", ""tideMeters"": null, ""waveHeightM"": 1.28, ""windSpeedKts"": 14.3, ""seaTemperatureC"": 13.27}, {""time"": ""2025-09-29T09:00:00+00:00"", ""tideMeters"": null, ""waveHeightM"": 1.29, ""windSpeedKts"": 14.6, ""seaTemperatureC"": 13.27}, {""time"": ""2025-09-29T10:00:00+00:00"", ""tideMeters"": null, ""waveHeightM"": 1.31, ""windSpeedKts"": 14.8, ""seaTemperatureC"": 13.27}, {""time"": ""2025-09-29T11:00:00+00:00"", ""tideMeters"": null, ""waveHeightM"": 1.34, ""windSpeedKts"": 15, ""seaTemperatureC"": 13.28}, {""time"": ""2025-09-29T12:00:00+00:00"", ""tideMeters"": null, ""waveHeightM"": 1.39, ""windSpeedKts"": 15.2, ""seaTemperatureC"": 13.28}, {""time"": ""2025-09-29T13:00:00+00:00"", ""tideMeters"": null, ""waveHeightM"": 1.43, ""windSpeedKts"": 15.4, ""seaTemperatureC"": 13.28}, {""time"": ""2025-09-29T14:00:00+00:00"", ""tideMeters"": null, ""waveHeightM"": 1.45, ""windSpeedKts"": 15.6, ""seaTemperatureC"": 13.28}, {""time"": ""2025-09-29T15:00:00+00:00"", ""tideMeters"": null, ""waveHeightM"": 1.45, ""windSpeedKts"": 15.7, ""seaTemperatureC"": 13.28}, {""time"": ""2025-09-29T16:00:00+00:00"", ""tideMeters"": null, ""waveHeightM"": 1.45, ""windSpeedKts"": 16.4, ""seaTemperatureC"": 13.28}, {""time"": ""2025-09-29T17:00:00+00:00"", ""tideMeters"": null, ""waveHeightM"": 1.47, ""windSpeedKts"": 17.1, ""seaTemperatureC"": 13.28}, {""time"": ""2025-09-29T18:00:00+00:00"", ""tideMeters"": null, ""waveHeightM"": 1.51, ""windSpeedKts"": 17.7, ""seaTemperatureC"": 13.28}, {""time"": ""2025-09-29T19:00:00+00:00"", ""tideMeters"": null, ""waveHeightM"": 1.55, ""windSpeedKts"": 17.7, ""seaTemperatureC"": 13.28}, {""time"": ""2025-09-29T20:00:00+00:00"", ""tideMeters"": null, ""waveHeightM"": 1.58, ""windSpeedKts"": 17.6, ""seaTemperatureC"": 13.28}, {""time"": ""2025-09-29T21:00:00+00:00"", ""tideMeters"": null, ""waveHeightM"": 1.61, ""windSpeedKts"": 17.5, ""seaTemperatureC"": 13.28}, {""time"": ""2025-09-29T22:00:00+00:00"", ""tideMeters"": null, ""waveHeightM"": 1.65, ""windSpeedKts"": 17.8, ""seaTemperatureC"": 13.28}, {""time"": ""2025-09-29T23:00:00+00:00"", ""tideMeters"": null, ""waveHeightM"": 1.69, ""windSpeedKts"": 18.2, ""seaTemperatureC"": 13.28}, {""time"": ""2025-09-30T00:00:00+00:00"", ""tideMeters"": null, ""waveHeightM"": 1.75, ""windSpeedKts"": 18.5, ""seaTemperatureC"": 13.27}]","[{""label"": ""Mon, Sep 29"", ""summary"": ""Balanced marine conditions expected."", ""dateLabel"": ""Mon, Sep 29"", ""waveHeightM"": 1.42, ""fishingScore"": 47, ""windSpeedKts"": 15, ""seaTemperatureC"": 13.27}, {""label"": ""Tue, Sep 30"", ""summary"": ""Fresh breeze may limit light setups—seek sheltered spots."", ""dateLabel"": ""Tue, Sep 30"", ""waveHeightM"": 1.75, ""fishingScore"": 33, ""windSpeedKts"": 18.5, ""seaTemperatureC"": 13.27}]",ingest:stormglass,2025-09-29 01:47:52.42916+00
40K0,7b84d1a9-1b5f-44dd-bbd2-1e89156928e1,2025-09-29 01:47:31.684+00,25.18,,,,,,0.34,3.7,327,2025-09-29 13:41:00+00,2025-09-29 05:45:00+00,"[{""time"": ""2025-09-29T01:00:00+00:00"", ""tideMeters"": null, ""waveHeightM"": 0.34, ""windSpeedKts"": 3.7, ""seaTemperatureC"": 25.18}, {""time"": ""2025-09-29T02:00:00+00:00"", ""tideMeters"": null, ""waveHeightM"": 0.33, ""windSpeedKts"": 3.4, ""seaTemperatureC"": 25.18}, {""time"": ""2025-09-29T03:00:00+00:00"", ""tideMeters"": null, ""waveHeightM"": 0.31, ""windSpeedKts"": 3.2, ""seaTemperatureC"": 25.19}, {""time"": ""2025-09-29T04:00:00+00:00"", ""tideMeters"": null, ""waveHeightM"": 0.3, ""windSpeedKts"": 2.8, ""seaTemperatureC"": 25.2}, {""time"": ""2025-09-29T05:00:00+00:00"", ""tideMeters"": null, ""waveHeightM"": 0.3, ""windSpeedKts"": 2.5, ""seaTemperatureC"": 25.21}, {""time"": ""2025-09-29T06:00:00+00:00"", ""tideMeters"": null, ""waveHeightM"": 0.29, ""windSpeedKts"": 2.1, ""seaTemperatureC"": 25.21}, {""time"": ""2025-09-29T07:00:00+00:00"", ""tideMeters"": null, ""waveHeightM"": 0.28, ""windSpeedKts"": 2.1, ""seaTemperatureC"": 25.22}, {""time"": ""2025-09-29T08:00:00+00:00"", ""tideMeters"": null, ""waveHeightM"": 0.27, ""windSpeedKts"": 2.1, ""seaTemperatureC"": 25.23}, {""time"": ""2025-09-29T09:00:00+00:00"", ""tideMeters"": null, ""waveHeightM"": 0.27, ""windSpeedKts"": 2.1, ""seaTemperatureC"": 25.27}, {""time"": ""2025-09-29T10:00:00+00:00"", ""tideMeters"": null, ""waveHeightM"": 0.26, ""windSpeedKts"": 2.5, ""seaTemperatureC"": 25.33}, {""time"": ""2025-09-29T11:00:00+00:00"", ""tideMeters"": null, ""waveHeightM"": 0.25, ""windSpeedKts"": 3, ""seaTemperatureC"": 25.4}, {""time"": ""2025-09-29T12:00:00+00:00"", ""tideMeters"": null, ""waveHeightM"": 0.24, ""windSpeedKts"": 3.4, ""seaTemperatureC"": 25.48}, {""time"": ""2025-09-29T13:00:00+00:00"", ""tideMeters"": null, ""waveHeightM"": 0.23, ""windSpeedKts"": 4, ""seaTemperatureC"": 25.51}, {""time"": ""2025-09-29T14:00:00+00:00"", ""tideMeters"": null, ""waveHeightM"": 0.23, ""windSpeedKts"": 4.7, ""seaTemperatureC"": 25.49}, {""time"": ""2025-09-29T15:00:00+00:00"", ""tideMeters"": null, ""waveHeightM"": 0.22, ""windSpeedKts"": 5.4, ""seaTemperatureC"": 25.44}, {""time"": ""2025-09-29T16:00:00+00:00"", ""tideMeters"": null, ""waveHeightM"": 0.22, ""windSpeedKts"": 4.5, ""seaTemperatureC"": 25.38}, {""time"": ""2025-09-29T17:00:00+00:00"", ""tideMeters"": null, ""waveHeightM"": 0.21, ""windSpeedKts"": 3.5, ""seaTemperatureC"": 25.33}, {""time"": ""2025-09-29T18:00:00+00:00"", ""tideMeters"": null, ""waveHeightM"": 0.21, ""windSpeedKts"": 2.6, ""seaTemperatureC"": 25.29}, {""time"": ""2025-09-29T19:00:00+00:00"", ""tideMeters"": null, ""waveHeightM"": 0.21, ""windSpeedKts"": 3, ""seaTemperatureC"": 25.26}, {""time"": ""2025-09-29T20:00:00+00:00"", ""tideMeters"": null, ""waveHeightM"": 0.22, ""windSpeedKts"": 3.3, ""seaTemperatureC"": 25.24}, {""time"": ""2025-09-29T21:00:00+00:00"", ""tideMeters"": null, ""waveHeightM"": 0.22, ""windSpeedKts"": 3.6, ""seaTemperatureC"": 25.23}, {""time"": ""2025-09-29T22:00:00+00:00"", ""tideMeters"": null, ""waveHeightM"": 0.24, ""windSpeedKts"": 4.7, ""seaTemperatureC"": 25.23}, {""time"": ""2025-09-29T23:00:00+00:00"", ""tideMeters"": null, ""waveHeightM"": 0.25, ""windSpeedKts"": 5.8, ""seaTemperatureC"": 25.22}, {""time"": ""2025-09-30T00:00:00+00:00"", ""tideMeters"": null, ""waveHeightM"": 0.26, ""windSpeedKts"": 6.9, ""seaTemperatureC"": 25.22}]","[{""label"": ""Mon, Sep 29"", ""summary"": ""Calm seas and light winds—ideal for most fishing styles."", ""dateLabel"": ""Mon, Sep 29"", ""waveHeightM"": 0.26, ""fishingScore"": 60, ""windSpeedKts"": 3.4, ""seaTemperatureC"": 25.29}, {""label"": ""Tue, Sep 30"", ""summary"": ""Calm seas and light winds—ideal for most fishing styles."", ""dateLabel"": ""Tue, Sep 30"", ""waveHeightM"": 0.26, ""fishingScore"": 60, ""windSpeedKts"": 6.9, ""seaTemperatureC"": 25.22}]",ingest:stormglass,2025-09-29 01:47:53.397158+00