id,species_code,scientific_name,name_en,name_es,name_fr,name_de,name_it,name_pt,typical_gear,max_boat_size,is_night_species,is_seasonal,eating_quality,min_depth,max_depth,preferred_habitat,wind_sensitivity,temperature_sensitivity,pressure_sensitivity,tide_sensitivity,created_at,updated_at,advice,conservation_status,fun_fact,playful_bio_en,environmental_preferences,weight_profile,tide_weight,light_weight,wind_weight,pressure_weight,temp_weight,lunar_weight,turbidity_weight,water_clarity_weight,diurnal_sensitivity,tidal_sensitivity,preferred_tide_stage,flow_preference,spring_neap_boost,temp_opt_c,slack_threshold_ms,context_bias
042f8eee-b819-4cdc-a913-508c41b4c7bb,PIC,Spicara smaris,Picarel,Alacha,Picarel,Picarel,Zerri,Carapauzinho (picarel),"[""sabiki"",""tiny_hooks"",""float""]",7,false,true,3,3,60,"[""mid_water"",""harbour"",""shoals""]",0.50,0.70,0.30,0.30,2025-10-11 14:51:43.800627+00,2025-10-11 14:51:43.800627+00,"{""boat"": {""regions"": ""Inshore shoals"", ""authority"": ""Regional Med fisheries"", ""best_time"": ""Dawn/daylight"", ""baits_diet"": ""Fine sabiki/micro metals"", ""restrictions"": ""Local limits possible"", ""distance_depth"": ""5-60 m mid-water"", ""weather_effect"": ""Calm"", ""tide_sensitivity"": ""Low-moderate"", ""temperature_effect"": ""Warm months""}, ""shore"": {""regions"": ""Mediterranean"", ""authority"": ""Regional Med fisheries"", ""best_time"": ""Dawn/day; harbours/rocky bays"", ""baits_diet"": ""Planktonic microfauna; fine sabiki, tiny prawns"", ""restrictions"": ""Local limits possible"", ""distance_depth"": ""Mid-water shoals 3-20 m"", ""weather_effect"": ""Calm/clear suits"", ""tide_sensitivity"": ""Low-moderate"", ""temperature_effect"": ""Warm months best""}}",,,"Schooling socialite - tiny hooks, tiny bites, big smiles.","{""gaps"": [], ""depth"": {""unit"": ""meters"", ""source"": ""fishbase"", ""optimal_max"": 87.05088, ""optimal_min"": 46, ""typical_max"": 328, ""typical_min"": 15}, ""notes"": {""temperature"": ""Mediterranean sparid. Temperate to warm water schooling species. Common in eastern Mediterranean and southern European waters.""}, ""climate"": null, ""habitat"": ""pelagic-neritic"", ""salinity"": {""unit"": ""psu"", ""source"": ""fishbase+obis"", ""inferred"": true, ""optimal_max"": 35, ""optimal_min"": 32, ""tolerance_max"": 38, ""tolerance_min"": 30}, ""substrate"": [""mixed""], ""temperature"": {""mean"": 17.5, ""unit"": ""celsius"", ""source"": ""Sparidae Family/Mediterranean"", ""optimal_max"": 20, ""optimal_min"": 15, ""tolerance_max"": 22, ""tolerance_min"": 12}}",benthic,0.30,0.30,0.15,0.10,0.10,0.05,0,0,moderate,0.55,,moderate,0.1,,0.25,
09c25d59-0180-41fa-a1e0-216a3acb8be4,WRK,Symphodus melops,Corkwing Wrasse,Tordo verde,Crénilabre coucou,Lippfisch,Tordo,Bodião,"[""crab_bait"",""prawn"",""float"",""LRF""]",7,false,true,3,1,25,"[""reef"",""kelp"",""rocks""]",0.20,0.70,0.30,0.50,2025-10-11 14:51:43.800627+00,2025-10-11 14:51:43.800627+00,"{""boat"": {""regions"": ""Inshore reefs/kelp beds"", ""authority"": ""Regional conservation/fisheries"", ""best_time"": ""Bright days with some run"", ""baits_diet"": ""Small crab/prawn; micro-jigs"", ""restrictions"": ""Check local protections for wrasse removal"", ""distance_depth"": ""Reefs 5-25 m"", ""weather_effect"": ""Best in settled, clear water"", ""tide_sensitivity"": ""Moderate"", ""temperature_effect"": ""Better in warmer months""}, ""shore"": {""regions"": ""Atlantic fringes, Channel, W Europe"", ""authority"": ""Regional conservation/fisheries"", ""best_time"": ""Daylight; flood tide over kelp/rocks"", ""baits_diet"": ""Crab and prawn; grazes in kelp"", ""restrictions"": ""Local livebait rules; many anglers C&R"", ""distance_depth"": ""Right under boulders/kelp, 1-10 m"", ""weather_effect"": ""Clear water helps; heavy swell tucks fish tight to cover"", ""tide_sensitivity"": ""Moderate; likes movement around cover"", ""temperature_effect"": ""Mild-warm months best; slows in winter""}}",,,"Daylight dater, loves kelp-side snacks. Bring crab and I'm yours.","{""gaps"": [], ""depth"": {""unit"": ""meters"", ""source"": ""obis"", ""optimal_max"": 9, ""optimal_min"": 6, ""typical_max"": 15, ""typical_min"": 4}, ""notes"": {""temperature"": ""Temperate wrasse. Rocky shores 11-15°C.""}, ""climate"": null, ""habitat"": null, ""salinity"": {""unit"": ""psu"", ""source"": ""fishbase+obis"", ""inferred"": true, ""optimal_max"": 35, ""optimal_min"": 32, ""tolerance_max"": 38, ""tolerance_min"": 30}, ""substrate"": [""rock"", ""weed""], ""temperature"": {""mean"": 13, ""unit"": ""celsius"", ""source"": ""Marine Biology"", ""optimal_max"": 15, ""optimal_min"": 11, ""tolerance_max"": 18, ""tolerance_min"": 8}}",reef_kelp,0.30,0.30,0.15,0.10,0.10,0.05,0,0,moderate,0.55,,moderate,0.1,,0.25,
0bf0af5d-191b-45af-85c5-8052e39a8b37,euro-cuda,Sphyraena sphyraena,European Barracuda,Barracuda Europea,Barracuda Européen,,Barracuda Europeo,,"[""spinning"",""trolling"",""fly fishing""]",8,true,false,3,0,40,"[""harbour lights"",""open water""]",0.50,0.50,0.30,0.40,2025-10-13 17:45:31.481089+00,2025-10-13 17:45:31.481089+00,[],,,,,default_coastal,0.30,0.30,0.15,0.10,0.10,0.05,0,0,strong,0.45,"[""mid_flood"",""early_ebb""]",gentle,0.05,"[""18"",""24""]",0.25,"[[""harbour_lights"", ""+0.3""], [""open_ledges"", ""+0.1""]]"
0c62a1c7-2c32-40e1-9250-12940c8cfca4,wra,Labridae spp.,Wrasse (various),,,,,,[],8,false,false,3,0,50,[],0.50,0.50,0.30,0.40,2025-10-11 14:28:45.557065+00,2025-10-11 14:28:45.557065+00,"{""boat"": {""regions"": ""Atlantic, North Sea, Mediterranean"", ""authority"": ""Regional conservation/fisheries bodies (e.g., UK IFCAs; Norway Fiskeridirektoratet)."", ""best_time"": ""Daylight, especially flood tide over kelp/rocks."", ""baits_diet"": ""Crab, prawn, shellfish; picks in kelp/rock crevices."", ""restrictions"": ""Conservation measures in some regions (wrasse for aquaculture); many anglers practise C&R."", ""distance_depth"": ""Rocky kelp ground 2–20 m; very close to shore. (boat marks deeper/offshore)"", ""weather_effect"": ""Clear water preferable; heavy swell pushes them tight to cover."", ""tide_sensitivity"": ""Moderate; feeds as crabs/prawns move with tide."", ""temperature_effect"": ""Best in mild–warm water; lethargic in winter.""}, ""shore"": {""regions"": ""Atlantic, North Sea, Mediterranean"", ""authority"": ""Regional conservation/fisheries bodies (e.g., UK IFCAs; Norway Fiskeridirektoratet)."", ""best_time"": ""Daylight, especially flood tide over kelp/rocks."", ""baits_diet"": ""Crab, prawn, shellfish; picks in kelp/rock crevices."", ""restrictions"": ""Conservation measures in some regions (wrasse for aquaculture); many anglers practise C&R."", ""distance_depth"": ""Rocky kelp ground 2–20 m; very close to shore. (shore accessible range)"", ""weather_effect"": ""Clear water preferable; heavy swell pushes them tight to cover."", ""tide_sensitivity"": ""Moderate; feeds as crabs/prawns move with tide."", ""temperature_effect"": ""Best in mild–warm water; lethargic in winter.""}}",,,"Love a moonlit dinner daylight, especially flood tide over kelp/rocks. Just add crab.","{""gaps"": [""substrate""], ""depth"": {""unit"": ""meters"", ""source"": ""species_table"", ""optimal_max"": null, ""optimal_min"": null, ""typical_max"": 50, ""typical_min"": 0}, ""notes"": {""temperature"": ""Generic wrasse family range. Activity rises sharply >10-12°C; winter lethargy common across all European wrasse species. Use specific species data when possible.""}, ""climate"": null, ""habitat"": null, ""salinity"": {""mean"": 35, ""unit"": ""ppt"", ""notes"": ""Rocky reef standard. Full-strength coastal waters."", ""source"": ""Regional Default/Rocky Reef"", ""optimal_max"": 36, ""optimal_min"": 34, ""tolerance_max"": 38, ""tolerance_min"": 32}, ""substrate"": [], ""temperature"": {""mean"": 13, ""unit"": ""celsius"", ""source"": ""Family Average/Angler Data"", ""optimal_max"": 16, ""optimal_min"": 10, ""tolerance_max"": 20, ""tolerance_min"": 5}}",benthic,0.30,0.30,0.15,0.10,0.10,0.05,0,0,moderate,0.55,,moderate,0.1,,0.25,
17cd29de-54a6-448d-b447-4a34e4cffba1,red-porgy,Pagrus pagrus,Red Porgy,Pargo,Pagre,,Pagro,,"[""bottom fishing"",""jigging""]",8,false,false,5,20,80,"[""rocky reefs"",""drop-offs""]",0.50,0.50,0.30,0.40,2025-10-13 17:45:31.481089+00,2025-10-13 17:45:31.481089+00,[],,,,,default_coastal,0.30,0.30,0.15,0.10,0.10,0.05,0,0,moderate,0.5,"[""mid_flood"",""high""]",moderate,0.1,"[""16"",""22""]",0.25,"[[""reef_dropoffs"", ""+0.2""]]"
1a6e5c1d-0966-4a1d-88ab-d9fadd11d91d,wee,Trachinus draco,Greater Weever,,,,,,[],8,false,false,3,0,50,[],0.50,0.50,0.30,0.40,2025-10-11 14:28:45.557065+00,2025-10-11 14:28:45.557065+00,"{""shore"": {""regions"": ""Atlantic, North Sea, Mediterranean"", ""authority"": ""National fisheries and beach safety guidance."", ""best_time"": ""Sunny calm days over warm sand; also dusk."", ""baits_diet"": ""Small worms and prawn pieces; ambush predator on sand flats."", ""restrictions"": ""Venomous spines—handle with care and wear footwear; first-aid is hot-water immersion."", ""distance_depth"": ""Edges of sandy beaches and estuary bars 1–15 m—watch those spines underfoot!"", ""weather_effect"": ""Calm seas best; stirred-up sand reduces takes."", ""tide_sensitivity"": ""Low; lies in wait in soft sand."", ""temperature_effect"": ""Warmer months bring them inshore; cooler water pushes deeper.""}}",,,I’m most active sunny calm days over warm sand; also dusk. Bring small worms and prawn pieces; ambush predator on sand flats. and let’s make,"{""gaps"": [], ""depth"": {""unit"": ""meters"", ""source"": ""fishbase"", ""optimal_max"": 30, ""optimal_min"": 1, ""typical_max"": 150, ""typical_min"": 1}, ""notes"": {""temperature"": ""Temperate species. Common in European waters 12-16°C.""}, ""climate"": null, ""habitat"": ""demersal"", ""salinity"": {""unit"": ""psu"", ""source"": ""fishbase+obis"", ""inferred"": true, ""optimal_max"": 35, ""optimal_min"": 32, ""tolerance_max"": 38, ""tolerance_min"": 30}, ""substrate"": [""mixed""], ""temperature"": {""mean"": 14, ""unit"": ""celsius"", ""source"": ""Marine Biology"", ""optimal_max"": 16, ""optimal_min"": 12, ""tolerance_max"": 20, ""tolerance_min"": 8}}",benthic,0.30,0.30,0.15,0.10,0.10,0.05,0,0,moderate,0.55,,moderate,0.1,,0.25,
21387c4d-6310-4445-8c48-02718feaaabb,CMP,Serranus scriba,Painted Comber,Serrano pintado,Serran écriture,Streifenbarsch,Sciarrano,Serrano pintado,"[""small_jigs"",""shrimp_bait"",""LRF""]",8,false,true,4,2,60,"[""reef"",""harbour"",""rocks""]",0.30,0.70,0.30,0.40,2025-10-11 14:51:43.800627+00,2025-10-11 14:51:43.800627+00,"{""boat"": {""regions"": ""Med reefs"", ""authority"": ""Regional Med fisheries"", ""best_time"": ""Daytime"", ""baits_diet"": ""Shrimp/squid slivers; micro metals"", ""restrictions"": ""Local rules vary"", ""distance_depth"": ""10-60 m"", ""weather_effect"": ""Calm/clear"", ""tide_sensitivity"": ""Low-moderate"", ""temperature_effect"": ""Warm months""}, ""shore"": {""regions"": ""Mediterranean"", ""authority"": ""Regional Med fisheries"", ""best_time"": ""Daylight; dawn/late afternoon prime"", ""baits_diet"": ""Shrimp pieces, tiny fish strips; micro-jigs"", ""restrictions"": ""Local rules vary"", ""distance_depth"": ""Harbours/rocky coves 2-15 m"", ""weather_effect"": ""Calm/clear favours sight takes"", ""tide_sensitivity"": ""Low-moderate"", ""temperature_effect"": ""Warm seasons best""}}",,,Paint me like one of your harbour models. Tiny prawn bits only.,"{""gaps"": [], ""depth"": {""unit"": ""meters"", ""source"": ""fishbase"", ""optimal_max"": 30, ""optimal_min"": 2, ""typical_max"": 150, ""typical_min"": 5}, ""notes"": {""temperature"": ""Mediterranean comber species. Slightly warmer preference than Serranus cabrilla. Rocky reef habitat in warm temperate to subtropical waters.""}, ""climate"": null, ""habitat"": null, ""salinity"": {""unit"": ""psu"", ""source"": ""fishbase+obis"", ""inferred"": true, ""optimal_max"": 35, ""optimal_min"": 32, ""tolerance_max"": 38, ""tolerance_min"": 30}, ""substrate"": [""rock"", ""weed""], ""temperature"": {""mean"": 18.5, ""unit"": ""celsius"", ""source"": ""Serranidae Family/Mediterranean"", ""optimal_max"": 21, ""optimal_min"": 16, ""tolerance_max"": 24, ""tolerance_min"": 13}}",default_coastal,0.30,0.30,0.15,0.10,0.10,0.05,0,0,moderate,0.55,,moderate,0.1,,0.25,
22ddf8bc-c323-4cc4-8b64-7e7ffa48a3bd,2bd-bream,Diplodus vulgaris,Two-banded Seabream,Mojarra,Sar à Tête Noire,,Sarago Fasciato,,"[""float fishing"",""bottom fishing"",""light tackle""]",8,false,false,4,0,20,"[""rocky reefs"",""seagrass beds""]",0.50,0.50,0.30,0.40,2025-10-13 17:45:31.481089+00,2025-10-13 17:45:31.481089+00,[],,,,,default_coastal,0.25,0.30,0.10,0.10,0.20,0.05,0,0,moderate,0.55,"[""mid_flood"",""high""]",gentle,0.10,"[""16"",""22""]",0.20,"[[""reefs"", ""+0.2""], [""seagrass"", ""+0.1""]]"
234cb9ab-030d-4191-9177-9e37846bcf9a,sbr,Pagellus bogaraveo,Red Seabream,,,,,,[],8,false,false,5,0,50,[],0.50,0.50,0.30,0.40,2025-10-11 14:28:45.557065+00,2025-10-11 14:28:45.557065+00,"{""boat"": {""regions"": ""Mediterranean, Southern Atlantic"", ""authority"": ""Regional Med fisheries agencies"", ""best_time"": ""Daytime"", ""baits_diet"": ""Crabs, shellfish, squid; powerful jawed feeder"", ""restrictions"": ""Size/bag restrictions vary"", ""distance_depth"": ""Deep rocky reefs 20–100m"", ""weather_effect"": ""Clear settled seas best"", ""tide_sensitivity"": ""Moderate tide influence"", ""temperature_effect"": ""Prefers warmer Med/Atlantic waters""}}",,,"Catch me daytime. Big on group dates, especially with crabs.","{""gaps"": [], ""depth"": {""unit"": ""meters"", ""source"": ""fishbase"", ""optimal_max"": 300, ""optimal_min"": 150, ""typical_max"": 700, ""typical_min"": 150}, ""notes"": {""temperature"": ""Deep water seabream 12-15°C. Atlantic species.""}, ""climate"": null, ""habitat"": null, ""salinity"": {""unit"": ""psu"", ""source"": ""fishbase+obis"", ""inferred"": true, ""optimal_max"": 35, ""optimal_min"": 32, ""tolerance_max"": 38, ""tolerance_min"": 30}, ""substrate"": [""rock"", ""weed""], ""temperature"": {""mean"": 13.5, ""unit"": ""celsius"", ""source"": ""Marine Biology"", ""optimal_max"": 15, ""optimal_min"": 12, ""tolerance_max"": 18, ""tolerance_min"": 10}}",reef_kelp,0.30,0.30,0.15,0.10,0.10,0.05,0,0,moderate,0.55,,moderate,0.1,,0.25,
2440c4ab-8ac5-4a2f-bb93-3f7c016db0e2,chub-mack,Scomber colias,Atlantic Chub Mackerel,Estornino,Maquereau Espagnol,,Lanzardo,,"[""trolling"",""spinning"",""sabiki rigs""]",8,false,true,4,0,50,"[""open water"",""tidal rips""]",0.50,0.50,0.30,0.40,2025-10-13 17:45:31.481089+00,2025-10-13 17:45:31.481089+00,[],,,,,default_coastal,0.30,0.35,0.15,0.08,0.05,0.07,0,0,strong,0.70,"[""mid_flood"",""early_ebb""]",moderate,0.30,"[""10"",""16""]",0.40,"[[""tidal_rips"", ""+0.2""], [""headlands"", ""+0.2""]]"
27210ffa-ce53-4417-8324-fae1cb6887e7,pok,Pollachius virens,Saithe (Pollachius virens),,,,,,[],8,false,false,4,0,50,[],0.50,0.50,0.30,0.40,2025-10-11 14:28:45.557065+00,2025-10-11 14:28:45.557065+00,"{""boat"": {""regions"": ""North Sea, Norwegian waters, North Atlantic"", ""authority"": ""Norway Fiskeridirektoratet; UK/NL/DE national agencies."", ""best_time"": ""Dawn/dusk; overcast days fish well with lures."", ""baits_diet"": ""Metal jigs, shads, sandeel/mackerel strip; chases small fish tightly packed."", ""restrictions"": ""Local size/bag rules vary; many anglers release larger breeders."", ""distance_depth"": ""Deep reefs and wrecks 20–120 m; vertical jigging or long casts down-tide."", ""weather_effect"": ""Clear water with some movement is ideal; big swell pushes them deeper."", ""tide_sensitivity"": ""Moderate; hunts on current edges around structure."", ""temperature_effect"": ""Active in cool–mild water; very warm or very cold spells slow them.""}, ""shore"": {""regions"": ""North Sea, Norwegian waters, North Atlantic"", ""authority"": ""Norway Fiskeridirektoratet; UK/NL/DE national agencies."", ""best_time"": ""Dawn/dusk; overcast days fish well with lures."", ""baits_diet"": ""Metal jigs, shads, sandeel/mackerel strip; chases small fish tightly packed."", ""restrictions"": ""Local size/bag rules vary; many anglers release larger breeders."", ""distance_depth"": ""Kelp fringes and rock pins accessible from shore 5–20 m; harbour mouths and headlands."", ""weather_effect"": ""Clear water with some movement is ideal; big swell pushes them deeper."", ""tide_sensitivity"": ""Moderate; hunts on current edges around structure."", ""temperature_effect"": ""Active in cool–mild water; very warm or very cold spells slow them.""}}",,,Always around dawn/dusk; overcast days fish well with lures. Not into cold shoulders — only metal jigs.,"{""gaps"": [], ""depth"": {""unit"": ""meters"", ""source"": ""fishbase"", ""optimal_max"": 155, ""optimal_min"": 52.5, ""typical_max"": 364, ""typical_min"": 37}, ""notes"": {""temperature"": ""Cold water species. Follows thermoclines 6-14°C. Colder than pollack but more temperature-tolerant than previously thought. Deep-water comfort zone shifts with temperature stratification.""}, ""climate"": null, ""habitat"": ""demersal"", ""salinity"": {""unit"": ""psu"", ""source"": ""fishbase+obis"", ""inferred"": true, ""optimal_max"": 35, ""optimal_min"": 32, ""tolerance_max"": 38, ""tolerance_min"": 30}, ""substrate"": [""mixed""], ""temperature"": {""mean"": 10, ""unit"": ""celsius"", ""source"": ""ICES/Angler Data/Marine Biology"", ""optimal_max"": 14, ""optimal_min"": 6, ""tolerance_max"": 14, ""tolerance_min"": 3}}",reef_kelp,0.30,0.30,0.15,0.10,0.10,0.05,0,0,moderate,0.55,,moderate,0.1,,0.25,
29717253-1b65-4035-8e22-347696263934,pil,Sardina pilchardus,Sardine,,,,,,[],8,false,false,4,0,50,[],0.50,0.50,0.30,0.40,2025-10-11 14:28:45.557065+00,2025-10-11 14:28:45.557065+00,"{""boat"": {""regions"": ""Atlantic, Mediterranean"", ""authority"": ""Spain/Portugal DGRM/MAPA; France OFB."", ""best_time"": ""𐄳 (Bait fish) Night under lights; dawn when bait shoals push in."", ""baits_diet"": ""Tiny sabiki; plankton feeder."", ""restrictions"": ""Commercial controls common; recreational limits vary—check locally. Primarily a bait species; check local rules on gathering/using live/fresh bait."", ""distance_depth"": ""Surface–midwater 0–40 m near ports/bays. (boat marks deeper/offshore)"", ""weather_effect"": ""Settled weather aggregates shoals; storms disperse."", ""tide_sensitivity"": ""Low; moving water helps schooling behaviour."", ""temperature_effect"": ""Warmer‑water coastal; moves offshore in cold.""}, ""shore"": {""regions"": ""Atlantic, Mediterranean"", ""authority"": ""Spain/Portugal DGRM/MAPA; France OFB."", ""best_time"": ""𐄳 (Bait fish) Night under lights; dawn when bait shoals push in."", ""baits_diet"": ""Tiny sabiki; plankton feeder."", ""restrictions"": ""Commercial controls common; recreational limits vary—check locally. Primarily a bait species; check local rules on gathering/using live/fresh bait."", ""distance_depth"": ""Surface–midwater 0–40 m near ports/bays. (shore accessible range)"", ""weather_effect"": ""Settled weather aggregates shoals; storms disperse."", ""tide_sensitivity"": ""Low; moving water helps schooling behaviour."", ""temperature_effect"": ""Warmer‑water coastal; moves offshore in cold.""}}",,,Always around 𐄳 (bait fish) night under lights; dawn when bait shoals push in. Not into cold shoulders — only tiny sabiki; plankton feeder..,"{""gaps"": [""substrate""], ""depth"": {""unit"": ""meters"", ""source"": ""fishbase"", ""optimal_max"": 100, ""optimal_min"": 25, ""typical_max"": 100, ""typical_min"": 10}, ""notes"": {""temperature"": ""Temperate pelagic species. European waters 13-17°C.""}, ""climate"": null, ""habitat"": ""pelagic-neritic"", ""salinity"": {""unit"": ""psu"", ""source"": ""fishbase+obis"", ""inferred"": true, ""optimal_max"": 35, ""optimal_min"": 20, ""tolerance_max"": 38, ""tolerance_min"": 5}, ""substrate"": [], ""temperature"": {""mean"": 15, ""unit"": ""celsius"", ""source"": ""ICES/Marine Biology"", ""optimal_max"": 17, ""optimal_min"": 13, ""tolerance_max"": 20, ""tolerance_min"": 10}}",pelagic,0.30,0.30,0.15,0.10,0.10,0.05,0,0,moderate,0.55,,moderate,0.1,,0.25,
2bca1f9d-6511-4350-8306-c1bfbd799566,par,Sparisoma cretense,Parrotfish,,,,,,[],8,false,false,4,0,50,[],0.50,0.50,0.30,0.40,2025-10-11 14:28:45.557065+00,2025-10-11 14:28:45.557065+00,"{""shore"": {""regions"": ""Mediterranean (eastern and subtropical pockets)"", ""authority"": ""Regional Med fisheries agencies."", ""best_time"": ""Daylight; calm, clear days."", ""baits_diet"": ""Shellfish, prawns, small crabs; scrapes algae and grazes."", ""restrictions"": ""Local protections in some regions; check rules if planning to retain."", ""distance_depth"": ""Shallow rocky coves and jetties 1–10 m—right where you can see them."", ""weather_effect"": ""Best in calm, clear water; swell hides them in crevices."", ""tide_sensitivity"": ""Low–moderate; mooches around weedy rocks."", ""temperature_effect"": ""Heat-lover; most active in summer.""}}",,,"Love a moonlit dinner daylight; calm, clear days. Just add shellfish.","{""gaps"": [], ""depth"": {""unit"": ""meters"", ""source"": ""fishbase"", ""optimal_max"": 14.5, ""optimal_min"": 6.5, ""typical_max"": 50, ""typical_min"": 20}, ""notes"": {""temperature"": ""Mediterranean parrotfish. Warm waters 19-23°C.""}, ""climate"": null, ""habitat"": null, ""salinity"": {""unit"": ""psu"", ""source"": ""fishbase+obis"", ""inferred"": true, ""optimal_max"": 35, ""optimal_min"": 32, ""tolerance_max"": 38, ""tolerance_min"": 30}, ""substrate"": [""rock"", ""weed""], ""temperature"": {""mean"": 21, ""unit"": ""celsius"", ""source"": ""Mediterranean"", ""optimal_max"": 23, ""optimal_min"": 19, ""tolerance_max"": 26, ""tolerance_min"": 16}}",benthic,0.30,0.30,0.15,0.10,0.10,0.05,0,0,moderate,0.55,,moderate,0.1,,0.25,
33dc4780-c4e1-4346-9b9b-bc475252b8a2,wrb,Labrus bergylta,Ballan Wrasse,,,,,,[],8,false,false,3,0,50,[],0.50,0.50,0.30,0.40,2025-10-11 14:28:45.557065+00,2025-10-11 14:28:45.557065+00,"{""shore"": {""regions"": ""Atlantic, North Sea (west), Mediterranean fringe"", ""authority"": ""Regional conservation/fisheries bodies (e.g., UK IFCAs; Norway Fiskeridirektoratet)."", ""best_time"": ""Daylight, especially on a flooding tide."", ""baits_diet"": ""Crab, prawn, shellfish; raids crevices and kelp fronds."", ""restrictions"": ""Conservation measures in some areas (wrasse for aquaculture); many anglers practise catch & release."", ""distance_depth"": ""Rocky headlands and kelp gullies right under your feet, 2–15 m."", ""weather_effect"": ""Clear water is easier; swell pushes them tight to cover."", ""tide_sensitivity"": ""Moderate; feeds as crabs and prawns shuffle with the tide."", ""temperature_effect"": ""Best in mild–warm months; sluggish in winter.""}}",,,"Always around daylight, especially on a flooding tide. Not into cold shoulders — only crab.","{""gaps"": [], ""depth"": {""unit"": ""meters"", ""source"": ""fishbase"", ""optimal_max"": 30, ""optimal_min"": 2, ""typical_max"": 50, ""typical_min"": 1}, ""climate"": null, ""habitat"": null, ""salinity"": {""unit"": ""psu"", ""source"": ""fishbase+obis"", ""inferred"": true, ""optimal_max"": 35, ""optimal_min"": 32, ""tolerance_max"": 38, ""tolerance_min"": 30}, ""substrate"": [""rock"", ""weed""], ""temperature"": {""mean"": null, ""unit"": ""celsius"", ""source"": ""fishbase_web_scrape"", ""optimal_max"": null, ""optimal_min"": null, ""tolerance_max"": 25, ""tolerance_min"": 5}}",reef_kelp,0.30,0.30,0.15,0.10,0.10,0.05,0,0,moderate,0.55,,moderate,0.1,,0.25,
351d5194-8f72-4c7d-bdd9-cecd18691cca,sqc,Loligo vulgaris,Common Squid,,,,,,[],8,false,false,5,0,50,[],0.50,0.50,0.30,0.40,2025-10-11 14:28:45.557065+00,2025-10-11 14:28:45.557065+00,"{""boat"": {""regions"": ""Atlantic, Mediterranean"", ""authority"": ""Regional fisheries (e.g., Spain MAPA/CCAA; Italy MIPAAF; Portugal DGRM)."", ""best_time"": ""Night with lights; peaks on dusk and first dark, autumn–winter many areas."", ""baits_diet"": ""Egi jigs; preys on small fish, prawns."", ""restrictions"": ""Local seasonal closures/limits may apply; respect harbour rules."", ""distance_depth"": ""From harbour walls to 5–30 m; over sand/weed beds. (boat marks deeper/offshore)"", ""weather_effect"": ""Clear water & small swell best; stirred-up water after storms fishes poorly."", ""tide_sensitivity"": ""Moderate; prefers steady run rather than slack."", ""temperature_effect"": ""Most coastal in cool to mild seasons; heat drives them deeper.""}, ""shore"": {""regions"": ""Atlantic, Mediterranean"", ""authority"": ""Regional fisheries (e.g., Spain MAPA/CCAA; Italy MIPAAF; Portugal DGRM)."", ""best_time"": ""Night with lights; peaks on dusk and first dark, autumn–winter many areas."", ""baits_diet"": ""Egi jigs; preys on small fish, prawns."", ""restrictions"": ""Local seasonal closures/limits may apply; respect harbour rules."", ""distance_depth"": ""From harbour walls to 5–30 m; over sand/weed beds. (shore accessible range)"", ""weather_effect"": ""Clear water & small swell best; stirred-up water after storms fishes poorly."", ""tide_sensitivity"": ""Moderate; prefers steady run rather than slack."", ""temperature_effect"": ""Most coastal in cool to mild seasons; heat drives them deeper.""}}",,,"Always around night with lights; peaks on dusk and first dark, autumn–winter many areas. Not into cold shoulders — only egi jigs; preys on s","{""gaps"": [], ""depth"": {""unit"": ""meters"", ""source"": ""angler_data_obis"", ""optimal_max"": 50, ""optimal_min"": 5, ""typical_max"": 100, ""typical_min"": 5}, ""notes"": {""depth"": ""Inshore 5-50m (peak autumn/winter), offshore to 100m (spring/summer spawning)."", ""salinity"": ""Full-strength seawater preferred (33-38 ppt). Avoids low-salinity zones."", ""seasonal"": ""Inshore autumn-winter for feeding; moves offshore spring-summer for spawning."", ""substrate"": ""Pelagic but spawns on sandy seabed; egg mops attached to substrate. Feeds midwater and bottom."", ""temperature"": ""Temperate squid. European waters 10-18°C optimal, tolerates 8-22°C. Spawning temperature-linked; seasonal movements track thermal boundaries.""}, ""climate"": null, ""habitat"": {""feeding"": [""midwater"", ""bottom""], ""spawning"": [""sand"", ""gravel""], ""preferred"": [""sandy"", ""mixed"", ""seagrass""]}, ""weather"": {""tide"": ""moderate flow"", ""wind"": ""light"", ""clarity"": ""clear""}, ""salinity"": {""mean"": 35.5, ""unit"": ""ppt"", ""source"": ""Angler Data/Marine Biology"", ""optimal_max"": 38, ""optimal_min"": 33, ""tolerance_max"": 39, ""tolerance_min"": 31}, ""seasonal"": {""inshore_peak"": [""autumn"", ""winter""], ""offshore_phase"": [""spring"", ""summer""]}, ""substrate"": {""feeding"": [""midwater"", ""bottom""], ""spawning"": [""sand"", ""gravel""], ""preferred"": [""sand"", ""mixed"", ""seagrass""]}, ""temperature"": {""mean"": 14, ""unit"": ""celsius"", ""source"": ""Marine Biology/Angler Data"", ""optimal_max"": 18, ""optimal_min"": 10, ""tolerance_max"": 22, ""tolerance_min"": 8}}",cephalopod,0.30,0.30,0.15,0.10,0.10,0.05,0,0,moderate,0.55,,moderate,0.1,,0.25,
38f43103-d9be-4e48-8186-0c61070eb6a1,sba,Sparus aurata,Sea Bream (Dorada),,,,,,[],8,false,false,5,0,50,[],0.50,0.50,0.30,0.40,2025-10-11 14:28:45.557065+00,2025-10-11 14:28:45.557065+00,"{""boat"": {""regions"": ""Mediterranean, Southern Atlantic"", ""authority"": ""Spain MAPA/CCAA; Portugal DGRM; Italy MIPAAF."", ""best_time"": ""Dawn/dusk; warm months. Night over beaches/estuaries."", ""baits_diet"": ""Crab, prawn, mussel; cracks shellfish with strong molars."", ""restrictions"": ""Common MLS & bag limits; check local regs."", ""distance_depth"": ""Beaches/estuaries/rocky reefs; 2–30 m. (boat marks deeper/offshore)"", ""weather_effect"": ""Light onshore chop good; heavy surf reduces bites."", ""tide_sensitivity"": ""Strong; mid‑flood around bars/holes excellent."", ""temperature_effect"": ""Prefers ≥15 °C; sluggish in cold snaps.""}, ""shore"": {""regions"": ""Mediterranean, Southern Atlantic"", ""authority"": ""Spain MAPA/CCAA; Portugal DGRM; Italy MIPAAF."", ""best_time"": ""Dawn/dusk; warm months. Night over beaches/estuaries."", ""baits_diet"": ""Crab, prawn, mussel; cracks shellfish with strong molars."", ""restrictions"": ""Common MLS & bag limits; check local regs."", ""distance_depth"": ""Beaches/estuaries/rocky reefs; 2–30 m. (shore accessible range)"", ""weather_effect"": ""Light onshore chop good; heavy surf reduces bites."", ""tide_sensitivity"": ""Strong; mid‑flood around bars/holes excellent."", ""temperature_effect"": ""Prefers ≥15 °C; sluggish in cold snaps.""}}",,,I’m most active dawn/dusk; warm months. Bring crab and let’s make it a date.,"{""gaps"": [], ""depth"": {""unit"": ""meters"", ""source"": ""fishbase"", ""optimal_max"": 30, ""optimal_min"": 1, ""typical_max"": 150, ""typical_min"": 1}, ""notes"": {""temperature"": ""Won't feed well below ~15°C; very responsive to seasonal warming. Excellent correlation between temp and bite rate.""}, ""climate"": null, ""habitat"": null, ""salinity"": {""unit"": ""psu"", ""source"": ""fishbase+obis"", ""inferred"": true, ""optimal_max"": 35, ""optimal_min"": 20, ""tolerance_max"": 38, ""tolerance_min"": 5}, ""substrate"": [""sand"", ""weed""], ""temperature"": {""mean"": 21, ""unit"": ""celsius"", ""source"": ""Angler Data/Mediterranean"", ""optimal_max"": 24, ""optimal_min"": 18, ""tolerance_max"": 26, ""tolerance_min"": 15}}",reef_kelp,0.30,0.30,0.15,0.10,0.10,0.05,0,0,moderate,0.55,,moderate,0.1,,0.25,
395e9d85-9660-4b5c-9015-0dbcd37ce194,med-scad,Trachurus mediterraneus,Mediterranean Scad,Jurel Mediterráneo,Chinchard Méditerranéen,,Suro Mediterraneo,,"[""sabiki rigs"",""light tackle""]",8,false,false,3,0,100,"[""open water"",""harbour lights""]",0.50,0.50,0.30,0.40,2025-10-13 17:45:31.481089+00,2025-10-13 17:45:31.481089+00,[],,,,,default_coastal,0.30,0.30,0.15,0.10,0.10,0.05,0,0,moderate,0.55,"[""mid_flood"",""early_ebb""]",moderate,0.1,"[""12"",""18""]",0.3,"[[""lights_at_night"", ""+0.2""]]"
39d25a22-dea4-41b1-8af0-c55e501b715c,cod,Gadus morhua,Cod (Coastal),,,,,,[],8,false,false,5,0,50,[],0.50,0.50,0.30,0.40,2025-10-11 14:28:45.557065+00,2025-10-11 14:28:45.557065+00,"{""boat"": {""regions"": ""North Sea, Baltic, Norwegian waters"", ""authority"": ""Norway Fiskeridirektoratet; Denmark/Sweden agencies; UK IFCA/MMO."", ""best_time"": ""Low light and night; autumn–winter inshore peaks."", ""baits_diet"": ""Lug/ragworm, squid, crab, fish baits; eats crabs, fish, shellfish."", ""restrictions"": ""Closed areas/seasons and MLS common, especially Baltic—check locally."", ""distance_depth"": ""Deeper rough ground and wrecks 20–60 m."", ""weather_effect"": ""Settling after storms good; extreme swell makes it hard to fish effectively."", ""tide_sensitivity"": ""Strong; running tide over rough ground best."", ""temperature_effect"": ""Cold‑water species; moves deeper when warm.""}, ""shore"": {""regions"": ""North Sea, Baltic, Norwegian waters"", ""authority"": ""Norway Fiskeridirektoratet; Denmark/Sweden agencies; UK IFCA/MMO."", ""best_time"": ""Low light and night; autumn–winter inshore peaks."", ""baits_diet"": ""Lug/ragworm, squid, crab, fish baits; eats crabs, fish, shellfish."", ""restrictions"": ""Closed areas/seasons and MLS common, especially Baltic—check locally."", ""distance_depth"": ""Shallow rough ground 5–20 m from beaches, piers, rocks."", ""weather_effect"": ""Settling after storms good; extreme swell makes it hard to fish effectively."", ""tide_sensitivity"": ""Strong; running tide over rough ground best."", ""temperature_effect"": ""Cold‑water species; moves deeper when warm.""}}",,,I’m most active low light and night; autumn–winter inshore peaks. Bring lug/ragworm and let’s make it a date.,"{""gaps"": [], ""depth"": {""unit"": ""meters"", ""source"": ""species_table"", ""optimal_max"": 200, ""optimal_min"": 150, ""typical_max"": 50, ""typical_min"": 0}, ""climate"": null, ""habitat"": null, ""salinity"": {""unit"": ""psu"", ""source"": ""fishbase+obis"", ""inferred"": true, ""optimal_max"": 35, ""optimal_min"": 20, ""tolerance_max"": 38, ""tolerance_min"": 5}, ""substrate"": [""rock"", ""weed""], ""temperature"": {""mean"": null, ""unit"": ""celsius"", ""source"": ""fishbase_web_scrape"", ""optimal_max"": null, ""optimal_min"": null, ""tolerance_max"": 15, ""tolerance_min"": 0}}",benthic,0.30,0.30,0.15,0.10,0.10,0.05,0,0,moderate,0.55,,moderate,0.1,,0.25,
413a7363-c51e-46e0-8b71-a48054dcae1d,bonito,Sarda sarda,Atlantic Bonito,Bonito del Atlántico,Bonite à Dos Rayé,,Palamita,,"[""trolling"",""spinning"",""jigging""]",8,false,true,4,0,50,"[""open water"",""bait balls"",""current lines""]",0.50,0.50,0.30,0.40,2025-10-13 17:45:31.481089+00,2025-10-13 17:45:31.481089+00,[],,,,,default_coastal,0.30,0.30,0.15,0.10,0.10,0.05,0,0,strong,0.6,"[""mid_flood"",""early_ebb""]",moderate,0.2,"[""18"",""23""]",0.35,"[[""bait_balls"", ""+0.3""], [""rip_lines"", ""+0.2""]]"
47bdcecf-fe46-4d5e-a4b2-304820c56367,SAL,Sarpa salpa,Salema (Saupe),Salema,Saupe,Goldbrasse,Salpa,Salema,"[""float"",""bread_paste"",""weed_bait"",""small_hooks""]",7,false,true,4,1,30,"[""weed_beds"",""reef"",""shallow""]",0.40,0.80,0.30,0.30,2025-10-11 14:51:43.800627+00,2025-10-11 14:51:43.800627+00,"{""boat"": {""regions"": ""Nearshore weed/reef"", ""authority"": ""Regional Med fisheries"", ""best_time"": ""Daylight, summer"", ""baits_diet"": ""Weed baits, small shrimp"", ""restrictions"": ""Local rules"", ""distance_depth"": ""5-30 m"", ""weather_effect"": ""Calm/clear"", ""tide_sensitivity"": ""Low"", ""temperature_effect"": ""Warm months""}, ""shore"": {""regions"": ""Mediterranean, Macaronesia fringe"", ""authority"": ""Regional Med fisheries"", ""best_time"": ""Daylight on calm, clear days"", ""baits_diet"": ""Weed, bread paste, tiny shrimps; herbivore/omnivore"", ""restrictions"": ""Local MLS/bag limits possible"", ""distance_depth"": ""Shallow weed beds/reefs 1-10 m"", ""weather_effect"": ""Clear/settled best; swell hides shoals"", ""tide_sensitivity"": ""Low; gentle movement fine"", ""temperature_effect"": ""Likes warm water; summer peak""}}",,,Sun-loving veggie with a soft spot for bread dates. Keep it chill and clear.,"{""gaps"": [], ""depth"": {""unit"": ""meters"", ""source"": ""fishbase"", ""optimal_max"": 7.5, ""optimal_min"": 2, ""typical_max"": 70, ""typical_min"": 5}, ""notes"": {""temperature"": ""Warm water herbivorous sparid. Seagrass specialist requiring warm shallow waters. Mediterranean and subtropical eastern Atlantic.""}, ""climate"": null, ""habitat"": null, ""salinity"": {""unit"": ""psu"", ""source"": ""fishbase+obis"", ""inferred"": true, ""optimal_max"": 35, ""optimal_min"": 20, ""tolerance_max"": 38, ""tolerance_min"": 5}, ""substrate"": [""rock"", ""sand"", ""weed""], ""temperature"": {""mean"": 20, ""unit"": ""celsius"", ""source"": ""Mediterranean/Marine Biology"", ""optimal_max"": 23, ""optimal_min"": 17, ""tolerance_max"": 26, ""tolerance_min"": 14}}",default_coastal,0.30,0.30,0.15,0.10,0.10,0.05,0,0,moderate,0.55,,moderate,0.1,,0.25,
4b81f63b-655c-44b1-ac06-c2b13dd41b13,brs,Spondyliosoma cantharus,Black Seabream,,,,,,[],8,false,false,4,0,50,[],0.50,0.50,0.30,0.40,2025-10-11 14:28:45.557065+00,2025-10-11 14:28:45.557065+00,"{""boat"": {""regions"": ""Mediterranean, Atlantic"", ""authority"": ""Regional Med fisheries agencies"", ""best_time"": ""Dawn/daylight"", ""baits_diet"": ""Shellfish, worms, squid; omnivore"", ""restrictions"": ""Spawning aggregations protected"", ""distance_depth"": ""Reefs, wrecks 20–50m"", ""weather_effect"": ""Feeds in calm/light chop"", ""tide_sensitivity"": ""Moderate; likes flowing water"", ""temperature_effect"": ""Prefers mild–warm; spawns spring inshore""}, ""shore"": {""regions"": ""Mediterranean, Atlantic"", ""authority"": ""Regional Med fisheries agencies"", ""best_time"": ""Dawn/daylight"", ""baits_diet"": ""Shellfish, worms, squid; omnivore"", ""restrictions"": ""Spawning aggregations protected"", ""distance_depth"": ""Piers, rocky ground 5–15m"", ""weather_effect"": ""Feeds in calm/light chop"", ""tide_sensitivity"": ""Moderate; likes flowing water"", ""temperature_effect"": ""Prefers mild–warm; spawns spring inshore""}}",,,"Catch me dawn/daylight. Big on group dates, especially with shellfish.","{""gaps"": [""substrate""], ""depth"": {""unit"": ""meters"", ""source"": ""fishbase"", ""optimal_max"": 29, ""optimal_min"": 13, ""typical_max"": 300, ""typical_min"": 5}, ""notes"": {""temperature"": ""Warm temperate species. Common in southern UK waters. Won't feed well below ~15°C; activity and feeding rate increase significantly in warmer water 15-26°C.""}, ""climate"": null, ""habitat"": ""benthopelagic"", ""salinity"": {""unit"": ""psu"", ""source"": ""fishbase+obis"", ""inferred"": true, ""optimal_max"": 35, ""optimal_min"": 32, ""tolerance_max"": 38, ""tolerance_min"": 30}, ""substrate"": [], ""temperature"": {""mean"": 20.5, ""unit"": ""celsius"", ""source"": ""Marine Biology/Angler Data"", ""optimal_max"": 26, ""optimal_min"": 15, ""tolerance_max"": 26, ""tolerance_min"": 10}}",default_coastal,0.30,0.30,0.15,0.10,0.10,0.05,0,0,moderate,0.55,,moderate,0.1,,0.25,
52fee867-bd14-4cd2-8904-f368c9097c01,tur,Scophthalmus maximus,Turbot (Small),,,,,,[],8,false,false,5,0,50,[],0.50,0.50,0.30,0.40,2025-10-11 14:28:45.557065+00,2025-10-11 14:28:45.557065+00,"{""boat"": {""regions"": ""North Sea, Atlantic"", ""authority"": ""North Sea national agencies; UK IFCA/MMO; NL/DE authorities."", ""best_time"": ""Dawn/dusk drifts over sandbanks."", ""baits_diet"": ""Whole sandeel, fish strips; ambush predator."", ""restrictions"": ""Strict MLS & protections—release undersized (‘small’) fish."", ""distance_depth"": ""Sandbanks 10–70 m; often just off beaches. (boat marks deeper/offshore)"", ""weather_effect"": ""Slight chop good; heavy surf buries baits."", ""tide_sensitivity"": ""Moderate; moving water over drop-offs and sandbanks best."", ""temperature_effect"": ""Active spring–autumn; slows in very cold water.""}, ""shore"": {""regions"": ""North Sea, Atlantic"", ""authority"": ""North Sea national agencies; UK IFCA/MMO; NL/DE authorities."", ""best_time"": ""Dawn/dusk drifts over sandbanks."", ""baits_diet"": ""Whole sandeel, fish strips; ambush predator."", ""restrictions"": ""Strict MLS & protections—release undersized (‘small’) fish."", ""distance_depth"": ""Sandbanks 10–70 m; often just off beaches. (shore accessible range)"", ""weather_effect"": ""Slight chop good; heavy surf buries baits."", ""tide_sensitivity"": ""Moderate; moving water over drop-offs and sandbanks best."", ""temperature_effect"": ""Active spring–autumn; slows in very cold water.""}}",,,Looking for someone who gets me dawn/dusk drifts over sandbanks. Bonus points if you’ve got whole sandeel.,"{""gaps"": [], ""depth"": {""unit"": ""meters"", ""source"": ""fishbase"", ""optimal_max"": 27, ""optimal_min"": 12, ""typical_max"": 70, ""typical_min"": 20}, ""notes"": {""temperature"": ""Temperate flatfish. Prefers 10-14°C. Aquaculture species.""}, ""climate"": null, ""habitat"": null, ""salinity"": {""unit"": ""psu"", ""source"": ""fishbase+obis"", ""inferred"": true, ""optimal_max"": 35, ""optimal_min"": 20, ""tolerance_max"": 38, ""tolerance_min"": 5}, ""substrate"": [""rock""], ""temperature"": {""mean"": 12, ""unit"": ""celsius"", ""source"": ""ICES/Aquaculture"", ""optimal_max"": 14, ""optimal_min"": 10, ""tolerance_max"": 18, ""tolerance_min"": 6}}",benthic,0.30,0.30,0.15,0.10,0.10,0.05,0,0,moderate,0.55,,moderate,0.1,,0.25,
64768e97-9b31-4a15-977b-ba31d79f104b,spr,Sprattus sprattus,Sprat,,,,,,[],8,false,false,4,0,50,[],0.50,0.50,0.30,0.40,2025-10-11 14:28:45.557065+00,2025-10-11 14:28:45.557065+00,"{""boat"": {""regions"": ""Baltic, North Sea"", ""authority"": ""Baltic national agencies; port by‑laws."", ""best_time"": ""𐄳 (Bait fish) Night under lights; winter harbours."", ""baits_diet"": ""Very fine sabiki; plankton feeder."", ""restrictions"": ""Often regulated with seasonal closures—check locally. Primarily a bait species; check local rules on gathering/using live/fresh bait."", ""distance_depth"": ""Surface shoals 0–30 m in bays/ports. (boat marks deeper/offshore)"", ""weather_effect"": ""Calm, clear nights best; storm murky water disperses."", ""tide_sensitivity"": ""Low; congregates where plankton concentrates."", ""temperature_effect"": ""Prefers cool waters; winter inshore.""}, ""shore"": {""regions"": ""Baltic, North Sea"", ""authority"": ""Baltic national agencies; port by‑laws."", ""best_time"": ""𐄳 (Bait fish) Night under lights; winter harbours."", ""baits_diet"": ""Very fine sabiki; plankton feeder."", ""restrictions"": ""Often regulated with seasonal closures—check locally. Primarily a bait species; check local rules on gathering/using live/fresh bait."", ""distance_depth"": ""Surface shoals 0–30 m in bays/ports. (shore accessible range)"", ""weather_effect"": ""Calm, clear nights best; storm murky water disperses."", ""tide_sensitivity"": ""Low; congregates where plankton concentrates."", ""temperature_effect"": ""Prefers cool waters; winter inshore.""}}",,,Looking for someone who gets me 𐄳 (bait fish) night under lights; winter harbours. Bonus points if you’ve got very fine sabiki; plankton fee,"{""gaps"": [""substrate""], ""depth"": {""unit"": ""meters"", ""source"": ""fishbase"", ""optimal_max"": 46, ""optimal_min"": 23.5, ""typical_max"": 150, ""typical_min"": 10}, ""notes"": {""temperature"": ""Cold-temperate small pelagic. Baltic/North Sea 7-12°C.""}, ""climate"": null, ""habitat"": ""pelagic-neritic"", ""salinity"": {""unit"": ""psu"", ""source"": ""fishbase+obis"", ""inferred"": true, ""optimal_max"": 35, ""optimal_min"": 20, ""tolerance_max"": 38, ""tolerance_min"": 5}, ""substrate"": [], ""temperature"": {""mean"": 9.5, ""unit"": ""celsius"", ""source"": ""ICES/Marine Biology"", ""optimal_max"": 12, ""optimal_min"": 7, ""tolerance_max"": 16, ""tolerance_min"": 4}}",pelagic,0.30,0.30,0.15,0.10,0.10,0.05,0,0,moderate,0.55,,moderate,0.1,,0.25,
649d843b-afcb-4c0f-b2a8-de537b76f9d7,mul,Mullus surmuletus,Red Mullet,,,,,,[],8,false,false,5,0,50,[],0.50,0.50,0.30,0.40,2025-10-11 14:28:45.557065+00,2025-10-11 14:28:45.557065+00,"{""boat"": {""regions"": ""Mediterranean, Bay of Biscay"", ""authority"": ""Spain MAPA/CCAA; France OFB; Portugal DGRM."", ""best_time"": ""Daytime; dawn on calm, clear days."", ""baits_diet"": ""Small worms, shrimps; uses barbels to root crustaceans."", ""restrictions"": ""Minimum sizes common; verify locally."", ""distance_depth"": ""Sandy/muddy bays 5–50 m; often close in. (boat marks deeper/offshore)"", ""weather_effect"": ""Settled, clear water ideal; heavy swell suppresses feeding."", ""tide_sensitivity"": ""Moderate; flooding tide over clean sand best."", ""temperature_effect"": ""Warm‑water preference; summer–autumn peak.""}, ""shore"": {""regions"": ""Mediterranean, Bay of Biscay"", ""authority"": ""Spain MAPA/CCAA; France OFB; Portugal DGRM."", ""best_time"": ""Daytime; dawn on calm, clear days."", ""baits_diet"": ""Small worms, shrimps; uses barbels to root crustaceans."", ""restrictions"": ""Minimum sizes common; verify locally."", ""distance_depth"": ""Sandy/muddy bays 5–50 m; often close in. (shore accessible range)"", ""weather_effect"": ""Settled, clear water ideal; heavy swell suppresses feeding."", ""tide_sensitivity"": ""Moderate; flooding tide over clean sand best."", ""temperature_effect"": ""Warm‑water preference; summer–autumn peak.""}}",,,"Love a moonlit dinner daytime; dawn on calm, clear days. Just add small worms.","{""gaps"": [], ""depth"": {""unit"": ""meters"", ""source"": ""fishbase"", ""optimal_max"": 64, ""optimal_min"": 18.5, ""typical_max"": 409, ""typical_min"": 5}, ""notes"": {""temperature"": ""Warm temperate species 15-19°C. Common Mediterranean.""}, ""climate"": null, ""habitat"": null, ""salinity"": {""unit"": ""psu"", ""source"": ""fishbase+obis"", ""inferred"": true, ""optimal_max"": 35, ""optimal_min"": 32, ""tolerance_max"": 38, ""tolerance_min"": 30}, ""substrate"": [""rock""], ""temperature"": {""mean"": 17, ""unit"": ""celsius"", ""source"": ""Mediterranean/Marine Biology"", ""optimal_max"": 19, ""optimal_min"": 15, ""tolerance_max"": 22, ""tolerance_min"": 12}}",surf_estuary,0.30,0.30,0.15,0.10,0.10,0.05,0,0,moderate,0.55,,moderate,0.1,,0.25,
6584ac8d-15a1-43bd-a3b3-8d45bc482814,bluefish,Pomatomus saltatrix,Bluefish,Anjova,Tassergal,,Serra,,"[""trolling"",""spinning"",""jigging""]",8,false,true,4,0,40,"[""open water"",""bait balls"",""river mouths""]",0.50,0.50,0.30,0.40,2025-10-13 17:45:31.481089+00,2025-10-13 17:45:31.481089+00,[],,,,,default_coastal,0.30,0.30,0.15,0.10,0.10,0.05,0,0,strong,0.65,"[""mid_flood"",""early_ebb""]",strong,0.25,"[""18"",""24""]",0.4,"[[""bait_balls"", ""+0.3""], [""river_mouths"", ""+0.2""]]"
680e1bcb-8d4c-45a6-bd8a-fd95e14a75c9,SSH,Mustelus asterias,Starry Smoothhound,Pintarroja estrellada,Emissole étoilée,Sternhai,Palombo stellato,Cação-liso estrelado,"[""crab_baits"",""bottom_rigs"",""kayak""]",8,false,true,4,3,60,"[""clean_ground"",""mixed_ground"",""sand""]",0.30,0.60,0.30,0.60,2025-10-11 14:51:43.800627+00,2025-10-11 14:51:43.800627+00,"{""boat"": {""regions"": ""Banks/edges 10-60 m"", ""authority"": ""National fisheries"", ""best_time"": ""Flood/ebb runs"", ""baits_diet"": ""Crabs; scent trails work"", ""restrictions"": ""Local rules"", ""distance_depth"": ""10-60 m clean/mixed"", ""weather_effect"": ""Moderate chop ok"", ""tide_sensitivity"": ""Strong"", ""temperature_effect"": ""Warm months""}, ""shore"": {""regions"": ""UK/IE/FR/ES Atlantic coasts"", ""authority"": ""National fisheries"", ""best_time"": ""Late spring-autumn; dusk into night"", ""baits_diet"": ""Peeler crab, hardback crab, prawn"", ""restrictions"": ""Local size/bag rules; many C&R"", ""distance_depth"": ""Clean/mixed ground 3-15 m"", ""weather_effect"": ""Fishable in light chop; heavy surf reduces bites"", ""tide_sensitivity"": ""Strong; likes push on flood"", ""temperature_effect"": ""Perks up in warmer months""}}",,,Crab connoisseur seeking a spring fling on the flood.,"{""gaps"": [], ""depth"": {""unit"": ""meters"", ""source"": ""species_table"", ""optimal_max"": 69, ""optimal_min"": 32, ""typical_max"": 60, ""typical_min"": 3}, ""notes"": {""temperature"": ""Temperate shark. 'Summer sharks' - appear as water warms (12-20°C). Feeding activity peaks in warmest months. Similar behavior to Common Smoothhound.""}, ""climate"": null, ""habitat"": ""demersal"", ""salinity"": {""unit"": ""psu"", ""source"": ""fishbase+obis"", ""inferred"": true, ""optimal_max"": 35, ""optimal_min"": 32, ""tolerance_max"": 38, ""tolerance_min"": 30}, ""substrate"": [""mixed"", ""sand""], ""temperature"": {""mean"": 16, ""unit"": ""celsius"", ""source"": ""Marine Biology/Angler Data"", ""optimal_max"": 20, ""optimal_min"": 12, ""tolerance_max"": 20, ""tolerance_min"": 9}}",benthic,0.30,0.30,0.15,0.10,0.10,0.05,0,0,moderate,0.55,,moderate,0.1,,0.25,
70083afd-7e2c-4ebf-aa3e-9ce079647c83,mac,Scomber scombrus,Mackerel,,,,,,[],8,false,false,4,0,50,[],0.50,0.50,0.30,0.40,2025-10-11 14:28:45.557065+00,2025-10-11 14:28:45.557065+00,"{""boat"": {""regions"": ""Atlantic, North Sea, Baltic"", ""authority"": ""Local harbour by‑laws; national fisheries sites (e.g., UK IFCA/MMO; Ireland SFPA)."", ""best_time"": ""Daylight when shoals are in; dawn/evening peaks in summer."", ""baits_diet"": ""Feathers/sabiki, small metals; eats sprats, sandeels, krill/zooplankton."", ""restrictions"": ""Local bag limits in places; observe pier/harbour rules."", ""distance_depth"": ""Offshore shoals middle depths 20–60 m; trolling and drift feathers."", ""weather_effect"": ""Stable, settled weather concentrates shoals; heavy swell scatters bait."", ""tide_sensitivity"": ""Low–moderate; moving water helps push bait inshore."", ""temperature_effect"": ""Stays near the surface in warm seasons; moves offshore/deeper when cold.""}, ""shore"": {""regions"": ""Atlantic, North Sea, Baltic"", ""authority"": ""Local harbour by‑laws; national fisheries sites (e.g., UK IFCA/MMO; Ireland SFPA)."", ""best_time"": ""Daylight when shoals are in; dawn/evening peaks in summer."", ""baits_diet"": ""Feathers/sabiki, small metals; eats sprats, sandeels, krill/zooplankton."", ""restrictions"": ""Local bag limits in places; observe pier/harbour rules."", ""distance_depth"": ""Shoals close to piers/headlands; middle depths 5–20 m."", ""weather_effect"": ""Stable, settled weather concentrates shoals; heavy swell scatters bait."", ""tide_sensitivity"": ""Low–moderate; moving water helps push bait inshore."", ""temperature_effect"": ""Stays near the surface in warm seasons; moves offshore/deeper when cold.""}}",,,I’m most active daylight when shoals are in; dawn/evening peaks in summer. Bring feathers/sabiki and let’s make it a date.,"{""gaps"": [""substrate""], ""depth"": {""unit"": ""meters"", ""source"": ""species_table"", ""optimal_max"": 200, ""optimal_min"": 63.5, ""typical_max"": 50, ""typical_min"": 0}, ""notes"": {""temperature"": ""Atlantic mackerel prefer 11-14°C. Migrate seasonally following temperature gradients. Avoid <8°C and >20°C.""}, ""climate"": null, ""habitat"": ""pelagic-neritic"", ""salinity"": {""unit"": ""psu"", ""source"": ""fishbase+obis"", ""inferred"": true, ""optimal_max"": 35, ""optimal_min"": 20, ""tolerance_max"": 38, ""tolerance_min"": 5}, ""substrate"": [], ""temperature"": {""mean"": 12.5, ""unit"": ""celsius"", ""source"": ""ICES/Marine Biology"", ""optimal_max"": 14, ""optimal_min"": 11, ""tolerance_max"": 20, ""tolerance_min"": 8}}",pelagic,0.30,0.35,0.15,0.08,0.05,0.07,0,0,strong,0.70,"[""mid_flood"",""early_ebb""]",moderate,0.30,"[""10"",""16""]",0.40,"[[""tidal_rips"", ""+0.2""], [""headlands"", ""+0.2""]]"
74a25287-ab66-41b2-bc6d-2807ce4d301f,lta,Euthynnus alletteratus,Little Tunny,,,,,,[],8,false,false,4,0,50,[],0.50,0.50,0.30,0.40,2025-10-11 14:28:45.557065+00,2025-10-11 14:28:45.557065+00,"{""boat"": {""regions"": ""Mediterranean, Atlantic Iberia"", ""authority"": ""Spain MAPA/CCAA; Italy MIPAAF; Portugal DGRM."", ""best_time"": ""First light and late afternoon; active whenever bait showers on the surface."", ""baits_diet"": ""Fast metals, casting jigs, stickbaits; blitzes anchovy/sardine/sprat shoals."", ""restrictions"": ""Pay attention to tuna/large pelagic regulations; some areas require release or logbooks."", ""distance_depth"": ""Nearshore to offshore rips and temperature breaks; troll or run-and-gun where birds work."", ""weather_effect"": ""Settled conditions show surface feeds; wind pushes action into current seams."", ""tide_sensitivity"": ""Low–moderate; current lines help concentrate baitfish."", ""temperature_effect"": ""Loves warm water; pushes south/deeper when it cools.""}, ""shore"": {""regions"": ""Mediterranean, Atlantic Iberia"", ""authority"": ""Spain MAPA/CCAA; Italy MIPAAF; Portugal DGRM."", ""best_time"": ""First light and late afternoon; active whenever bait showers on the surface."", ""baits_diet"": ""Fast metals, casting jigs, stickbaits; blitzes anchovy/sardine/sprat shoals."", ""restrictions"": ""Pay attention to tuna/large pelagic regulations; some areas require release or logbooks."", ""distance_depth"": ""Headlands, harbour mouths and nearshore rips from shore; offshore feeding lanes by boat."", ""weather_effect"": ""Settled conditions show surface feeds; wind pushes action into current seams."", ""tide_sensitivity"": ""Low–moderate; current lines help concentrate baitfish."", ""temperature_effect"": ""Loves warm water; pushes south/deeper when it cools.""}}",,,Looking for someone who gets me first light and late afternoon; active whenever bait showers on the surface. Bonus points if you’ve got fast,"{""gaps"": [""substrate""], ""depth"": {""unit"": ""meters"", ""source"": ""fishbase"", ""optimal_max"": 642.5, ""optimal_min"": 39, ""typical_max"": 150, ""typical_min"": 1}, ""notes"": {""temperature"": ""Warm water tuna. Subtropical/tropical 20-28°C. Tracks temperature fronts and thermal boundaries; highly migratory following warm currents.""}, ""climate"": null, ""habitat"": ""pelagic-oceanic"", ""salinity"": {""unit"": ""psu"", ""source"": ""fishbase+obis"", ""inferred"": true, ""optimal_max"": 35, ""optimal_min"": 20, ""tolerance_max"": 38, ""tolerance_min"": 5}, ""substrate"": [], ""temperature"": {""mean"": 24, ""unit"": ""celsius"", ""source"": ""Tropical/Angler Data"", ""optimal_max"": 28, ""optimal_min"": 20, ""tolerance_max"": 30, ""tolerance_min"": 18}}",pelagic,0.30,0.30,0.15,0.10,0.10,0.05,0,0,moderate,0.55,,moderate,0.1,,0.25,
77553fff-3979-4f02-a16a-61f0a01c261f,gug,Chelidonichthys lucerna,Tub Gurnard,,,,,,[],8,false,false,4,0,50,[],0.50,0.50,0.30,0.40,2025-10-11 14:28:45.557065+00,2025-10-11 14:28:45.557065+00,"{""boat"": {""regions"": ""Atlantic, Mediterranean"", ""authority"": ""National fisheries agencies"", ""best_time"": ""Daytime"", ""baits_diet"": ""Small fish, shrimp, crab; hunts on seabed"", ""restrictions"": ""MLS varies; often kept for food"", ""distance_depth"": ""Boat drifts 20–60m over sand/mud"", ""weather_effect"": ""Feeds well in moderate chop"", ""tide_sensitivity"": ""Moderate; over sandy/mixed ground"", ""temperature_effect"": ""Feeds in warmer seas; less in cold winters""}, ""shore"": {""regions"": ""Atlantic, Mediterranean"", ""authority"": ""National fisheries agencies"", ""best_time"": ""Daytime"", ""baits_diet"": ""Small fish, shrimp, crab; hunts on seabed"", ""restrictions"": ""MLS varies; often kept for food"", ""distance_depth"": ""Shallows 5–15m"", ""weather_effect"": ""Feeds well in moderate chop"", ""tide_sensitivity"": ""Moderate; over sandy/mixed ground"", ""temperature_effect"": ""Feeds in warmer seas; less in cold winters""}}",,,Always around daytime. Not into cold shoulders — only small fish.,"{""gaps"": [], ""depth"": {""unit"": ""meters"", ""source"": ""fishbase"", ""optimal_max"": 40, ""optimal_min"": 18, ""typical_max"": 318, ""typical_min"": 20}, ""climate"": null, ""habitat"": null, ""salinity"": {""unit"": ""psu"", ""source"": ""fishbase+obis"", ""inferred"": true, ""optimal_max"": 35, ""optimal_min"": 32, ""tolerance_max"": 38, ""tolerance_min"": 30}, ""substrate"": [""mixed""], ""temperature"": {""mean"": null, ""unit"": ""celsius"", ""source"": ""fishbase_web_scrape"", ""optimal_max"": null, ""optimal_min"": null, ""tolerance_max"": 24, ""tolerance_min"": 8}}",reef_kelp,0.30,0.30,0.15,0.10,0.10,0.05,0,0,moderate,0.55,,moderate,0.1,,0.25,
7d5e3175-325e-4173-bf73-20cfa8149027,ple,Pleuronectes platessa,Plaice,,,,,,[],8,false,false,4,0,50,[],0.50,0.50,0.30,0.40,2025-10-11 14:28:45.557065+00,2025-10-11 14:28:45.557065+00,"{""boat"": {""regions"": ""Atlantic, North Sea"", ""authority"": ""National fisheries agencies"", ""best_time"": ""Daylight"", ""baits_diet"": ""Worms, clams, mussels; bottom grazer"", ""restrictions"": ""MLS 27cm in UK/Europe; seasonal closures"", ""distance_depth"": ""Drifting over offshore banks 10–40m"", ""weather_effect"": ""Clear calm seas favour sight feeding"", ""tide_sensitivity"": ""Better on flooding tide"", ""temperature_effect"": ""Mild/cool best; sluggish in cold winter""}, ""shore"": {""regions"": ""Atlantic, North Sea"", ""authority"": ""National fisheries agencies"", ""best_time"": ""Daylight"", ""baits_diet"": ""Worms, clams, mussels; bottom grazer"", ""restrictions"": ""MLS 27cm in UK/Europe; seasonal closures"", ""distance_depth"": ""Beaches and estuaries, 2–10m"", ""weather_effect"": ""Clear calm seas favour sight feeding"", ""tide_sensitivity"": ""Better on flooding tide"", ""temperature_effect"": ""Mild/cool best; sluggish in cold winter""}}",,,Looking for someone who gets me daylight. Bonus points if you’ve got worms.,"{""gaps"": [], ""depth"": {""unit"": ""meters"", ""source"": ""species_table"", ""optimal_max"": 50, ""optimal_min"": 10, ""typical_max"": 50, ""typical_min"": 0}, ""climate"": null, ""habitat"": null, ""salinity"": {""unit"": ""psu"", ""source"": ""fishbase+obis"", ""inferred"": true, ""optimal_max"": 35, ""optimal_min"": 20, ""tolerance_max"": 38, ""tolerance_min"": 5}, ""substrate"": [""mixed""], ""temperature"": {""mean"": null, ""unit"": ""celsius"", ""source"": ""fishbase_web_scrape"", ""optimal_max"": null, ""optimal_min"": null, ""tolerance_max"": 15, ""tolerance_min"": 2}}",benthic,0.30,0.30,0.15,0.10,0.10,0.05,0,0,moderate,0.55,,moderate,0.1,,0.25,
7f00612a-ce1c-4380-b227-2d0ec5bc715c,CSH,Mustelus mustelus,Common Smoothhound,Pintarroja,Emissole tachetée,Glatter Hai,Palombo,Cação-liso,"[""crab_baits"",""bottom_rigs"",""kayak""]",8,false,true,4,3,60,"[""clean_ground"",""mixed_ground"",""sand""]",0.30,0.60,0.30,0.60,2025-10-11 14:51:43.800627+00,2025-10-11 14:51:43.800627+00,"{""boat"": {""regions"": ""Banks/edges 10-60 m"", ""authority"": ""National fisheries"", ""best_time"": ""Flood/ebb runs"", ""baits_diet"": ""Crab baits with elastic thread"", ""restrictions"": ""Local rules"", ""distance_depth"": ""10-60 m"", ""weather_effect"": ""Moderate chop fine"", ""tide_sensitivity"": ""Strong"", ""temperature_effect"": ""Warm months""}, ""shore"": {""regions"": ""SE/SW Europe, Med and Atlantic"", ""authority"": ""National fisheries"", ""best_time"": ""Late spring-autumn; dusk best"", ""baits_diet"": ""Crab foremost; also prawn"", ""restrictions"": ""Local rules; many anglers release"", ""distance_depth"": ""Clean/mixed ground 3-15 m"", ""weather_effect"": ""Moderate seas OK"", ""tide_sensitivity"": ""Strong; flooding tide key"", ""temperature_effect"": ""Warmth helps; retreats deeper in cold""}}",,,Smooth operator with a thing for peeler crabs.,"{""gaps"": [], ""depth"": {""unit"": ""meters"", ""source"": ""fishbase"", ""optimal_max"": 50, ""optimal_min"": 5, ""typical_max"": 624, ""typical_min"": 5}, ""notes"": {""temperature"": ""Temperate shark. 'Summer sharks' - appear as water warms (12-20°C). Feeding activity peaks in warmest months.""}, ""climate"": null, ""habitat"": ""demersal"", ""salinity"": {""unit"": ""psu"", ""source"": ""fishbase+obis"", ""inferred"": true, ""optimal_max"": 35, ""optimal_min"": 32, ""tolerance_max"": 38, ""tolerance_min"": 30}, ""substrate"": [""mixed"", ""sand""], ""temperature"": {""mean"": 16, ""unit"": ""celsius"", ""source"": ""Marine Biology/Angler Data"", ""optimal_max"": 20, ""optimal_min"": 12, ""tolerance_max"": 20, ""tolerance_min"": 10}}",benthic,0.30,0.30,0.15,0.10,0.10,0.05,0,0,moderate,0.55,,moderate,0.1,,0.25,
80bed2d4-d4be-4c67-a39c-b53071cfa116,WRG,Ctenolabrus rupestris,Goldsinny Wrasse,Tordo roquero,Crénilabre doré,Goldmaid,Tordo dorato,Bodião-dourado,"[""crab_bait"",""prawn"",""LRF""]",7,false,true,2,1,20,"[""harbour"",""kelp"",""rocks""]",0.20,0.70,0.30,0.40,2025-10-11 14:51:43.800627+00,2025-10-11 14:51:43.800627+00,"{""boat"": {""regions"": ""Shallow reefs/weed beds"", ""authority"": ""Regional conservation/fisheries"", ""best_time"": ""Daylight"", ""baits_diet"": ""Micro baits; tiny jigs"", ""restrictions"": ""Local limits possible"", ""distance_depth"": ""1-15 m"", ""weather_effect"": ""Settle/clear"", ""tide_sensitivity"": ""Low-moderate"", ""temperature_effect"": ""Warm months best""}, ""shore"": {""regions"": ""NE Atlantic, Channel"", ""authority"": ""Regional conservation/fisheries"", ""best_time"": ""Bright days around kelp/rocks"", ""baits_diet"": ""Tiny crab/prawn bits; picks at invertebrates"", ""restrictions"": ""Often used as livebait; check local rules"", ""distance_depth"": ""Harbour walls/kelp edges 1-8 m"", ""weather_effect"": ""Clear water helps sighting"", ""tide_sensitivity"": ""Low-moderate"", ""temperature_effect"": ""Perks up with warmth""}}",,,Pocket rocket on light tackle - swipe right for tiny prawns.,"{""gaps"": [], ""depth"": {""unit"": ""meters"", ""source"": ""fishbase"", ""optimal_max"": 20, ""optimal_min"": 1, ""typical_max"": 50, ""typical_min"": 1}, ""notes"": {""temperature"": ""Cold-temperate wrasse. Northern European waters 10-14°C.""}, ""climate"": null, ""habitat"": ""reef-associated"", ""salinity"": {""unit"": ""psu"", ""source"": ""fishbase+obis"", ""inferred"": true, ""optimal_max"": 35, ""optimal_min"": 32, ""tolerance_max"": 38, ""tolerance_min"": 30}, ""substrate"": [""rock"", ""weed""], ""temperature"": {""mean"": 12, ""unit"": ""celsius"", ""source"": ""Marine Biology"", ""optimal_max"": 14, ""optimal_min"": 10, ""tolerance_max"": 18, ""tolerance_min"": 7}}",reef_kelp,0.30,0.30,0.15,0.10,0.10,0.05,0,0,moderate,0.55,,moderate,0.1,,0.25,
80f9836a-acb6-4f89-b35d-44c94bb2f37c,CMB,Serranus cabrilla,Comber,Cabrilla,Serran cabrilla,Mittelmeer-Zackenbarsch,Serranide,Serrano,"[""small_jigs"",""shrimp_bait"",""float"",""LRF""]",8,false,true,4,2,80,"[""reef"",""harbour"",""wreck""]",0.30,0.70,0.30,0.40,2025-10-11 14:51:43.800627+00,2025-10-11 14:51:43.800627+00,"{""boat"": {""regions"": ""Med reefs/wrecks"", ""authority"": ""Regional Med fisheries"", ""best_time"": ""Daylight, dawn better"", ""baits_diet"": ""Shrimp, small fish; small jigs"", ""restrictions"": ""Regional limits"", ""distance_depth"": ""10-80 m"", ""weather_effect"": ""Calm/clear best"", ""tide_sensitivity"": ""Low-moderate"", ""temperature_effect"": ""Warmth helps""}, ""shore"": {""regions"": ""Mediterranean & S Iberia"", ""authority"": ""Regional Med fisheries"", ""best_time"": ""Daylight, especially early/late"", ""baits_diet"": ""Shrimp/prawn bits, small fish; takes micro-jigs"", ""restrictions"": ""Local MLS/bag rules vary"", ""distance_depth"": ""Harbours, reefs 2-20 m"", ""weather_effect"": ""Clear, calm conditions suit ambush style"", ""tide_sensitivity"": ""Low-moderate"", ""temperature_effect"": ""Warm months best""}}",,,Reef romantic with a taste for shrimp dates. Keep it small and subtle.,"{""gaps"": [], ""depth"": {""unit"": ""meters"", ""source"": ""fishbase"", ""optimal_max"": 80, ""optimal_min"": 15.5, ""typical_max"": 500, ""typical_min"": 5}, ""notes"": {""temperature"": ""Warm water species. Mediterranean and southern European waters 15-19°C.""}, ""climate"": null, ""habitat"": null, ""salinity"": {""unit"": ""psu"", ""source"": ""fishbase+obis"", ""inferred"": true, ""optimal_max"": 35, ""optimal_min"": 32, ""tolerance_max"": 38, ""tolerance_min"": 30}, ""substrate"": [""rock"", ""sand"", ""mud"", ""weed""], ""temperature"": {""mean"": 17, ""unit"": ""celsius"", ""source"": ""Marine Biology/Mediterranean"", ""optimal_max"": 19, ""optimal_min"": 15, ""tolerance_max"": 22, ""tolerance_min"": 12}}",benthic,0.30,0.30,0.15,0.10,0.10,0.05,0,0,moderate,0.55,,moderate,0.1,,0.25,
873477c5-2b2b-448a-a17c-f2c8bcf95c69,cut,Sepia officinalis,Common Cuttlefish,,,,,,[],8,false,false,5,0,50,[],0.50,0.50,0.30,0.40,2025-10-11 14:28:45.557065+00,2025-10-11 14:28:45.557065+00,"{""boat"": {""regions"": ""Atlantic (Iberia/France/UK), Mediterranean"", ""authority"": ""Regional fisheries (Spain MAPA/CCAA; France OFB; Italy MIPAAF; Portugal DGRM)."", ""best_time"": ""Night with lights; spring runs in many ports."", ""baits_diet"": ""Squid/cuttle jigs; also takes small fish and prawns."", ""restrictions"": ""Seasonal protections common; respect harbour rules and night-fishing by-laws."", ""distance_depth"": ""Sandy bays and reefs 10–40 m; gentle drifts over weed/sand edges."", ""weather_effect"": ""Clear water and small swell are best; stirred-up water after storms fishes poorly."", ""tide_sensitivity"": ""Low–moderate; likes a steady drift."", ""temperature_effect"": ""Most coastal in mild seasons; heat drives them out deeper.""}, ""shore"": {""regions"": ""Atlantic (Iberia/France/UK), Mediterranean"", ""authority"": ""Regional fisheries (Spain MAPA/CCAA; France OFB; Italy MIPAAF; Portugal DGRM)."", ""best_time"": ""Night with lights; spring runs in many ports."", ""baits_diet"": ""Squid/cuttle jigs; also takes small fish and prawns."", ""restrictions"": ""Seasonal protections common; respect harbour rules and night-fishing by-laws."", ""distance_depth"": ""Harbour walls, marinas and sandy patches 2–15 m—classic pier species."", ""weather_effect"": ""Clear water and small swell are best; stirred-up water after storms fishes poorly."", ""tide_sensitivity"": ""Low–moderate; likes a steady drift."", ""temperature_effect"": ""Most coastal in mild seasons; heat drives them out deeper.""}}",,,Looking for someone who gets me night with lights; spring runs in many ports. Bonus points if you’ve got squid/cuttle jigs; also takes small,"{""gaps"": [""substrate""], ""depth"": {""unit"": ""meters"", ""source"": ""obis"", ""optimal_max"": 66, ""optimal_min"": 16, ""typical_max"": 101, ""typical_min"": 8}, ""notes"": {""temperature"": ""Temperate cephalopod. Common 13-17°C. Seasonal migrations.""}, ""climate"": null, ""habitat"": null, ""salinity"": {""mean"": 35, ""unit"": ""ppt"", ""notes"": ""Coastal full-strength seawater. Avoids low-salinity estuaries."", ""source"": ""Regional Default/Marine Biology"", ""optimal_max"": 37, ""optimal_min"": 33, ""tolerance_max"": 39, ""tolerance_min"": 31}, ""substrate"": [], ""temperature"": {""mean"": 15, ""unit"": ""celsius"", ""source"": ""Marine Biology"", ""optimal_max"": 17, ""optimal_min"": 13, ""tolerance_max"": 20, ""tolerance_min"": 10}}",cephalopod,0.30,0.30,0.15,0.10,0.10,0.05,0,0,moderate,0.55,,moderate,0.1,,0.25,
8773301c-08ad-4177-a8a9-0f0e89f13b6d,lin,Molva molva,Common Ling,,,,,,[],8,false,false,4,0,50,[],0.50,0.50,0.30,0.40,2025-10-11 14:28:45.557065+00,2025-10-11 14:28:45.557065+00,"{""boat"": {""regions"": ""North Atlantic, North Sea, Norwegian waters"", ""authority"": ""Norway Fiskeridirektoratet; UK/NL national agencies."", ""best_time"": ""Dusk and dark; year-round over rough ground."", ""baits_diet"": ""Large fish baits, squid, cuttle; scavenger-predator among rocks and wrecks."", ""restrictions"": ""Use strong tackle and safe handling; local size/bag rules may apply."", ""distance_depth"": ""Wrecks, pinnacles and heavy reef 80–300 m; big baits on strong gear."", ""weather_effect"": ""Big groundswell can shut down shallow rough ground; deep marks keep producing."", ""tide_sensitivity"": ""Moderate; prefers steady flow around wrecks and ledges."", ""temperature_effect"": ""Cold-tolerant; deep marks fish consistently regardless of season.""}, ""shore"": {""regions"": ""North Atlantic, North Sea, Norwegian waters"", ""authority"": ""Norway Fiskeridirektoratet; UK/NL national agencies."", ""best_time"": ""Dusk and dark; year-round over rough ground."", ""baits_diet"": ""Large fish baits, squid, cuttle; scavenger-predator among rocks and wrecks."", ""restrictions"": ""Use strong tackle and safe handling; local size/bag rules may apply."", ""distance_depth"": ""From deep rock ledges within casting reach to wrecks 50–200 m."", ""weather_effect"": ""Big groundswell can shut down shallow rough ground; deep marks keep producing."", ""tide_sensitivity"": ""Moderate; prefers steady flow around wrecks and ledges."", ""temperature_effect"": ""Cold-tolerant; deep marks fish consistently regardless of season.""}}",,,Always around dusk and dark; year-round over rough ground. Not into cold shoulders — only large fish baits.,"{""gaps"": [], ""depth"": {""unit"": ""meters"", ""source"": ""fishbase"", ""optimal_max"": 400, ""optimal_min"": 100, ""typical_max"": 1000, ""typical_min"": 100}, ""notes"": {""temperature"": ""Cold-temperate deep water species. Prefers 6-9°C.""}, ""climate"": null, ""habitat"": ""demersal"", ""salinity"": {""unit"": ""psu"", ""source"": ""fishbase+obis"", ""inferred"": true, ""optimal_max"": 35, ""optimal_min"": 32, ""tolerance_max"": 38, ""tolerance_min"": 30}, ""substrate"": [""mixed""], ""temperature"": {""mean"": 7.5, ""unit"": ""celsius"", ""source"": ""ICES/Marine Biology"", ""optimal_max"": 9, ""optimal_min"": 6, ""tolerance_max"": 12, ""tolerance_min"": 4}}",reef_kelp,0.30,0.30,0.15,0.10,0.10,0.05,0,0,moderate,0.55,,moderate,0.1,,0.25,
8c6892ce-541b-4c87-a1a1-0a70ee95d6a7,sbg,Gilthead Seabream,Gilthead Seabream,,,,,,[],8,false,false,5,0,50,[],0.50,0.50,0.30,0.40,2025-10-11 14:28:45.557065+00,2025-10-11 14:28:45.557065+00,"{""boat"": {""regions"": ""Mediterranean, Southern Atlantic"", ""authority"": ""Regional Med fisheries agencies"", ""best_time"": ""Dawn/dusk; warm months"", ""baits_diet"": ""Crabs, prawns, mussels; crushes shellfish with molars"", ""restrictions"": ""MLS ~20–23cm+; bag limits in Med countries"", ""distance_depth"": ""Reefs, sandy bays 10–30m"", ""weather_effect"": ""Light onshore chop good; too much surf bad"", ""tide_sensitivity"": ""Strong on flooding tide"", ""temperature_effect"": ""Likes ≥15°C; sluggish in cold""}, ""shore"": {""regions"": ""Mediterranean, Southern Atlantic"", ""authority"": ""Regional Med fisheries agencies"", ""best_time"": ""Dawn/dusk; warm months"", ""baits_diet"": ""Crabs, prawns, mussels; crushes shellfish with molars"", ""restrictions"": ""MLS ~20–23cm+; bag limits in Med countries"", ""distance_depth"": ""Estuaries, harbours 2–10m"", ""weather_effect"": ""Light onshore chop good; too much surf bad"", ""tide_sensitivity"": ""Strong on flooding tide"", ""temperature_effect"": ""Likes ≥15°C; sluggish in cold""}}",,,I’m most active dawn/dusk; warm months. Bring crabs and let’s make it a date.,"{""gaps"": [""substrate""], ""depth"": {""unit"": ""meters"", ""source"": ""species_table"", ""optimal_max"": null, ""optimal_min"": null, ""typical_max"": 50, ""typical_min"": 0}, ""notes"": {""temperature"": ""Won't feed well below ~15°C; very responsive to seasonal warming. Excellent correlation between temp and bite rate.""}, ""climate"": null, ""habitat"": null, ""salinity"": {""mean"": 38, ""unit"": ""ppt"", ""notes"": ""Mediterranean preference. Tolerates hypersaline coastal lagoons."", ""source"": ""Regional Default/Mediterranean"", ""optimal_max"": 39, ""optimal_min"": 37, ""tolerance_max"": 40, ""tolerance_min"": 35}, ""substrate"": [], ""temperature"": {""mean"": 21, ""unit"": ""celsius"", ""source"": ""Angler Data/Mediterranean"", ""optimal_max"": 24, ""optimal_min"": 18, ""tolerance_max"": 26, ""tolerance_min"": 15}}",reef_kelp,0.30,0.30,0.15,0.10,0.10,0.05,0,0,moderate,0.55,,moderate,0.1,,0.25,
8c694860-f6d6-4ab1-a0b5-3a482f4afb6a,meagre,Argyrosomus regius,Meagre,Corvina,Maigre Commun,,Ombrina,,"[""spinning"",""bottom fishing"",""trolling""]",8,false,false,5,0,50,"[""estuaries"",""river mouths"",""channels"",""sandy bottoms""]",0.50,0.50,0.30,0.40,2025-10-13 17:45:31.481089+00,2025-10-13 17:45:31.481089+00,[],,,,,default_coastal,0.30,0.30,0.15,0.10,0.10,0.05,0,0,strong,0.7,"[""early_flood"",""mid_flood"",""early_ebb""]",moderate,0.2,"[""16"",""22""]",0.3,"[[""estuaries"", ""+0.3""], [""channels"", ""+0.2""]]"
8dacb86b-5b01-4391-b1b6-e0a35188c0d6,red-scorp,Scorpaena scrofa,Red Scorpionfish,Cabracho,Chapon,,Scorfano Rosso,,"[""bottom fishing"",""bait fishing""]",8,false,false,3,10,100,"[""rocky reefs"",""crevices""]",0.50,0.50,0.30,0.40,2025-10-13 17:45:31.481089+00,2025-10-13 17:45:31.481089+00,[],,,,,default_coastal,0.30,0.30,0.15,0.10,0.10,0.05,0,0,moderate,0.35,"[""high"",""early_ebb""]",gentle,0.0,"[""15"",""20""]",0.15,"[[""reef_crevices"", ""+0.3""]]"
8e08ef70-183e-42a3-a24d-55d248ca5fd2,hom,Trachurus trachurus,Horse Mackerel,,,,,,[],8,false,false,4,0,50,[],0.50,0.50,0.30,0.40,2025-10-11 14:28:45.557065+00,2025-10-11 14:28:45.557065+00,"{""boat"": {""regions"": ""Atlantic, Mediterranean, North Sea"", ""authority"": ""Port/harbour by‑laws; national fisheries agency."", ""best_time"": ""Dusk to night under lights; also at first light."", ""baits_diet"": ""Fine sabiki, tiny metals; eats zooplankton, small fish/larvae."", ""restrictions"": ""Few sport rules; size/bag may apply locally."", ""distance_depth"": ""Harbours, piers, lights; middle depths 5–50 m. (boat marks deeper/offshore)"", ""weather_effect"": ""Clear, calm nights best; murky water after storms reduces takes."", ""tide_sensitivity"": ""Low–moderate; harbour tides concentrate plankton."", ""temperature_effect"": ""More coastal in mild–warm water; drops deeper in cold.""}, ""shore"": {""regions"": ""Atlantic, Mediterranean, North Sea"", ""authority"": ""Port/harbour by‑laws; national fisheries agency."", ""best_time"": ""Dusk to night under lights; also at first light."", ""baits_diet"": ""Fine sabiki, tiny metals; eats zooplankton, small fish/larvae."", ""restrictions"": ""Few sport rules; size/bag may apply locally."", ""distance_depth"": ""Harbours, piers, lights; middle depths 5–50 m. (shore accessible range)"", ""weather_effect"": ""Clear, calm nights best; murky water after storms reduces takes."", ""tide_sensitivity"": ""Low–moderate; harbour tides concentrate plankton."", ""temperature_effect"": ""More coastal in mild–warm water; drops deeper in cold.""}}",,,Love a moonlit dinner dusk to night under lights; also at first light. Just add fine sabiki.,"{""gaps"": [], ""depth"": {""unit"": ""meters"", ""source"": ""species_table"", ""optimal_max"": 200, ""optimal_min"": 100, ""typical_max"": 50, ""typical_min"": 0}, ""notes"": {""temperature"": ""Temperate pelagic species. Common 11-15°C. Wide distribution.""}, ""climate"": null, ""habitat"": null, ""salinity"": {""unit"": ""psu"", ""source"": ""fishbase+obis"", ""inferred"": true, ""optimal_max"": 35, ""optimal_min"": 32, ""tolerance_max"": 38, ""tolerance_min"": 30}, ""substrate"": [""rock""], ""temperature"": {""mean"": 13, ""unit"": ""celsius"", ""source"": ""ICES/Marine Biology"", ""optimal_max"": 15, ""optimal_min"": 11, ""tolerance_max"": 18, ""tolerance_min"": 8}}",pelagic,0.30,0.35,0.15,0.08,0.05,0.07,0,0,strong,0.70,"[""mid_flood"",""early_ebb""]",moderate,0.30,"[""10"",""16""]",0.40,"[[""tidal_rips"", ""+0.2""], [""headlands"", ""+0.2""]]"
8f1bf333-53cd-46e8-823b-34bb120d81c9,fle,Platichthys flesus,Flounder,,,,,,[],8,false,false,4,0,50,[],0.50,0.50,0.30,0.40,2025-10-11 14:28:45.557065+00,2025-10-11 14:28:45.557065+00,"{""boat"": {""regions"": ""North Sea, Baltic, Atlantic"", ""authority"": ""Baltic/North Sea national agencies; UK IFCA/MMO."", ""best_time"": ""Dusk/night and daylight in murky water; autumn–winter strong."", ""baits_diet"": ""Worms, shrimp, small crab; opportunistic scavenger."", ""restrictions"": ""Local MLS/seasonal protections in some estuaries—verify."", ""distance_depth"": ""Very close in on sand/mud; 0–20 m (estuaries to open beaches). (boat marks deeper/offshore)"", ""weather_effect"": ""Coloured water and gentle surf good; heavy weed/swell poor."", ""tide_sensitivity"": ""Strong in estuaries/beaches; mid‑flood best."", ""temperature_effect"": ""Tolerant; feeds in cold but slower in extremes.""}, ""shore"": {""regions"": ""North Sea, Baltic, Atlantic"", ""authority"": ""Baltic/North Sea national agencies; UK IFCA/MMO."", ""best_time"": ""Dusk/night and daylight in murky water; autumn–winter strong."", ""baits_diet"": ""Worms, shrimp, small crab; opportunistic scavenger."", ""restrictions"": ""Local MLS/seasonal protections in some estuaries—verify."", ""distance_depth"": ""Very close in on sand/mud; 0–20 m (estuaries to open beaches). (shore accessible range)"", ""weather_effect"": ""Coloured water and gentle surf good; heavy weed/swell poor."", ""tide_sensitivity"": ""Strong in estuaries/beaches; mid‑flood best."", ""temperature_effect"": ""Tolerant; feeds in cold but slower in extremes.""}}",,,"Catch me dusk/night and daylight in murky water; autumn–winter strong. Big on group dates, especially with worms.","{""gaps"": [], ""depth"": {""unit"": ""meters"", ""source"": ""fishbase"", ""optimal_max"": 33.5, ""optimal_min"": 15.5, ""typical_max"": 100, ""typical_min"": 1}, ""climate"": null, ""habitat"": null, ""salinity"": {""unit"": ""psu"", ""source"": ""fishbase+obis"", ""inferred"": true, ""optimal_max"": 35, ""optimal_min"": 20, ""tolerance_max"": 38, ""tolerance_min"": 5}, ""substrate"": [""mixed""], ""temperature"": {""mean"": null, ""unit"": ""celsius"", ""source"": ""fishbase_web_scrape"", ""optimal_max"": null, ""optimal_min"": null, ""tolerance_max"": 25, ""tolerance_min"": 5}}",surf_estuary,0.30,0.30,0.15,0.10,0.10,0.05,0,0,moderate,0.55,,moderate,0.1,,0.25,
8f333815-a1f5-4be4-a491-705e44c0a304,bsp,Dicentrarchus punctatus,Spotted Bass,,,,,,[],8,false,false,4,0,50,[],0.50,0.50,0.30,0.40,2025-10-11 14:28:45.557065+00,2025-10-11 14:28:45.557065+00,"{""boat"": {""regions"": ""Mediterranean, Atlantic Iberia"", ""authority"": ""Spain MAPA/CCAA; Portugal DGRM; France OFB."", ""best_time"": ""Dawn/dusk; warm months and at night over quiet beaches."", ""baits_diet"": ""Crabs, prawns, mussels, sandeel and small fish; takes small lures readily."", ""restrictions"": ""Often shares protections with European sea bass—check local rules."", ""distance_depth"": ""Reefs and inshore banks 5–25 m; light-boat lure fishing shines."", ""weather_effect"": ""Light onshore chop is friendly; heavy surf knocks them off the feed."", ""tide_sensitivity"": ""Moderate–strong; loves a push of tide around bars and holes."", ""temperature_effect"": ""More active from ~15 °C upwards; sluggish in cold snaps.""}, ""shore"": {""regions"": ""Mediterranean, Atlantic Iberia"", ""authority"": ""Spain MAPA/CCAA; Portugal DGRM; France OFB."", ""best_time"": ""Dawn/dusk; warm months and at night over quiet beaches."", ""baits_diet"": ""Crabs, prawns, mussels, sandeel and small fish; takes small lures readily."", ""restrictions"": ""Often shares protections with European sea bass—check local rules."", ""distance_depth"": ""Small surf beaches, estuary mouths and rocky points 1–10 m."", ""weather_effect"": ""Light onshore chop is friendly; heavy surf knocks them off the feed."", ""tide_sensitivity"": ""Moderate–strong; loves a push of tide around bars and holes."", ""temperature_effect"": ""More active from ~15 °C upwards; sluggish in cold snaps.""}}",,,I’m most active dawn/dusk; warm months and at night over quiet beaches. Bring crabs and let’s make it a date.,"{""gaps"": [], ""depth"": {""unit"": ""meters"", ""source"": ""species_table"", ""optimal_max"": 15, ""optimal_min"": 14, ""typical_max"": 50, ""typical_min"": 0}, ""notes"": {""temperature"": ""Warmer-water cousin of European bass; feeding and inshore migration highly temp-linked. Preferred band 15-22°C.""}, ""climate"": null, ""habitat"": null, ""salinity"": {""unit"": ""psu"", ""source"": ""fishbase+obis"", ""inferred"": true, ""optimal_max"": 35, ""optimal_min"": 20, ""tolerance_max"": 38, ""tolerance_min"": 5}, ""substrate"": [""rock"", ""sand""], ""temperature"": {""mean"": 18, ""unit"": ""celsius"", ""source"": ""Angler Data/Mediterranean"", ""optimal_max"": 20, ""optimal_min"": 16, ""tolerance_max"": 22, ""tolerance_min"": 15}}",reef_kelp,0.35,0.30,0.12,0.10,0.08,0.05,0,0,strong,0.75,"[""early_flood"",""mid_flood"",""early_ebb""]",moderate,0.25,"[""12"",""18""]",0.30,"[[""surf_estuary"", ""+0.2""], [""headlands"", ""+0.1""]]"
904940ce-5da7-40ea-af74-389716e180ef,whit-group,Epinephelus aeneus,White Grouper,Cherne Blanco,Mérou Blanc,,Cernia Bianca,,"[""bottom fishing"",""jigging"",""live bait""]",8,false,false,5,15,80,"[""wrecks"",""reef edges""]",0.50,0.50,0.30,0.40,2025-10-13 17:45:31.481089+00,2025-10-13 17:45:31.481089+00,[],,,,,default_coastal,0.30,0.30,0.15,0.10,0.10,0.05,0,0,moderate,0.45,"[""mid_flood"",""high""]",gentle,0.05,"[""16"",""22""]",0.2,"[[""wrecks"", ""+0.2""], [""rock_sand_edges"", ""+0.2""]]"
926a1d0c-8452-4691-bb5c-d23f13934181,GGR,Eutrigla gurnardus,Grey Gurnard,Bejel,Grondin gris,Knurrhahn,Cappone grigio,Patruça-cinzenta,"[""fish_strips"",""worms"",""drift""]",8,false,false,3,5,120,"[""sand"",""mixed_ground"",""banks""]",0.30,0.50,0.30,0.40,2025-10-11 14:51:43.800627+00,2025-10-11 14:51:43.800627+00,"{""boat"": {""regions"": ""Banks 20-120 m"", ""authority"": ""National fisheries"", ""best_time"": ""Daytime drifts"", ""baits_diet"": ""Fish/worm strips; small metals"", ""restrictions"": ""Local rules"", ""distance_depth"": ""20-120 m"", ""weather_effect"": ""Moderate ok"", ""tide_sensitivity"": ""Moderate"", ""temperature_effect"": ""Cool-mild""}, ""shore"": {""regions"": ""North Sea/Atlantic"", ""authority"": ""National fisheries"", ""best_time"": ""Daytime over sand/mixed"", ""baits_diet"": ""Fish strips, worms; opportunist"", ""restrictions"": ""Local rules vary"", ""distance_depth"": ""5-20 m"", ""weather_effect"": ""Moderate chop fine"", ""tide_sensitivity"": ""Moderate"", ""temperature_effect"": ""Cool-mild water fine""}}",,,Grey but not dull - I rumble when I'm into you.,"{""gaps"": [], ""depth"": {""unit"": ""meters"", ""source"": ""fishbase"", ""optimal_max"": 150, ""optimal_min"": 10, ""typical_max"": 340, ""typical_min"": 10}, ""notes"": {""temperature"": ""Cold-temperate species. North Sea 8-12°C. Common demersal.""}, ""climate"": null, ""habitat"": null, ""salinity"": {""unit"": ""psu"", ""source"": ""fishbase+obis"", ""inferred"": true, ""optimal_max"": 35, ""optimal_min"": 20, ""tolerance_max"": 38, ""tolerance_min"": 5}, ""substrate"": [""rock"", ""sand"", ""mixed""], ""temperature"": {""mean"": 10, ""unit"": ""celsius"", ""source"": ""ICES/Marine Biology"", ""optimal_max"": 12, ""optimal_min"": 8, ""tolerance_max"": 15, ""tolerance_min"": 5}}",reef_kelp,0.30,0.30,0.15,0.10,0.10,0.05,0,0,moderate,0.55,,moderate,0.1,,0.25,
956ae44a-17a7-4ba2-b122-9f7c4031d9c9,gaj,Seriola dumerili,Greater Amberjack,,,,,,[],8,false,false,4,0,50,[],0.50,0.50,0.30,0.40,2025-10-11 14:28:45.557065+00,2025-10-11 14:28:45.557065+00,"{""boat"": {""regions"": ""Mediterranean, Southern Atlantic (Iberia)"", ""authority"": ""Spain MAPA/CCAA; Italy MIPAAF; Portugal DGRM."", ""best_time"": ""Dawn and late afternoon; summer into autumn."", ""baits_diet"": ""Livebaits (mackerel, bogue), big stickbaits and jigs; apex predator on small fish."", ""restrictions"": ""Size/bag rules vary by country; release big breeders where encouraged."", ""distance_depth"": ""Offshore reefs, wrecks and pinnacles 20–150 m; slow-troll or jig."", ""weather_effect"": ""Settled, clear seas favour topwater and livebaiting; lumpy seas push fish deeper."", ""tide_sensitivity"": ""Moderate; hunts along current seams around structure."", ""temperature_effect"": ""Loves warm water; quiet during cold spells.""}, ""shore"": {""regions"": ""Mediterranean, Southern Atlantic (Iberia)"", ""authority"": ""Spain MAPA/CCAA; Italy MIPAAF; Portugal DGRM."", ""best_time"": ""Dawn and late afternoon; summer into autumn."", ""baits_diet"": ""Livebaits (mackerel, bogue), big stickbaits and jigs; apex predator on small fish."", ""restrictions"": ""Size/bag rules vary by country; release big breeders where encouraged."", ""distance_depth"": ""Rocky headlands and harbour mouths from shore when bait is in; offshore reefs/pins 20–80 m."", ""weather_effect"": ""Settled, clear seas favour topwater and livebaiting; lumpy seas push fish deeper."", ""tide_sensitivity"": ""Moderate; hunts along current seams around structure."", ""temperature_effect"": ""Loves warm water; quiet during cold spells.""}}",,,Looking for someone who gets me dawn and late afternoon; summer into autumn. Bonus points if you’ve got livebaits (mackerel.,"{""gaps"": [], ""depth"": {""unit"": ""meters"", ""source"": ""fishbase"", ""optimal_max"": 72, ""optimal_min"": 18, ""typical_max"": 360, ""typical_min"": 1}, ""notes"": {""temperature"": ""Warm water pelagic species. Subtropical/tropical 21-25°C.""}, ""climate"": null, ""habitat"": null, ""salinity"": {""unit"": ""psu"", ""source"": ""fishbase+obis"", ""inferred"": true, ""optimal_max"": 35, ""optimal_min"": 32, ""tolerance_max"": 38, ""tolerance_min"": 30}, ""substrate"": [""rock""], ""temperature"": {""mean"": 23, ""unit"": ""celsius"", ""source"": ""Tropical/Subtropical"", ""optimal_max"": 25, ""optimal_min"": 21, ""tolerance_max"": 28, ""tolerance_min"": 18}}",benthic,0.30,0.30,0.15,0.10,0.10,0.05,0,0,moderate,0.55,,moderate,0.1,,0.25,
9862dffd-13e4-4e7e-a50d-93c4b4794c01,san,Ammodytes tobianus,Sand Eel,,,,,,[],8,false,false,3,0,50,[],0.50,0.50,0.30,0.40,2025-10-11 14:28:45.557065+00,2025-10-11 14:28:45.557065+00,"{""boat"": {""regions"": ""North Atlantic, North Sea"", ""authority"": ""UK IFCA/MMO; North Sea national agencies."", ""best_time"": ""Daylight and dusk when shoals move along the beach; night with lights in some harbours."", ""baits_diet"": ""Tiny sabiki or small hooks; feeds on plankton and tiny crustaceans."", ""restrictions"": ""Often gathered as bait; local rules may restrict netting or livebait transfer—check locally."", ""distance_depth"": ""Nearshore shoals and shallow banks 5–30 m; small-boat drifts find bigger launce."", ""weather_effect"": ""Settled weather gathers shoals; heavy surf scatters them."", ""tide_sensitivity"": ""Low–moderate; moving water helps shoals hug the shore."", ""temperature_effect"": ""Prefers cooler to mild water; summer brings inshore shoals.""}, ""shore"": {""regions"": ""North Atlantic, North Sea"", ""authority"": ""UK IFCA/MMO; North Sea national agencies."", ""best_time"": ""Daylight and dusk when shoals move along the beach; night with lights in some harbours."", ""baits_diet"": ""Tiny sabiki or small hooks; feeds on plankton and tiny crustaceans."", ""restrictions"": ""Often gathered as bait; local rules may restrict netting or livebait transfer—check locally."", ""distance_depth"": ""Surf edges and shallow sandbars 0–10 m; harbour lights on calm nights."", ""weather_effect"": ""Settled weather gathers shoals; heavy surf scatters them."", ""tide_sensitivity"": ""Low–moderate; moving water helps shoals hug the shore."", ""temperature_effect"": ""Prefers cooler to mild water; summer brings inshore shoals.""}}",,,Love a moonlit dinner daylight and dusk when shoals move along the beach; night with lights in some harbours. Just add tiny sabiki or small,"{""gaps"": [], ""depth"": {""unit"": ""meters"", ""source"": ""fishbase"", ""optimal_max"": 35, ""optimal_min"": 8.5, ""typical_max"": 96, ""typical_min"": 1}, ""notes"": {""temperature"": ""Cold-temperate species. North Sea 8-16°C. Important forage fish. Buries in sand when water becomes too cold (<8°C) or too hot (>16°C); most active in mid-range temperatures.""}, ""climate"": null, ""habitat"": null, ""salinity"": {""unit"": ""psu"", ""source"": ""fishbase+obis"", ""inferred"": true, ""optimal_max"": 35, ""optimal_min"": 20, ""tolerance_max"": 38, ""tolerance_min"": 5}, ""substrate"": [""mixed""], ""temperature"": {""mean"": 12, ""unit"": ""celsius"", ""source"": ""ICES/Marine Biology/Angler Data"", ""optimal_max"": 16, ""optimal_min"": 8, ""tolerance_max"": 16, ""tolerance_min"": 5}}",pelagic,0.30,0.30,0.15,0.10,0.10,0.05,0,0,moderate,0.55,,moderate,0.1,,0.25,
9a0fa366-c1be-4ef9-b0ca-fccece1e5ad4,sai,Saithe/Pollock,Saithe/Pollock,,,,,,[],8,false,false,4,0,50,[],0.50,0.50,0.30,0.40,2025-10-11 14:28:45.557065+00,2025-10-11 14:28:45.557065+00,"{""boat"": {""regions"": ""North Sea, Norwegian waters"", ""authority"": ""Norway Fiskeridirektoratet; UK/NL/DE national agencies."", ""best_time"": ""Dawn/dusk; overcast days with lures."", ""baits_diet"": ""Metals, soft plastics, sandeel/mackerel strip; eats small fish."", ""restrictions"": ""Local size/bag rules; some areas encourage releasing larger breeders."", ""distance_depth"": ""Kelp fringes, reefs, wrecks 5–80 m. (boat marks deeper/offshore)"", ""weather_effect"": ""Clear water with some movement ideal; big swell pushes them deeper."", ""tide_sensitivity"": ""Moderate; hunts on current edges around structure."", ""temperature_effect"": ""Active in cool–mild water; heat or deep winter slows.""}, ""shore"": {""regions"": ""North Sea, Norwegian waters"", ""authority"": ""Norway Fiskeridirektoratet; UK/NL/DE national agencies."", ""best_time"": ""Dawn/dusk; overcast days with lures."", ""baits_diet"": ""Metals, soft plastics, sandeel/mackerel strip; eats small fish."", ""restrictions"": ""Local size/bag rules; some areas encourage releasing larger breeders."", ""distance_depth"": ""Kelp fringes, reefs, wrecks 5–80 m. (shore accessible range)"", ""weather_effect"": ""Clear water with some movement ideal; big swell pushes them deeper."", ""tide_sensitivity"": ""Moderate; hunts on current edges around structure."", ""temperature_effect"": ""Active in cool–mild water; heat or deep winter slows.""}}",,,"Catch me dawn/dusk; overcast days with lures. Big on group dates, especially with metals.","{""gaps"": [""substrate""], ""depth"": {""unit"": ""meters"", ""source"": ""species_table"", ""optimal_max"": null, ""optimal_min"": null, ""typical_max"": 50, ""typical_min"": 0}, ""notes"": {""temperature"": ""Cold water species. Follows thermoclines 6-14°C. Colder than pollack but more temperature-tolerant than previously thought. Deep-water comfort zone shifts with temperature stratification.""}, ""climate"": null, ""habitat"": null, ""salinity"": {""mean"": 34, ""unit"": ""ppt"", ""notes"": ""Oceanic gadoid. North Atlantic/North Sea standard salinity."", ""source"": ""Regional Default/Oceanic"", ""optimal_max"": 35, ""optimal_min"": 33, ""tolerance_max"": 36, ""tolerance_min"": 32}, ""substrate"": [], ""temperature"": {""mean"": 10, ""unit"": ""celsius"", ""source"": ""ICES/Angler Data/Marine Biology"", ""optimal_max"": 14, ""optimal_min"": 6, ""tolerance_max"": 14, ""tolerance_min"": 3}}",reef_kelp,0.30,0.30,0.15,0.10,0.10,0.05,0,0,moderate,0.55,,moderate,0.1,,0.25,
a4d859a8-31f5-4079-8d7b-435090a64ebc,bss,Dicentrarchus labrax,Sea Bass,,,,,,[],8,false,false,5,0,50,[],0.50,0.50,0.30,0.40,2025-10-11 14:28:45.557065+00,2025-10-11 14:28:45.557065+00,"{""boat"": {""regions"": ""Atlantic, Mediterranean, North Sea"", ""authority"": ""Check national authority (e.g., UK IFCA/MMO; Ireland SFPA; Spain MAPA; France OFB)."", ""best_time"": ""Dawn/dusk; warm months. Night over clean surf or estuary edges in summer."", ""baits_diet"": ""Crab, rag/lugworm, sandeel, small fish; hunts sprats, prawns, shore crabs."", ""restrictions"": ""Bag limits & seasonal rules common; typical EU/UK MLS ~42 cm—verify locally."", ""distance_depth"": ""Deeper reefs and wrecks 10–30 m offshore; drift fishing productive."", ""weather_effect"": ""Feeds after onshore blow that stirs crabs/sandeels; too much swell/silt reduces success."", ""tide_sensitivity"": ""Strong; best on flooding (mid–late flood) and first of the ebb around structure."", ""temperature_effect"": ""Active ≥12–13 °C; slows in cold spells; peak June–Oct in many regions.""}, ""shore"": {""regions"": ""Atlantic, Mediterranean, North Sea"", ""authority"": ""Check national authority (e.g., UK IFCA/MMO; Ireland SFPA; Spain MAPA; France OFB)."", ""best_time"": ""Dawn/dusk; warm months. Night over clean surf or estuary edges in summer."", ""baits_diet"": ""Crab, rag/lugworm, sandeel, small fish; hunts sprats, prawns, shore crabs."", ""restrictions"": ""Bag limits & seasonal rules common; typical EU/UK MLS ~42 cm—verify locally."", ""distance_depth"": ""Surf lines, estuaries, rocky headlands; 1–10 m; often within casting range."", ""weather_effect"": ""Feeds after onshore blow that stirs crabs/sandeels; too much swell/silt reduces success."", ""tide_sensitivity"": ""Strong; best on flooding (mid–late flood) and first of the ebb around structure."", ""temperature_effect"": ""Active ≥12–13 °C; slows in cold spells; peak June–Oct in many regions.""}}",,,Always around dawn/dusk; warm months. Not into cold shoulders — only crab.,"{""gaps"": [], ""depth"": {""unit"": ""meters"", ""source"": ""fishbase"", ""optimal_max"": 43, ""optimal_min"": 14.5, ""typical_max"": 100, ""typical_min"": 10}, ""climate"": null, ""habitat"": null, ""salinity"": {""unit"": ""psu"", ""source"": ""fishbase+obis"", ""inferred"": true, ""optimal_max"": 35, ""optimal_min"": 20, ""tolerance_max"": 38, ""tolerance_min"": 5}, ""substrate"": [""rock"", ""sand""], ""temperature"": {""mean"": null, ""unit"": ""celsius"", ""source"": ""fishbase_web_scrape"", ""optimal_max"": null, ""optimal_min"": null, ""tolerance_max"": 24, ""tolerance_min"": 8}}",surf_estuary,0.35,0.30,0.12,0.10,0.08,0.05,0,0,strong,0.75,"[""early_flood"",""mid_flood"",""early_ebb""]",moderate,0.25,"[""12"",""18""]",0.30,"[[""surf_estuary"", ""+0.2""], [""headlands"", ""+0.1""]]"
aa12f55e-c4fb-4be1-9011-d27e29e3b149,con,Conger conger,Conger Eel,,,,,,[],8,false,false,4,0,50,[],0.50,0.50,0.30,0.40,2025-10-11 14:28:45.557065+00,2025-10-11 14:28:45.557065+00,"{""boat"": {""regions"": ""Atlantic, Mediterranean, English Channel"", ""authority"": ""UK IFCA/MMO; Ireland SFPA; France OFB; Spain MAPA."", ""best_time"": ""Night; over low‑light periods year‑round."", ""baits_diet"": ""Whole fish/squid, fish heads; ambush predator on fish/crustaceans."", ""restrictions"": ""Handling care; some areas limit retention—check local laws."", ""distance_depth"": ""Deep wrecks/reefs 30–100 m."", ""weather_effect"": ""Unfazed by swell; dirty water fine if baits are scented."", ""tide_sensitivity"": ""Low–moderate; prefers steady run around structure."", ""temperature_effect"": ""Feeds across wide range; slightly better in mild water.""}, ""shore"": {""regions"": ""Atlantic, Mediterranean, English Channel"", ""authority"": ""UK IFCA/MMO; Ireland SFPA; France OFB; Spain MAPA."", ""best_time"": ""Night; over low‑light periods year‑round."", ""baits_diet"": ""Whole fish/squid, fish heads; ambush predator on fish/crustaceans."", ""restrictions"": ""Handling care; some areas limit retention—check local laws."", ""distance_depth"": ""Harbour walls, rocky gullies; 5–30 m."", ""weather_effect"": ""Unfazed by swell; dirty water fine if baits are scented."", ""tide_sensitivity"": ""Low–moderate; prefers steady run around structure."", ""temperature_effect"": ""Feeds across wide range; slightly better in mild water.""}}",,,Looking for someone who gets me night; over low‑light periods year‑round. Bonus points if you’ve got whole fish/squid.,"{""gaps"": [], ""depth"": {""unit"": ""meters"", ""source"": ""species_table"", ""optimal_max"": 104.5, ""optimal_min"": 29.5, ""typical_max"": 50, ""typical_min"": 0}, ""notes"": {""temperature"": ""Temperate eel. Wide tolerance 10-22°C, prefers 13-18°C.""}, ""climate"": null, ""habitat"": null, ""salinity"": {""unit"": ""psu"", ""source"": ""fishbase+obis"", ""inferred"": true, ""optimal_max"": 35, ""optimal_min"": 32, ""tolerance_max"": 38, ""tolerance_min"": 30}, ""substrate"": [""rock""], ""temperature"": {""mean"": 15.5, ""unit"": ""celsius"", ""source"": ""Marine Biology"", ""optimal_max"": 18, ""optimal_min"": 13, ""tolerance_max"": 22, ""tolerance_min"": 10}}",reef_kelp,0.30,0.30,0.15,0.10,0.10,0.05,0,0,moderate,0.55,,moderate,0.1,,0.25,
acff734e-fc96-4fc3-b158-803bd4e9342e,trs,Salmo trutta,Sea Trout,,,,,,[],8,false,false,5,0,50,[],0.50,0.50,0.30,0.40,2025-10-11 14:28:45.557065+00,2025-10-11 14:28:45.557065+00,"{""boat"": {""regions"": ""Atlantic, North Sea, Baltic"", ""authority"": ""Baltic/Nordic agencies (e.g., Denmark, Sweden), UK/IE fisheries bodies."", ""best_time"": ""Dawn/dusk; at night in clear, calm conditions; spring/autumn coastal runs."", ""baits_diet"": ""Spinners, spoons, flies (sandeel, shrimp patterns); eats sandeels/shrimps."", ""restrictions"": ""Highly regulated: seasons, bag limits, river/coastal distinctions—check carefully."", ""distance_depth"": ""Less targeted by boat; trolling near shorelines 3–10 m depth."", ""weather_effect"": ""Overcast with light onshore breeze ideal; after storm a settling day fishes well."", ""tide_sensitivity"": ""Moderate; moving water around points/bars best."", ""temperature_effect"": ""Cool–mild water best (5–14 °C); hot bright days are tough.""}, ""shore"": {""regions"": ""Atlantic, North Sea, Baltic"", ""authority"": ""Baltic/Nordic agencies (e.g., Denmark, Sweden), UK/IE fisheries bodies."", ""best_time"": ""Dawn/dusk; at night in clear, calm conditions; spring/autumn coastal runs."", ""baits_diet"": ""Spinners, spoons, flies (sandeel, shrimp patterns); eats sandeels/shrimps."", ""restrictions"": ""Highly regulated: seasons, bag limits, river/coastal distinctions—check carefully."", ""distance_depth"": ""Very close to surf edges, drop‑offs, river mouths; 0–3 m."", ""weather_effect"": ""Overcast with light onshore breeze ideal; after storm a settling day fishes well."", ""tide_sensitivity"": ""Moderate; moving water around points/bars best."", ""temperature_effect"": ""Cool–mild water best (5–14 °C); hot bright days are tough.""}}",,,"Love a moonlit dinner dawn/dusk; at night in clear, calm conditions; spring/autumn coastal runs. Just add spinners.","{""gaps"": [], ""depth"": {""unit"": ""meters"", ""source"": ""species_table"", ""optimal_max"": 2, ""optimal_min"": 1, ""typical_max"": 50, ""typical_min"": 0}, ""climate"": null, ""habitat"": null, ""salinity"": {""unit"": ""psu"", ""source"": ""fishbase+obis"", ""inferred"": true, ""optimal_max"": 35, ""optimal_min"": 20, ""tolerance_max"": 38, ""tolerance_min"": 5}, ""substrate"": [""rock""], ""temperature"": {""mean"": null, ""unit"": ""celsius"", ""source"": ""fishbase_web_scrape"", ""optimal_max"": null, ""optimal_min"": null, ""tolerance_max"": 24, ""tolerance_min"": 18}}",benthic,0.30,0.30,0.15,0.10,0.10,0.05,0,0,moderate,0.55,,moderate,0.1,,0.25,
b2e31ceb-aa7b-4f90-aedb-5a0b5e6edce3,oct,Octopus vulgaris,Common Octopus,,,,,,[],8,false,false,5,0,50,[],0.50,0.50,0.30,0.40,2025-10-11 14:28:45.557065+00,2025-10-11 14:28:45.557065+00,"{""boat"": {""regions"": ""Atlantic (Iberia), Mediterranean"", ""authority"": ""Spain MAPA/CCAA; Portugal DGRM; Italy MIPAAF."", ""best_time"": ""Night and low light; autumn–winter peaks in many areas."", ""baits_diet"": ""Egi-style octopus jigs, fish/squid baits; hunts crabs, shellfish and small fish."", ""restrictions"": ""Local seasons/limits and gear rules apply; pots/traps regulated in many regions."", ""distance_depth"": ""Reefs and rough ground 10–40 m; slow-drift jigs over boulders and weed."", ""weather_effect"": ""Clear water and light swell help; stirred-up water after storms fishes poorly."", ""tide_sensitivity"": ""Low–moderate; prefers gentle movement around rocky ground."", ""temperature_effect"": ""Prefers mild–warm seasons inshore; cold pushes them deeper.""}, ""shore"": {""regions"": ""Atlantic (Iberia), Mediterranean"", ""authority"": ""Spain MAPA/CCAA; Portugal DGRM; Italy MIPAAF."", ""best_time"": ""Night and low light; autumn–winter peaks in many areas."", ""baits_diet"": ""Egi-style octopus jigs, fish/squid baits; hunts crabs, shellfish and small fish."", ""restrictions"": ""Local seasons/limits and gear rules apply; pots/traps regulated in many regions."", ""distance_depth"": ""Breakwaters, harbour walls and rough patches 2–20 m—classic pier target at night."", ""weather_effect"": ""Clear water and light swell help; stirred-up water after storms fishes poorly."", ""tide_sensitivity"": ""Low–moderate; prefers gentle movement around rocky ground."", ""temperature_effect"": ""Prefers mild–warm seasons inshore; cold pushes them deeper.""}}",,,"Catch me night and low light; autumn–winter peaks in many areas. Big on group dates, especially with egi-style octopus jigs.","{""gaps"": [""substrate""], ""depth"": {""unit"": ""meters"", ""source"": ""obis"", ""optimal_max"": 90, ""optimal_min"": 37, ""typical_max"": 134, ""typical_min"": 12}, ""notes"": {""temperature"": ""Warm water cephalopod. Mediterranean and southern waters 16-21°C.""}, ""climate"": null, ""habitat"": null, ""salinity"": {""mean"": 36, ""unit"": ""ppt"", ""notes"": ""Reef-associated species. Full-strength oceanic water."", ""source"": ""Regional Default/Marine Biology"", ""optimal_max"": 38, ""optimal_min"": 34, ""tolerance_max"": 39, ""tolerance_min"": 32}, ""substrate"": [], ""temperature"": {""mean"": 18.5, ""unit"": ""celsius"", ""source"": ""Marine Biology/Mediterranean"", ""optimal_max"": 21, ""optimal_min"": 16, ""tolerance_max"": 25, ""tolerance_min"": 12}}",cephalopod,0.30,0.30,0.15,0.10,0.10,0.05,0,0,moderate,0.55,,moderate,0.1,,0.25,
bb4f2007-01e3-40cc-8494-402ab42f1468,RME,Raja microocellata,Small-eyed Ray,Raya ojuda,Raie petites-yeux,Kleinochenrochen,Razza occhiuta,Raia-olho-pequeno,"[""whole_squid"",""sandeel"",""bottom_rigs""]",8,false,true,4,3,60,"[""sand"",""surf"",""bars""]",0.30,0.50,0.30,0.60,2025-10-11 14:51:43.800627+00,2025-10-11 14:51:43.800627+00,"{""boat"": {""regions"": ""Inshore banks"", ""authority"": ""National fisheries"", ""best_time"": ""Moving tides"", ""baits_diet"": ""Sandeel/squid"", ""restrictions"": ""Local rules"", ""distance_depth"": ""10-50 m"", ""weather_effect"": ""Moderate chop ok"", ""tide_sensitivity"": ""Strong"", ""temperature_effect"": ""Mild-warm""}, ""shore"": {""regions"": ""Wales/Channel/Atlantic surf beaches"", ""authority"": ""National fisheries"", ""best_time"": ""Evening/night with run"", ""baits_diet"": ""Sandeel/squid combos"", ""restrictions"": ""Check regional protections"", ""distance_depth"": ""Bars/holes 3-12 m"", ""weather_effect"": ""After small onshore blows"", ""tide_sensitivity"": ""Strong; loves banks/bars"", ""temperature_effect"": ""Mild months best""}}",,,Surf-zone flirt - catch me working the bar on the flood.,"{""gaps"": [], ""depth"": {""unit"": ""meters"", ""source"": ""species_table"", ""optimal_max"": 41, ""optimal_min"": 25, ""typical_max"": 60, ""typical_min"": 3}, ""notes"": {""temperature"": ""Cold-temperate ray. Similar to Spotted Ray. Sluggish and less active in cold water; feeding rate increases with warming.""}, ""climate"": null, ""habitat"": ""demersal"", ""salinity"": {""unit"": ""psu"", ""source"": ""fishbase+obis"", ""inferred"": true, ""optimal_max"": 35, ""optimal_min"": 32, ""tolerance_max"": 38, ""tolerance_min"": 30}, ""substrate"": [""mixed"", ""sand""], ""temperature"": {""mean"": 11.5, ""unit"": ""celsius"", ""source"": ""Rajidae Family/Marine Biology"", ""optimal_max"": 14, ""optimal_min"": 9, ""tolerance_max"": 16, ""tolerance_min"": 6}}",benthic,0.30,0.30,0.15,0.10,0.10,0.05,0,0,moderate,0.55,,moderate,0.1,,0.25,
bcefa338-ee77-4d40-8939-14e16e12c236,rjc,Raja clavata,Thornback Ray,,,,,,[],8,false,false,4,0,50,[],0.50,0.50,0.30,0.40,2025-10-11 14:28:45.557065+00,2025-10-11 14:28:45.557065+00,"{""boat"": {""regions"": ""Atlantic, North Sea"", ""authority"": ""National fisheries agencies"", ""best_time"": ""Dusk/night with moving tide"", ""baits_diet"": ""Whole squid, mackerel, sandeel; small fish/crustaceans"", ""restrictions"": ""Size/bag restrictions in some countries"", ""distance_depth"": ""Deeper sands/channels 20–60m"", ""weather_effect"": ""Feeds well after mild storms stirring prey"", ""tide_sensitivity"": ""Strong tidal run improves feeding"", ""temperature_effect"": ""Prefers mild–warm water; sluggish in cold""}, ""shore"": {""regions"": ""Atlantic, North Sea"", ""authority"": ""National fisheries agencies"", ""best_time"": ""Dusk/night with moving tide"", ""baits_diet"": ""Whole squid, mackerel, sandeel; small fish/crustaceans"", ""restrictions"": ""Size/bag restrictions in some countries"", ""distance_depth"": ""Sandy bays 5–20m"", ""weather_effect"": ""Feeds well after mild storms stirring prey"", ""tide_sensitivity"": ""Strong tidal run improves feeding"", ""temperature_effect"": ""Prefers mild–warm water; sluggish in cold""}}",,,Always around dusk/night with moving tide. Not into cold shoulders — only whole squid.,"{""gaps"": [], ""depth"": {""unit"": ""meters"", ""source"": ""fishbase"", ""optimal_max"": 74, ""optimal_min"": 22, ""typical_max"": 1020, ""typical_min"": 5}, ""notes"": {""temperature"": ""Common European ray. Wide tolerance 10-18°C optimal. Sluggish and less active in cold water; feeding rate increases with warming.""}, ""climate"": null, ""habitat"": ""demersal"", ""salinity"": {""unit"": ""psu"", ""source"": ""fishbase+obis"", ""inferred"": true, ""optimal_max"": 35, ""optimal_min"": 32, ""tolerance_max"": 38, ""tolerance_min"": 30}, ""substrate"": [""mixed""], ""temperature"": {""mean"": 14, ""unit"": ""celsius"", ""source"": ""ICES/Marine Biology/Angler Data"", ""optimal_max"": 18, ""optimal_min"": 10, ""tolerance_max"": 18, ""tolerance_min"": 6}}",benthic,0.30,0.30,0.15,0.10,0.10,0.05,0,0,moderate,0.55,,moderate,0.1,,0.25,
c2e84f33-060e-4240-8ff4-126691676371,dusk-group,Epinephelus marginatus,Dusky Grouper,Mero,Mérou Brun,,Cernia Bruna,,"[""bottom fishing"",""jigging"",""live bait""]",8,false,false,5,15,100,"[""caves"",""rocky reefs"",""wrecks""]",0.50,0.50,0.30,0.40,2025-10-13 17:45:31.481089+00,2025-10-13 17:45:31.481089+00,[],,,,,default_coastal,0.30,0.30,0.15,0.10,0.10,0.05,0,0,moderate,0.4,"[""high"",""early_ebb""]",gentle,0.0,"[""16"",""22""]",0.2,"[[""caves"", ""+0.3""], [""reef_kelp"", ""+0.2""]]"
c3688abd-716a-4c15-8023-dbb22191f07a,leerfish,Lichia amia,Leerfish,Palometa,Liche,,Leccia,,"[""spinning"",""trolling"",""fly fishing""]",8,false,true,4,0,30,"[""surf zones"",""headlands""]",0.50,0.50,0.30,0.40,2025-10-13 17:45:31.481089+00,2025-10-13 17:45:31.481089+00,[],,,,,default_coastal,0.30,0.30,0.15,0.10,0.10,0.05,0,0,strong,0.6,"[""mid_flood"",""early_ebb""]",moderate,0.2,"[""18"",""24""]",0.35,"[[""surf_points"", ""+0.3""], [""headlands"", ""+0.2""]]"
c8d0c3f8-67a4-4722-9911-b96c64a288fb,dab,Limanda limanda,Dab,,,,,,[],8,false,false,3,0,50,[],0.50,0.50,0.30,0.40,2025-10-11 14:28:45.557065+00,2025-10-11 14:28:45.557065+00,"{""boat"": {""regions"": ""Atlantic, North Sea"", ""authority"": ""National fisheries agencies"", ""best_time"": ""Daylight"", ""baits_diet"": ""Small worms, shrimps; bottom feeder"", ""restrictions"": ""No major restrictions; often small, returned"", ""distance_depth"": ""Soft muddy seabeds 20–40m"", ""weather_effect"": ""Less impacted by rough seas than other flatfish"", ""tide_sensitivity"": ""Moderate tidal influence"", ""temperature_effect"": ""Tolerant to cold, feeds year-round""}, ""shore"": {""regions"": ""Atlantic, North Sea"", ""authority"": ""National fisheries agencies"", ""best_time"": ""Daylight"", ""baits_diet"": ""Small worms, shrimps; bottom feeder"", ""restrictions"": ""No major restrictions; often small, returned"", ""distance_depth"": ""Beaches, piers, sandy ground 2–20m"", ""weather_effect"": ""Less impacted by rough seas than other flatfish"", ""tide_sensitivity"": ""Moderate tidal influence"", ""temperature_effect"": ""Tolerant to cold, feeds year-round""}}",,,Always around daylight. Not into cold shoulders — only small worms.,"{""gaps"": [], ""depth"": {""unit"": ""meters"", ""source"": ""fishbase"", ""optimal_max"": 60, ""optimal_min"": 21, ""typical_max"": 150, ""typical_min"": 20}, ""notes"": {""temperature"": ""Common flatfish in North Sea. Tolerates 2-15°C, prefers 5-12°C.""}, ""climate"": null, ""habitat"": ""demersal"", ""salinity"": {""unit"": ""psu"", ""source"": ""fishbase+obis"", ""inferred"": true, ""optimal_max"": 35, ""optimal_min"": 32, ""tolerance_max"": 38, ""tolerance_min"": 30}, ""substrate"": [""mixed""], ""temperature"": {""mean"": 8.5, ""unit"": ""celsius"", ""source"": ""Marine Biology"", ""optimal_max"": 12, ""optimal_min"": 5, ""tolerance_max"": 15, ""tolerance_min"": 2}}",benthic,0.30,0.30,0.15,0.10,0.10,0.05,0,0,moderate,0.55,,moderate,0.1,,0.25,
cdec14dc-1717-4c71-908c-8f4bdce40ba3,had,Melanogrammus aeglefinus,Haddock,,,,,,[],8,false,false,5,0,50,[],0.50,0.50,0.30,0.40,2025-10-11 14:28:45.557065+00,2025-10-11 14:28:45.557065+00,"{""boat"": {""regions"": ""North Sea, North Atlantic"", ""authority"": ""UK IFCA/MMO; Norway/Denmark/Netherlands national agencies."", ""best_time"": ""Daylight and dusk; autumn–spring are strongest inshore."", ""baits_diet"": ""Worm baits, clam/mussel, small fish or squid strips; pecks shellfish and small invertebrates."", ""restrictions"": ""Minimum sizes and bag/area rules vary by country—check locally before retaining fish."", ""distance_depth"": ""Drifts over sandbanks and mixed ground 30–120 m; downtiding at anchor also works."", ""weather_effect"": ""A settling sea after wind is ideal; heavy swell makes it hard to fish effectively."", ""tide_sensitivity"": ""Moderate; likes a steady run over clean-to-mixed ground."", ""temperature_effect"": ""Prefers cool water; pushes deeper in summer warm spells.""}, ""shore"": {""regions"": ""North Sea, North Atlantic"", ""authority"": ""UK IFCA/MMO; Norway/Denmark/Netherlands national agencies."", ""best_time"": ""Daylight and dusk; autumn–spring are strongest inshore."", ""baits_diet"": ""Worm baits, clam/mussel, small fish or squid strips; pecks shellfish and small invertebrates."", ""restrictions"": ""Minimum sizes and bag/area rules vary by country—check locally before retaining fish."", ""distance_depth"": ""Open sandy/mixed ground from beaches and piers 5–30 m; offshore banks and marks 30–100 m."", ""weather_effect"": ""A settling sea after wind is ideal; heavy swell makes it hard to fish effectively."", ""tide_sensitivity"": ""Moderate; likes a steady run over clean-to-mixed ground."", ""temperature_effect"": ""Prefers cool water; pushes deeper in summer warm spells.""}}",,,I’m most active daylight and dusk; autumn–spring are strongest inshore. Bring worm baits and let’s make it a date.,"{""gaps"": [], ""depth"": {""unit"": ""meters"", ""source"": ""fishbase"", ""optimal_max"": 200, ""optimal_min"": 10, ""typical_max"": 450, ""typical_min"": 10}, ""notes"": {""temperature"": ""Cold-water species. Common in North Sea 4-7°C. Rarely found >10°C.""}, ""climate"": null, ""habitat"": null, ""salinity"": {""unit"": ""psu"", ""source"": ""fishbase+obis"", ""inferred"": true, ""optimal_max"": 35, ""optimal_min"": 32, ""tolerance_max"": 38, ""tolerance_min"": 30}, ""substrate"": [""rock""], ""temperature"": {""mean"": 5.5, ""unit"": ""celsius"", ""source"": ""ICES/Marine Biology"", ""optimal_max"": 7, ""optimal_min"": 4, ""tolerance_max"": 10, ""tolerance_min"": 2}}",benthic,0.30,0.30,0.15,0.10,0.10,0.05,0,0,moderate,0.55,,moderate,0.1,,0.25,
cdff3a7d-13c1-43ab-8b4c-026fea407846,mug,Chelon labrosus,Grey Mullet,,,,,,[],8,false,false,4,0,50,[],0.50,0.50,0.30,0.40,2025-10-11 14:28:45.557065+00,2025-10-11 14:28:45.557065+00,"{""boat"": {""regions"": ""Atlantic, Mediterranean"", ""authority"": ""Municipal/port by‑laws; national fisheries sites."", ""best_time"": ""Evening/dawn; sight‑feeding in daylight on calm days."", ""baits_diet"": ""Bread, tiny worms, harbour detritus; filter‑grazer."", ""restrictions"": ""Local restrictions possible; avoid polluted harbours for consumption."", ""distance_depth"": ""Harbours, marinas, surf edges; 0–10 m. (boat marks deeper/offshore)"", ""weather_effect"": ""After rain/run‑off they graze hard in estuaries; strong winds spook shoals."", ""tide_sensitivity"": ""Strong in estuaries on flood; when the tide slows right down spotting fish with polarised glasses works."", ""temperature_effect"": ""Best in mild–warm months; cold snaps shut them down.""}, ""shore"": {""regions"": ""Atlantic, Mediterranean"", ""authority"": ""Municipal/port by‑laws; national fisheries sites."", ""best_time"": ""Evening/dawn; sight‑feeding in daylight on calm days."", ""baits_diet"": ""Bread, tiny worms, harbour detritus; filter‑grazer."", ""restrictions"": ""Local restrictions possible; avoid polluted harbours for consumption."", ""distance_depth"": ""Harbours, marinas, surf edges; 0–10 m. (shore accessible range)"", ""weather_effect"": ""After rain/run‑off they graze hard in estuaries; strong winds spook shoals."", ""tide_sensitivity"": ""Strong in estuaries on flood; when the tide slows right down spotting fish with polarised glasses works."", ""temperature_effect"": ""Best in mild–warm months; cold snaps shut them down.""}}",,,I’m most active evening/dawn; sight‑feeding in daylight on calm days. Bring bread and let’s make it a date.,"{""gaps"": [], ""depth"": {""unit"": ""meters"", ""source"": ""obis"", ""optimal_max"": 21, ""optimal_min"": 11, ""typical_max"": 23, ""typical_min"": 5}, ""notes"": {""temperature"": ""Warm temperate species 15-19°C. Common Mediterranean.""}, ""climate"": null, ""habitat"": ""demersal"", ""salinity"": {""unit"": ""psu"", ""source"": ""fishbase+obis"", ""inferred"": true, ""optimal_max"": 35, ""optimal_min"": 20, ""tolerance_max"": 38, ""tolerance_min"": 5}, ""substrate"": [""mixed""], ""temperature"": {""mean"": 17, ""unit"": ""celsius"", ""source"": ""Mediterranean/Marine Biology"", ""optimal_max"": 19, ""optimal_min"": 15, ""tolerance_max"": 22, ""tolerance_min"": 12}}",surf_estuary,0.30,0.30,0.15,0.10,0.10,0.05,0,0,moderate,0.55,,moderate,0.1,,0.25,
cfdb7cb9-093f-466c-b52f-7eb3ce4b2236,jod,Zeus faber,John Dory,,,,,,[],8,false,false,5,0,50,[],0.50,0.50,0.30,0.40,2025-10-11 14:28:45.557065+00,2025-10-11 14:28:45.557065+00,"{""boat"": {""regions"": ""Atlantic, Mediterranean"", ""authority"": ""National marine fisheries (e.g., France OFB; Spain MAPA)."", ""best_time"": ""Daytime; dawn on reefs/wrecks."", ""baits_diet"": ""Livebaits/squid; predator on small fish."", ""restrictions"": ""Commercial species; recreational MLS/bag may apply."", ""distance_depth"": ""Reefs/wrecks 20–150 m; occasional inshore. (boat marks deeper/offshore)"", ""weather_effect"": ""Prefers calm/clear; big swell drives deeper/off the mark."", ""tide_sensitivity"": ""Low–moderate; ambushes around current seams."", ""temperature_effect"": ""Best in mild–warm settled periods.""}, ""shore"": {""regions"": ""Atlantic, Mediterranean"", ""authority"": ""National marine fisheries (e.g., France OFB; Spain MAPA)."", ""best_time"": ""Daytime; dawn on reefs/wrecks."", ""baits_diet"": ""Livebaits/squid; predator on small fish."", ""restrictions"": ""Commercial species; recreational MLS/bag may apply."", ""distance_depth"": ""Reefs/wrecks 20–150 m; occasional inshore. (shore accessible range)"", ""weather_effect"": ""Prefers calm/clear; big swell drives deeper/off the mark."", ""tide_sensitivity"": ""Low–moderate; ambushes around current seams."", ""temperature_effect"": ""Best in mild–warm settled periods.""}}",,,Always around daytime; dawn on reefs/wrecks. Not into cold shoulders — only livebaits/squid; predator on small fish..,"{""gaps"": [""substrate""], ""depth"": {""unit"": ""meters"", ""source"": ""fishbase"", ""optimal_max"": 150, ""optimal_min"": 50, ""typical_max"": 400, ""typical_min"": 5}, ""notes"": {""temperature"": ""Temperate species. European waters 13-17°C.""}, ""climate"": null, ""habitat"": ""benthopelagic"", ""salinity"": {""unit"": ""psu"", ""source"": ""fishbase+obis"", ""inferred"": true, ""optimal_max"": 35, ""optimal_min"": 20, ""tolerance_max"": 38, ""tolerance_min"": 5}, ""substrate"": [], ""temperature"": {""mean"": 15, ""unit"": ""celsius"", ""source"": ""Marine Biology"", ""optimal_max"": 17, ""optimal_min"": 13, ""tolerance_max"": 20, ""tolerance_min"": 10}}",reef_kelp,0.30,0.30,0.15,0.10,0.10,0.05,0,0,moderate,0.50,"[""mid_flood"",""early_ebb""]",gentle,0.05,"[""10"",""15""]",0.25,"[[""reef_sand_edges"", ""+0.2""]]"
d0c0cafa-e19d-4de1-8ac5-8f19867fd4b3,sadd-bream,Oblada melanura,Saddled Seabream,Oblada,Oblade,,Occhiata,,"[""float fishing"",""light tackle""]",8,false,false,3,0,30,"[""rocky shores"",""harbour walls""]",0.50,0.50,0.30,0.40,2025-10-13 17:45:31.481089+00,2025-10-13 17:45:31.481089+00,[],,,,,default_coastal,0.30,0.30,0.15,0.10,0.10,0.05,0,0,moderate,0.45,"[""mid_flood"",""high""]",gentle,0.05,"[""18"",""24""]",0.2,"[[""cliff_ledges"", ""+0.1""], [""harbour_walls"", ""+0.1""]]"
d19bf161-8459-4ff7-8677-6be6f40ee2b4,wrc,Labrus mixtus,Cuckoo Wrasse,,,,,,[],8,false,false,3,0,50,[],0.50,0.50,0.30,0.40,2025-10-11 14:28:45.557065+00,2025-10-11 14:28:45.557065+00,"{""shore"": {""regions"": ""North Atlantic, North Sea (west)"", ""authority"": ""Regional conservation/fisheries bodies; national agencies."", ""best_time"": ""Daylight; over broken ground with kelp and boulders."", ""baits_diet"": ""Small crab and prawn baits; also takes small lures."", ""restrictions"": ""Local protections possible; bright colours make them popular for photos—handle gently."", ""distance_depth"": ""Rocky points and reefs in 5–25 m; piers with kelp beds can hold them."", ""weather_effect"": ""Clearer seas help; big swell tucks them into holes."", ""tide_sensitivity"": ""Moderate; works best with some run."", ""temperature_effect"": ""Active in mild–warm months; slows in winter.""}}",,,Looking for someone who gets me daylight; over broken ground with kelp and boulders. Bonus points if you’ve got small crab and prawn baits;,"{""gaps"": [], ""depth"": {""unit"": ""meters"", ""source"": ""fishbase"", ""optimal_max"": 80, ""optimal_min"": 40, ""typical_max"": 200, ""typical_min"": 2}, ""notes"": {""temperature"": ""Activity rises sharply with water warming >10-12°C; winter lethargy common. Not migratory but strongly temperature-modulated feeding.""}, ""climate"": null, ""habitat"": null, ""salinity"": {""unit"": ""psu"", ""source"": ""fishbase+obis"", ""inferred"": true, ""optimal_max"": 35, ""optimal_min"": 32, ""tolerance_max"": 38, ""tolerance_min"": 30}, ""substrate"": [""weed""], ""temperature"": {""mean"": 12.5, ""unit"": ""celsius"", ""source"": ""Marine Biology/Angler Data"", ""optimal_max"": 15, ""optimal_min"": 10, ""tolerance_max"": 18, ""tolerance_min"": 8}}",reef_kelp,0.30,0.30,0.15,0.10,0.10,0.05,0,0,moderate,0.55,,moderate,0.1,,0.25,
d405f530-839c-4a1f-9eb8-1aab0737c6e0,pandora,Pagellus erythrinus,Common Pandora,Breca,Pageot,,Pagello Fragolino,,"[""bottom fishing"",""light tackle""]",8,false,false,4,5,40,"[""sandy bottoms"",""reef edges""]",0.50,0.50,0.30,0.40,2025-10-13 17:45:31.481089+00,2025-10-13 17:45:31.481089+00,[],,,,,default_coastal,0.30,0.30,0.15,0.10,0.10,0.05,0,0,moderate,0.5,"[""early_flood"",""mid_flood""]",gentle,0.1,"[""15"",""20""]",0.2,"[[""sand_near_reef"", ""+0.2""]]"
d93860a9-b51f-464e-b448-f31016783658,sol,Solea solea,Dover Sole,,,,,,[],8,false,false,5,0,50,[],0.50,0.50,0.30,0.40,2025-10-11 14:28:45.557065+00,2025-10-11 14:28:45.557065+00,"{""boat"": {""regions"": ""Atlantic, North Sea"", ""authority"": ""National fisheries agencies"", ""best_time"": ""Night/dusk"", ""baits_diet"": ""Worms, ragworm, small crab; bottom-feeder"", ""restrictions"": ""MLS 24cm+; quotas apply"", ""distance_depth"": ""Drifting soft grounds 20–40m"", ""weather_effect"": ""Settled calm seas best"", ""tide_sensitivity"": ""Strong on flooding tide"", ""temperature_effect"": ""Prefers warmer summer/autumn; winter slow""}, ""shore"": {""regions"": ""Atlantic, North Sea"", ""authority"": ""National fisheries agencies"", ""best_time"": ""Night/dusk"", ""baits_diet"": ""Worms, ragworm, small crab; bottom-feeder"", ""restrictions"": ""MLS 24cm+; quotas apply"", ""distance_depth"": ""Sandy beaches, shallow mud 2–15m"", ""weather_effect"": ""Settled calm seas best"", ""tide_sensitivity"": ""Strong on flooding tide"", ""temperature_effect"": ""Prefers warmer summer/autumn; winter slow""}}",,,Looking for someone who gets me night/dusk. Bonus points if you’ve got worms.,"{""gaps"": [], ""depth"": {""unit"": ""meters"", ""source"": ""species_table"", ""optimal_max"": 60, ""optimal_min"": 10, ""typical_max"": 50, ""typical_min"": 0}, ""climate"": null, ""habitat"": null, ""salinity"": {""unit"": ""psu"", ""source"": ""fishbase+obis"", ""inferred"": true, ""optimal_max"": 35, ""optimal_min"": 20, ""tolerance_max"": 38, ""tolerance_min"": 5}, ""substrate"": [""sand""], ""temperature"": {""mean"": null, ""unit"": ""celsius"", ""source"": ""fishbase_web_scrape"", ""optimal_max"": null, ""optimal_min"": null, ""tolerance_max"": 24, ""tolerance_min"": 8}}",benthic,0.30,0.30,0.15,0.10,0.10,0.05,0,0,moderate,0.55,,moderate,0.1,,0.25,
dbe7a1c9-29f9-4620-b5dc-60376973a158,BUH,Scyliorhinus stellaris,Bull Huss,Pintarroja mayor,Roussette tachetée,Katzenhai (groß),Gattuccio maggiore,Pintarroxa-boca-grande,"[""big_baits"",""pulley_rigs"",""bottom_rigs""]",8,true,false,4,5,100,"[""rocks"",""reef"",""wreck"",""kelp""]",0.20,0.40,0.30,0.40,2025-10-11 14:51:43.800627+00,2025-10-11 14:51:43.800627+00,"{""boat"": {""regions"": ""Reefs/wrecks 20-100 m"", ""authority"": ""National fisheries"", ""best_time"": ""Dusk/night"", ""baits_diet"": ""Fish/squid baits"", ""restrictions"": ""Local limits; many C&R"", ""distance_depth"": ""20-100 m"", ""weather_effect"": ""Turbid OK"", ""tide_sensitivity"": ""Low-moderate"", ""temperature_effect"": ""Cool-mild best""}, ""shore"": {""regions"": ""Atlantic rough ground/kelp gullies"", ""authority"": ""National fisheries"", ""best_time"": ""Dusk/night"", ""baits_diet"": ""Whole fish/squid; strong scent"", ""restrictions"": ""Handle carefully; abrasive skin"", ""distance_depth"": ""Rocky ledges 5-20 m"", ""weather_effect"": ""Unfazed by coloured water"", ""tide_sensitivity"": ""Low-moderate"", ""temperature_effect"": ""Fair year-round; deeper in heat""}}",,,Night owl with a taste for whole squid - bring the scent.,"{""gaps"": [], ""depth"": {""unit"": ""meters"", ""source"": ""fishbase"", ""optimal_max"": 63, ""optimal_min"": 20, ""typical_max"": 400, ""typical_min"": 1}, ""notes"": {""temperature"": ""Catshark species. Temperate waters 11-15°C. Common around UK.""}, ""climate"": null, ""habitat"": ""reef-associated"", ""salinity"": {""unit"": ""psu"", ""source"": ""fishbase+obis"", ""inferred"": true, ""optimal_max"": 35, ""optimal_min"": 32, ""tolerance_max"": 38, ""tolerance_min"": 30}, ""substrate"": [""rock"", ""weed""], ""temperature"": {""mean"": 13, ""unit"": ""celsius"", ""source"": ""Marine Biology"", ""optimal_max"": 15, ""optimal_min"": 11, ""tolerance_max"": 18, ""tolerance_min"": 8}}",default_coastal,0.30,0.30,0.15,0.10,0.10,0.05,0,0,moderate,0.55,,moderate,0.1,,0.25,
de0e3718-6ff7-42cc-a446-af6198ebf9b6,gar,Belone belone,Garfish (Needlefish),,,,,,[],8,false,false,3,0,50,[],0.50,0.50,0.30,0.40,2025-10-11 14:28:45.557065+00,2025-10-11 14:28:45.557065+00,"{""boat"": {""regions"": ""Atlantic, North Sea, Baltic"", ""authority"": ""National fisheries agency/harbour by‑laws."", ""best_time"": ""Daylight & dusk in spring runs; also at night under lights."", ""baits_diet"": ""Small surface lures/float baits; eats sprats/sandeels."", ""restrictions"": ""Few restrictions; sharp beak—handle with care."", ""distance_depth"": ""Surface layers 0–5 m; close to piers/headlands. (boat marks deeper/offshore)"", ""weather_effect"": ""Calm/clear or slight chop best; big swell poor for floats."", ""tide_sensitivity"": ""Low–moderate; moving surface water helpful."", ""temperature_effect"": ""Arrives with warming water in spring–summer.""}, ""shore"": {""regions"": ""Atlantic, North Sea, Baltic"", ""authority"": ""National fisheries agency/harbour by‑laws."", ""best_time"": ""Daylight & dusk in spring runs; also at night under lights."", ""baits_diet"": ""Small surface lures/float baits; eats sprats/sandeels."", ""restrictions"": ""Few restrictions; sharp beak—handle with care."", ""distance_depth"": ""Surface layers 0–5 m; close to piers/headlands. (shore accessible range)"", ""weather_effect"": ""Calm/clear or slight chop best; big swell poor for floats."", ""tide_sensitivity"": ""Low–moderate; moving surface water helpful."", ""temperature_effect"": ""Arrives with warming water in spring–summer.""}}",,,Always around daylight & dusk in spring runs; also at night under lights. Not into cold shoulders — only small surface lures/float baits; ea,"{""gaps"": [""substrate""], ""depth"": {""unit"": ""meters"", ""source"": ""species_table"", ""optimal_max"": 128, ""optimal_min"": 17, ""typical_max"": 50, ""typical_min"": 0}, ""notes"": {""temperature"": ""Temperate pelagic species. Seasonal migrant 13-17°C.""}, ""climate"": null, ""habitat"": ""pelagic-oceanic"", ""salinity"": {""unit"": ""psu"", ""source"": ""fishbase+obis"", ""inferred"": true, ""optimal_max"": 35, ""optimal_min"": 20, ""tolerance_max"": 38, ""tolerance_min"": 5}, ""substrate"": [], ""temperature"": {""mean"": 15, ""unit"": ""celsius"", ""source"": ""Marine Biology"", ""optimal_max"": 17, ""optimal_min"": 13, ""tolerance_max"": 20, ""tolerance_min"": 10}}",pelagic,0.30,0.30,0.15,0.10,0.10,0.05,0,0,moderate,0.55,,moderate,0.1,,0.25,
de8827c0-ead9-485e-a96b-68d6fcb54b24,ldb,Lepidorhombus whiffiagonis,Megrim,,,,,,[],8,false,false,4,0,50,[],0.50,0.50,0.30,0.40,2025-10-11 14:28:45.557065+00,2025-10-11 14:28:45.557065+00,"{""boat"": {""regions"": ""North Atlantic, Celtic/North Sea"", ""authority"": ""UK IFCA/MMO; Ireland/Spain/France national agencies."", ""best_time"": ""Daytime drifts."", ""baits_diet"": ""Small fish strips, sandeel, squid; ambush feeder on sand/mud."", ""restrictions"": ""Local minimum sizes and protections—check before keeping fish."", ""distance_depth"": ""Wide flats 40–200 m; drift baits a metre off the bottom when dogfish are thick."", ""weather_effect"": ""Moderate chop is fine; big surf or heavy swell makes it hard to fish effectively."", ""tide_sensitivity"": ""Low–moderate; happiest on gentle runs over clean ground."", ""temperature_effect"": ""Cool to mild water suits; very cold slows them.""}, ""shore"": {""regions"": ""North Atlantic, Celtic/North Sea"", ""authority"": ""UK IFCA/MMO; Ireland/Spain/France national agencies."", ""best_time"": ""Daytime drifts."", ""baits_diet"": ""Small fish strips, sandeel, squid; ambush feeder on sand/mud."", ""restrictions"": ""Local minimum sizes and protections—check before keeping fish."", ""distance_depth"": ""Clean ground within casting reach in deeper beaches 10–30 m; offshore flats 30–120 m."", ""weather_effect"": ""Moderate chop is fine; big surf or heavy swell makes it hard to fish effectively."", ""tide_sensitivity"": ""Low–moderate; happiest on gentle runs over clean ground."", ""temperature_effect"": ""Cool to mild water suits; very cold slows them.""}}",,,Always around daytime drifts. Not into cold shoulders — only small fish strips.,"{""gaps"": [], ""depth"": {""unit"": ""meters"", ""source"": ""fishbase"", ""optimal_max"": 155, ""optimal_min"": 70.5, ""typical_max"": 700, ""typical_min"": 100}, ""notes"": {""temperature"": ""Deep-water flatfish. Colder preference than Brill/Turbot due to depth range. Common in North Atlantic commercial fisheries.""}, ""climate"": null, ""habitat"": null, ""salinity"": {""unit"": ""psu"", ""source"": ""fishbase+obis"", ""inferred"": true, ""optimal_max"": 35, ""optimal_min"": 32, ""tolerance_max"": 38, ""tolerance_min"": 30}, ""substrate"": [""mixed""], ""temperature"": {""mean"": 8.5, ""unit"": ""celsius"", ""source"": ""Flatfish Family/ICES"", ""optimal_max"": 11, ""optimal_min"": 6, ""tolerance_max"": 14, ""tolerance_min"": 4}}",benthic,0.30,0.30,0.15,0.10,0.10,0.05,0,0,moderate,0.55,,moderate,0.1,,0.25,
e2047506-3a07-4b7b-887a-78678c790855,fgm,Mugil cephalus,Flathead Grey Mullet,,,,,,[],8,false,false,4,0,50,[],0.50,0.50,0.30,0.40,2025-10-11 14:28:45.557065+00,2025-10-11 14:28:45.557065+00,"{""shore"": {""regions"": ""Atlantic, Mediterranean"", ""authority"": ""National fisheries agencies"", ""best_time"": ""Dawn/evening; calm days"", ""baits_diet"": ""Bread, algae, harbour detritus; filter feeder"", ""restrictions"": ""Often no EU MLS; local rules apply"", ""distance_depth"": ""Harbours, estuaries, surf zones 0–10m"", ""weather_effect"": ""After rain in estuaries good; spooked by wind/boat noise"", ""tide_sensitivity"": ""Strong in estuaries on flooding tide"", ""temperature_effect"": ""Best in mild–warm months; cold snaps shut down""}}",,,Looking for someone who gets me dawn/evening; calm days. Bonus points if you’ve got bread.,"{""gaps"": [], ""depth"": {""unit"": ""meters"", ""source"": ""species_table"", ""optimal_max"": 10, ""optimal_min"": 0.25, ""typical_max"": 50, ""typical_min"": 0}, ""climate"": null, ""habitat"": null, ""salinity"": {""unit"": ""psu"", ""source"": ""fishbase+obis"", ""inferred"": true, ""optimal_max"": 35, ""optimal_min"": 20, ""tolerance_max"": 38, ""tolerance_min"": 5}, ""substrate"": [""rock"", ""sand"", ""mud""], ""temperature"": {""mean"": null, ""unit"": ""celsius"", ""source"": ""fishbase_web_scrape"", ""optimal_max"": null, ""optimal_min"": null, ""tolerance_max"": 24, ""tolerance_min"": 8}}",surf_estuary,0.30,0.30,0.15,0.10,0.10,0.05,0,0,moderate,0.55,,moderate,0.1,,0.25,
e6564b80-fb7c-4920-b852-3f7d224e340a,yel-cuda,Sphyraena viridensis,Yellowmouth Barracuda,Barracuda Amarilla,Bécune Yellowmouth,,Barracuda Bocca Gialla,,"[""spinning"",""trolling"",""fly fishing""]",8,true,false,3,0,30,"[""harbour lights"",""reef edges""]",0.50,0.50,0.30,0.40,2025-10-13 17:45:31.481089+00,2025-10-13 17:45:31.481089+00,[],,,,,default_coastal,0.30,0.30,0.15,0.10,0.10,0.05,0,0,strong,0.45,"[""mid_flood"",""early_ebb""]",gentle,0.05,"[""18"",""24""]",0.25,"[[""harbour_lights"", ""+0.3""], [""reef_edges"", ""+0.1""]]"
e6c1fac9-8e11-4447-81a5-fea7306cb6df,GUR,Chelidonichthys cuculus,Red Gurnard,Rubio,Grondin rouge,Rotbarbe (Seeskorpion),Gallinella rossa,Patruça-vermelha,"[""small_fish_strips"",""shrimp_bait"",""drift""]",8,false,false,4,5,100,"[""sand"",""mixed_ground"",""flats""]",0.30,0.50,0.30,0.40,2025-10-11 14:51:43.800627+00,2025-10-11 14:51:43.800627+00,"{""boat"": {""regions"": ""Banks/flats"", ""authority"": ""National fisheries"", ""best_time"": ""Daytime drifts"", ""baits_diet"": ""Fish strips/shrimp; small metals"", ""restrictions"": ""Local rules"", ""distance_depth"": ""15-100 m"", ""weather_effect"": ""Moderate ok"", ""tide_sensitivity"": ""Moderate"", ""temperature_effect"": ""Mild-warm""}, ""shore"": {""regions"": ""Atlantic/Channel/Biscay"", ""authority"": ""National fisheries"", ""best_time"": ""Daytime over sand/mixed"", ""baits_diet"": ""Fish strips, shrimp; hunts on seabed"", ""restrictions"": ""Local MLS may apply"", ""distance_depth"": ""5-20 m from beaches/rocks"", ""weather_effect"": ""Moderate chop fine"", ""tide_sensitivity"": ""Moderate"", ""temperature_effect"": ""Mild-warm months more active""}}",,,"Red, rumbly, and ready to root out lunch - bring strips.","{""gaps"": [], ""depth"": {""unit"": ""meters"", ""source"": ""fishbase"", ""optimal_max"": 250, ""optimal_min"": 30, ""typical_max"": 400, ""typical_min"": 15}, ""notes"": {""temperature"": ""Warmer preference than Grey Gurnard. Summer species in UK waters; appears as temperatures rise. Common in Mediterranean and southern European waters.""}, ""climate"": null, ""habitat"": null, ""salinity"": {""unit"": ""psu"", ""source"": ""fishbase+obis"", ""inferred"": true, ""optimal_max"": 35, ""optimal_min"": 32, ""tolerance_max"": 38, ""tolerance_min"": 30}, ""substrate"": [""rock"", ""sand"", ""mixed""], ""temperature"": {""mean"": 13, ""unit"": ""celsius"", ""source"": ""Gurnard Family/Marine Biology"", ""optimal_max"": 16, ""optimal_min"": 10, ""tolerance_max"": 20, ""tolerance_min"": 7}}",reef_kelp,0.30,0.30,0.15,0.10,0.10,0.05,0,0,moderate,0.55,,moderate,0.1,,0.25,
ed21d6cd-cf25-4e41-bcf2-cec413186df4,scy,Scyliorhinus canicula,Small-spotted Catshark,,,,,,[],8,false,false,3,0,50,[],0.50,0.50,0.30,0.40,2025-10-11 14:28:45.557065+00,2025-10-11 14:28:45.557065+00,"{""boat"": {""regions"": ""Atlantic, North Sea"", ""authority"": ""National fisheries agencies"", ""best_time"": ""Night"", ""baits_diet"": ""Smelly fish/squid baits; scavenger"", ""restrictions"": ""Generally no restrictions; often released"", ""distance_depth"": ""Sandy/mud seabeds 20–100m"", ""weather_effect"": ""Feeds happily in coloured post-storm water"", ""tide_sensitivity"": ""Not tide sensitive"", ""temperature_effect"": ""Active in wide temp range""}, ""shore"": {""regions"": ""Atlantic, North Sea"", ""authority"": ""National fisheries agencies"", ""best_time"": ""Night"", ""baits_diet"": ""Smelly fish/squid baits; scavenger"", ""restrictions"": ""Generally no restrictions; often released"", ""distance_depth"": ""Surf beaches, estuaries 5–20m"", ""weather_effect"": ""Feeds happily in coloured post-storm water"", ""tide_sensitivity"": ""Not tide sensitive"", ""temperature_effect"": ""Active in wide temp range""}}",,,I’m most active night. Bring smelly fish/squid baits; scavenger and let’s make it a date.,"{""gaps"": [], ""depth"": {""unit"": ""meters"", ""source"": ""fishbase"", ""optimal_max"": 100, ""optimal_min"": 80, ""typical_max"": 780, ""typical_min"": 10}, ""notes"": {""temperature"": ""Common catshark. UK/European waters 10-13°C.""}, ""climate"": null, ""habitat"": null, ""salinity"": {""unit"": ""psu"", ""source"": ""fishbase+obis"", ""inferred"": true, ""optimal_max"": 35, ""optimal_min"": 32, ""tolerance_max"": 38, ""tolerance_min"": 30}, ""substrate"": [""mixed""], ""temperature"": {""mean"": 11.5, ""unit"": ""celsius"", ""source"": ""Marine Biology"", ""optimal_max"": 13, ""optimal_min"": 10, ""tolerance_max"": 16, ""tolerance_min"": 8}}",pelagic,0.30,0.30,0.15,0.10,0.10,0.05,0,0,moderate,0.55,,moderate,0.1,,0.25,
ed70b779-68c8-4f71-a6c9-3a0454cd881b,whg,Merlangius merlangus,Whiting,,,,,,[],8,false,false,4,0,50,[],0.50,0.50,0.30,0.40,2025-10-11 14:28:45.557065+00,2025-10-11 14:28:45.557065+00,"{""boat"": {""regions"": ""North Sea, Atlantic"", ""authority"": ""National fisheries websites (e.g., UK IFCA/MMO; Ireland SFPA)."", ""best_time"": ""Night & low‑light; peaks in colder months inshore."", ""baits_diet"": ""Small strips of mackerel/squid, worms; eats shrimp/small fish."", ""restrictions"": ""MLS and bag rules vary—verify locally."", ""distance_depth"": ""Inshore 5–50 m over sand/mixed. (boat marks deeper/offshore)"", ""weather_effect"": ""Best in settled or light chop; heavy surf scatters shoals."", ""tide_sensitivity"": ""Moderate–strong; likes run over sand/mixed ground."", ""temperature_effect"": ""Cool‑water oriented; less activity in heat.""}, ""shore"": {""regions"": ""North Sea, Atlantic"", ""authority"": ""National fisheries websites (e.g., UK IFCA/MMO; Ireland SFPA)."", ""best_time"": ""Night & low‑light; peaks in colder months inshore."", ""baits_diet"": ""Small strips of mackerel/squid, worms; eats shrimp/small fish."", ""restrictions"": ""MLS and bag rules vary—verify locally."", ""distance_depth"": ""Inshore 5–50 m over sand/mixed. (shore accessible range)"", ""weather_effect"": ""Best in settled or light chop; heavy surf scatters shoals."", ""tide_sensitivity"": ""Moderate–strong; likes run over sand/mixed ground."", ""temperature_effect"": ""Cool‑water oriented; less activity in heat.""}}",,,I’m most active night & low‑light; peaks in colder months inshore. Bring small strips of mackerel/squid and let’s make it a date.,"{""gaps"": [], ""depth"": {""unit"": ""meters"", ""source"": ""fishbase"", ""optimal_max"": 100, ""optimal_min"": 30, ""typical_max"": 200, ""typical_min"": 10}, ""notes"": {""temperature"": ""Temperate species common in North Sea 7-11°C. Tolerates wide range.""}, ""climate"": null, ""habitat"": null, ""salinity"": {""unit"": ""psu"", ""source"": ""fishbase+obis"", ""inferred"": true, ""optimal_max"": 35, ""optimal_min"": 20, ""tolerance_max"": 38, ""tolerance_min"": 5}, ""substrate"": [""rock""], ""temperature"": {""mean"": 9, ""unit"": ""celsius"", ""source"": ""ICES/Marine Biology"", ""optimal_max"": 11, ""optimal_min"": 7, ""tolerance_max"": 15, ""tolerance_min"": 4}}",benthic,0.30,0.30,0.15,0.10,0.10,0.05,0,0,moderate,0.55,,moderate,0.1,,0.25,
ee20edc8-ab67-4494-b083-f8a5702e4241,RJM,Raja montagui,Spotted Ray,Raya manchada,Raie tachetée,Gefleckte Rochen,Razza maculata,Raia-malhada,"[""whole_squid"",""sandeel"",""bottom_rigs""]",8,false,true,4,5,80,"[""sand"",""sandbank"",""mixed_ground""]",0.30,0.50,0.30,0.60,2025-10-11 14:51:43.800627+00,2025-10-11 14:51:43.800627+00,"{""boat"": {""regions"": ""Inshore banks/channels"", ""authority"": ""National fisheries"", ""best_time"": ""Flood/ebb runs"", ""baits_diet"": ""Sandeel/squid"", ""restrictions"": ""Local rules"", ""distance_depth"": ""10-60 m"", ""weather_effect"": ""Moderate chop ok"", ""tide_sensitivity"": ""Strong"", ""temperature_effect"": ""Mild-warm""}, ""shore"": {""regions"": ""W Europe sandy bays/sandbanks"", ""authority"": ""National fisheries"", ""best_time"": ""Dusk/night with moving tide"", ""baits_diet"": ""Whole squid, sandeel, fish strips"", ""restrictions"": ""Local MLS/bag rules"", ""distance_depth"": ""Surf bays 5-15 m"", ""weather_effect"": ""After mild blows can fish well"", ""tide_sensitivity"": ""Strong; tide run helps"", ""temperature_effect"": ""Mild-warm best""}}",,,Dappled and dashing - meet me where the tide runs.,"{""gaps"": [], ""depth"": {""unit"": ""meters"", ""source"": ""fishbase"", ""optimal_max"": 74, ""optimal_min"": 36.5, ""typical_max"": 530, ""typical_min"": 8}, ""notes"": {""temperature"": ""Temperate ray. Common in waters 9-12°C.""}, ""climate"": null, ""habitat"": ""demersal"", ""salinity"": {""unit"": ""psu"", ""source"": ""fishbase+obis"", ""inferred"": true, ""optimal_max"": 35, ""optimal_min"": 32, ""tolerance_max"": 38, ""tolerance_min"": 30}, ""substrate"": [""mixed"", ""sand""], ""temperature"": {""mean"": 10.5, ""unit"": ""celsius"", ""source"": ""Marine Biology"", ""optimal_max"": 12, ""optimal_min"": 9, ""tolerance_max"": 15, ""tolerance_min"": 7}}",benthic,0.30,0.30,0.15,0.10,0.10,0.05,0,0,moderate,0.55,,moderate,0.1,,0.25,
ee694f1d-353f-421b-846f-fda1b83dedf6,bogue,Boops boops,Bogue,Boga,Bogue,,Boga,,"[""float fishing"",""sabiki rigs""]",8,false,false,3,0,40,"[""open water"",""harbour lights""]",0.50,0.50,0.30,0.40,2025-10-13 17:45:31.481089+00,2025-10-13 17:45:31.481089+00,[],,,,,default_coastal,0.30,0.30,0.15,0.10,0.10,0.05,0,0,moderate,0.45,"[""mid_flood"",""early_ebb""]",gentle,0.05,"[""16"",""22""]",0.2,"[[""harbour_lights"", ""+0.2""]]"
f0d5a23f-6688-4bb7-a071-073eec8b65c6,wht-bream,Diplodus sargus,White Seabream,Sargo,Sar Commun,,Sarago Maggiore,,"[""float fishing"",""bottom fishing"",""light tackle""]",8,false,false,4,0,20,"[""rocky reefs"",""seagrass beds""]",0.50,0.50,0.30,0.40,2025-10-13 17:45:31.481089+00,2025-10-13 17:45:31.481089+00,[],,,,,default_coastal,0.25,0.30,0.10,0.10,0.20,0.05,0,0,moderate,0.55,"[""mid_flood"",""high""]",gentle,0.10,"[""16"",""22""]",0.20,"[[""rocky_coves"", ""+0.2""], [""seagrass"", ""+0.1""]]"
f55d6f7a-92d6-405c-a7b9-538229ac9a4b,RUN,Raja undulata,Undulate Ray,Raya mosaico,Raie ondulée,Wellenrochen,Razza ondulata,Raia-ondulada,"[""whole_squid"",""fish_baits"",""bottom_rigs""]",8,false,true,4,3,70,"[""sand"",""channel"",""bank""]",0.30,0.50,0.30,0.60,2025-10-11 14:51:43.800627+00,2025-10-11 14:51:43.800627+00,"{""boat"": {""regions"": ""Sandy channels/banks"", ""authority"": ""National/Regional regulations"", ""best_time"": ""Moving tide"", ""baits_diet"": ""Whole squid/fish baits"", ""restrictions"": ""Protection varies by area"", ""distance_depth"": ""10-60 m"", ""weather_effect"": ""Moderate seas fine"", ""tide_sensitivity"": ""Strong"", ""temperature_effect"": ""Mild-warm""}, ""shore"": {""regions"": ""Southern UK/Channel/Biscay"", ""authority"": ""National/Regional regulations"", ""best_time"": ""Evening/night with run"", ""baits_diet"": ""Squid/mackerel/sandeel"", ""restrictions"": ""Often protected or seasonal C&R only - check carefully"", ""distance_depth"": ""Sandy bays 3-15 m"", ""weather_effect"": ""Post-blow settles fish"", ""tide_sensitivity"": ""Strong; channels and banks"", ""temperature_effect"": ""Prefers mild-warm""}}",,,Wavy-gravy heartbreaker - strictly respectful dates only.,"{""gaps"": [], ""depth"": {""unit"": ""meters"", ""source"": ""fishbase"", ""optimal_max"": 32.5, ""optimal_min"": 14, ""typical_max"": 200, ""typical_min"": 50}, ""notes"": {""temperature"": ""Warm temperate ray. Southern European waters 12-20°C. Feeding rate drops in cold water; prefers warmer conditions than Thornback Ray.""}, ""climate"": null, ""habitat"": ""demersal"", ""salinity"": {""unit"": ""psu"", ""source"": ""fishbase+obis"", ""inferred"": true, ""optimal_max"": 35, ""optimal_min"": 32, ""tolerance_max"": 38, ""tolerance_min"": 30}, ""substrate"": [""mixed"", ""sand""], ""temperature"": {""mean"": 16, ""unit"": ""celsius"", ""source"": ""Marine Biology/Angler Data"", ""optimal_max"": 20, ""optimal_min"": 12, ""tolerance_max"": 20, ""tolerance_min"": 10}}",benthic,0.30,0.30,0.15,0.10,0.10,0.05,0,0,moderate,0.55,,moderate,0.1,,0.25,
f863e87c-0883-4c07-a896-790bb3b37d16,bll,Scophthalmus rhombus,Brill,,,,,,[],8,false,false,5,0,50,[],0.50,0.50,0.30,0.40,2025-10-11 14:28:45.557065+00,2025-10-11 14:28:45.557065+00,"{""boat"": {""regions"": ""North Sea, North Atlantic"", ""authority"": ""North Sea national agencies; UK IFCA/MMO; NL/DE authorities."", ""best_time"": ""Dawn/dusk drifts over sandbanks and edges."", ""baits_diet"": ""Whole sandeel, fish strips; ambush predator on clean ground."", ""restrictions"": ""Minimum sizes and protections vary—release undersized fish."", ""distance_depth"": ""Sandbanks and sloping edges 10–60 m—classic drift tactics."", ""weather_effect"": ""A slight chop is fine; heavy surf buries baits."", ""tide_sensitivity"": ""Moderate; moving water over drop-offs and sandbanks fishes best."", ""temperature_effect"": ""Best spring–autumn; slows in very cold water.""}, ""shore"": {""regions"": ""North Sea, North Atlantic"", ""authority"": ""North Sea national agencies; UK IFCA/MMO; NL/DE authorities."", ""best_time"": ""Dawn/dusk drifts over sandbanks and edges."", ""baits_diet"": ""Whole sandeel, fish strips; ambush predator on clean ground."", ""restrictions"": ""Minimum sizes and protections vary—release undersized fish."", ""distance_depth"": ""Clean sand and shell 5–40 m from beaches and boats."", ""weather_effect"": ""A slight chop is fine; heavy surf buries baits."", ""tide_sensitivity"": ""Moderate; moving water over drop-offs and sandbanks fishes best."", ""temperature_effect"": ""Best spring–autumn; slows in very cold water.""}}",,,"Catch me dawn/dusk drifts over sandbanks and edges. Big on group dates, especially with whole sandeel.","{""gaps"": [], ""depth"": {""unit"": ""meters"", ""source"": ""fishbase"", ""optimal_max"": 30, ""optimal_min"": 9.5, ""typical_max"": 50, ""typical_min"": 5}, ""notes"": {""temperature"": ""Temperate flatfish. Prefers 10-14°C. Similar to turbot but slightly warmer preference.""}, ""climate"": null, ""habitat"": ""demersal"", ""salinity"": {""unit"": ""psu"", ""source"": ""fishbase+obis"", ""inferred"": true, ""optimal_max"": 35, ""optimal_min"": 32, ""tolerance_max"": 38, ""tolerance_min"": 30}, ""substrate"": [""mixed""], ""temperature"": {""mean"": 12, ""unit"": ""celsius"", ""source"": ""Marine Biology"", ""optimal_max"": 14, ""optimal_min"": 10, ""tolerance_max"": 17, ""tolerance_min"": 6}}",benthic,0.30,0.30,0.15,0.10,0.10,0.05,0,0,moderate,0.55,,moderate,0.1,,0.25,
f9663a72-68d2-4978-ab35-1d1da19c154d,pol,Pollachius pollachius,Pollack,,,,,,[],8,false,false,4,0,50,[],0.50,0.50,0.30,0.40,2025-10-11 14:28:45.557065+00,2025-10-11 14:28:45.557065+00,"{""boat"": {""regions"": ""Atlantic, North Sea"", ""authority"": ""National fisheries agencies"", ""best_time"": ""Dawn/dusk; overcast days with lures"", ""baits_diet"": ""Artificial lures, fish strips; predatory"", ""restrictions"": ""MLS ~30cm+ locally; check rules"", ""distance_depth"": ""Wrecks and offshore reefs 20–100m"", ""weather_effect"": ""Clear settled seas; turbid storm water reduces success"", ""tide_sensitivity"": ""Moderate; works tide races around wrecks and reefs"", ""temperature_effect"": ""Active in mild water; slows in extreme cold/heat""}, ""shore"": {""regions"": ""Atlantic, North Sea"", ""authority"": ""National fisheries agencies"", ""best_time"": ""Dawn/dusk; overcast days with lures"", ""baits_diet"": ""Artificial lures (soft plastics, metals), sandeel, mackerel strip"", ""restrictions"": ""MLS ~30cm+ locally; check rules"", ""distance_depth"": ""Kelp beds, reefs 5–30m close to rocks"", ""weather_effect"": ""Clear settled seas with some tidal run; poor in turbid storm water"", ""tide_sensitivity"": ""Moderate; works tide races around reefs/wrecks"", ""temperature_effect"": ""Active in mild water; slows in extreme cold/heat""}}",,,Looking for someone who gets me dawn/dusk; overcast days with lures. Bonus points if you’ve got artificial lures (soft plastics.,"{""gaps"": [], ""depth"": {""unit"": ""meters"", ""source"": ""fishbase"", ""optimal_max"": 100, ""optimal_min"": 40, ""typical_max"": 200, ""typical_min"": 40}, ""notes"": {""temperature"": ""Temperate species. Prefers 10-13°C. Found in warmer waters than saithe.""}, ""climate"": null, ""habitat"": null, ""salinity"": {""unit"": ""psu"", ""source"": ""fishbase+obis"", ""inferred"": true, ""optimal_max"": 35, ""optimal_min"": 32, ""tolerance_max"": 38, ""tolerance_min"": 30}, ""substrate"": [""rock""], ""temperature"": {""mean"": 11.5, ""unit"": ""celsius"", ""source"": ""Marine Biology"", ""optimal_max"": 13, ""optimal_min"": 10, ""tolerance_max"": 16, ""tolerance_min"": 6}}",reef_kelp,0.30,0.30,0.15,0.10,0.10,0.05,0,0,moderate,0.55,,moderate,0.1,,0.25,
fa7ffbc6-334d-4f73-869c-cbb0179813e6,WRO,Centrolabrus exoletus,Rock Cook,Tordo cocinero,Crénilabre exocet,Grünlippfisch,Tordo cuoco,Bodião roqueiro,"[""crab_bait"",""prawn"",""LRF""]",7,false,true,2,1,20,"[""rocks"",""boulders"",""kelp""]",0.20,0.70,0.30,0.40,2025-10-11 14:51:43.800627+00,2025-10-11 14:51:43.800627+00,"{""boat"": {""regions"": ""Shallow reefs"", ""authority"": ""Regional conservation/fisheries"", ""best_time"": ""Daylight"", ""baits_diet"": ""Micro baits/micro-jigs"", ""restrictions"": ""Local protections possible"", ""distance_depth"": ""5-20 m"", ""weather_effect"": ""Settle/clear"", ""tide_sensitivity"": ""Low-moderate"", ""temperature_effect"": ""Warmer months""}, ""shore"": {""regions"": ""NE Atlantic coasts"", ""authority"": ""Regional conservation/fisheries"", ""best_time"": ""Sunny, clear days over boulders/kelp"", ""baits_diet"": ""Tiny crab/prawn; grazes on small inverts"", ""restrictions"": ""Handle gently; popular for species hunts"", ""distance_depth"": ""Rock pools to 6-10 m"", ""weather_effect"": ""Clear water helps"", ""tide_sensitivity"": ""Low-moderate"", ""temperature_effect"": ""Warm months best""}}",,,"Bright, nosy, and into snacks. Got prawn? Let's chat.","{""gaps"": [], ""depth"": {""unit"": ""meters"", ""source"": ""obis"", ""optimal_max"": 21, ""optimal_min"": 11, ""typical_max"": 26, ""typical_min"": 7}, ""notes"": {""temperature"": ""Cold-temperate wrasse. Similar thermal preferences to Corkwing Wrasse. Activity temperature-modulated with winter lethargy typical of wrasse family.""}, ""climate"": null, ""habitat"": null, ""salinity"": {""unit"": ""psu"", ""source"": ""fishbase+obis"", ""inferred"": true, ""optimal_max"": 35, ""optimal_min"": 32, ""tolerance_max"": 38, ""tolerance_min"": 30}, ""substrate"": [""rock"", ""weed""], ""temperature"": {""mean"": 12, ""unit"": ""celsius"", ""source"": ""Wrasse Family/Marine Biology"", ""optimal_max"": 15, ""optimal_min"": 9, ""tolerance_max"": 18, ""tolerance_min"": 6}}",reef_kelp,0.30,0.30,0.15,0.10,0.10,0.05,0,0,moderate,0.55,,moderate,0.1,,0.25,
fb41c21b-d0c6-4630-9a03-43bcbcddc5bc,her,Clupea harengus,Herring,,,,,,[],8,false,false,5,0,50,[],0.50,0.50,0.30,0.40,2025-10-11 14:28:45.557065+00,2025-10-11 14:28:45.557065+00,"{""boat"": {""regions"": ""North Sea, Baltic, Atlantic"", ""authority"": ""Baltic/North Sea national agencies."", ""best_time"": ""𐄳 (Bait fish) Dusk/night; winter–spring runs in many areas."", ""baits_diet"": ""Sabiki/small spoons; plankton/small fish."", ""restrictions"": ""Closed seasons/areas common—verify before fishing. Primarily a bait species; check local rules on gathering/using live/fresh bait."", ""distance_depth"": ""Mid‑water shoals 5–80 m; piers to offshore banks. (boat marks deeper/offshore)"", ""weather_effect"": ""Calm or slight chop best; heavy swell pushes deeper."", ""tide_sensitivity"": ""Low–moderate; currents concentrate schools."", ""temperature_effect"": ""Cool‑water; seasonal coastal runs.""}, ""shore"": {""regions"": ""North Sea, Baltic, Atlantic"", ""authority"": ""Baltic/North Sea national agencies."", ""best_time"": ""𐄳 (Bait fish) Dusk/night; winter–spring runs in many areas."", ""baits_diet"": ""Sabiki/small spoons; plankton/small fish."", ""restrictions"": ""Closed seasons/areas common—verify before fishing. Primarily a bait species; check local rules on gathering/using live/fresh bait."", ""distance_depth"": ""Mid‑water shoals 5–80 m; piers to offshore banks. (shore accessible range)"", ""weather_effect"": ""Calm or slight chop best; heavy swell pushes deeper."", ""tide_sensitivity"": ""Low–moderate; currents concentrate schools."", ""temperature_effect"": ""Cool‑water; seasonal coastal runs.""}}",,,"Catch me 𐄳 (bait fish) dusk/night; winter–spring runs in many areas. Big on group dates, especially with sabiki/small spoons; plankton/small","{""gaps"": [""substrate""], ""depth"": {""unit"": ""meters"", ""source"": ""species_table"", ""optimal_max"": 200, ""optimal_min"": 24.5, ""typical_max"": 50, ""typical_min"": 0}, ""climate"": null, ""habitat"": ""benthopelagic"", ""salinity"": {""unit"": ""psu"", ""source"": ""fishbase+obis"", ""inferred"": true, ""optimal_max"": 35, ""optimal_min"": 20, ""tolerance_max"": 38, ""tolerance_min"": 5}, ""substrate"": [], ""temperature"": {""mean"": null, ""unit"": ""celsius"", ""source"": ""fishbase_web_scrape"", ""optimal_max"": null, ""optimal_min"": null, ""tolerance_max"": 18, ""tolerance_min"": 1}}",pelagic,0.30,0.30,0.15,0.10,0.10,0.05,0,0,moderate,0.55,,moderate,0.1,,0.25,
fecf4bb2-f522-4484-b349-6af516ecf70d,dex,Dentex dentex,Dentex,,,,,,[],8,false,false,5,0,50,[],0.50,0.50,0.30,0.40,2025-10-11 14:28:45.557065+00,2025-10-11 14:28:45.557065+00,"{""boat"": {""regions"": ""Mediterranean"", ""authority"": ""Regional Med fisheries agencies"", ""best_time"": ""Daytime"", ""baits_diet"": ""Live fish, squid; predatory"", ""restrictions"": ""Strict MLS ~30–35cm; local protections"", ""distance_depth"": ""Deep rocky reefs 20–100m"", ""weather_effect"": ""Best in clear calm seas"", ""tide_sensitivity"": ""Moderate tidal effect"", ""temperature_effect"": ""Active in warm Med summers""}}",,,I’m most active daytime. Bring live fish and let’s make it a date.,"{""gaps"": [], ""depth"": {""unit"": ""meters"", ""source"": ""species_table"", ""optimal_max"": 50, ""optimal_min"": 15, ""typical_max"": 50, ""typical_min"": 0}, ""notes"": {""temperature"": ""Warm water species. Mediterranean 17-21°C. Rare in northern waters.""}, ""climate"": null, ""habitat"": null, ""salinity"": {""unit"": ""psu"", ""source"": ""fishbase+obis"", ""inferred"": true, ""optimal_max"": 35, ""optimal_min"": 32, ""tolerance_max"": 38, ""tolerance_min"": 30}, ""substrate"": [""rock"", ""sand"", ""weed""], ""temperature"": {""mean"": 19, ""unit"": ""celsius"", ""source"": ""Mediterranean/Marine Biology"", ""optimal_max"": 21, ""optimal_min"": 17, ""tolerance_max"": 24, ""tolerance_min"": 14}}",benthic,0.30,0.30,0.15,0.10,0.10,0.05,0,0,moderate,0.55,,moderate,0.1,,0.25,